{
  "timestamp": 1584230400000,
  "multiplier": 0.001,
  "open": 7718.69,
  "high": 7722.76,
  "low": 7655.58,
  "close": 7722.71,
  "shift": 60000,
  "times": [
    1321,
    1,
    1,
    1,
    1,
    1,
    1,
    1,
    1,
    1,
    1,
    1,
    1,
    1,
    1,
    1,
    1,
    3,
    1
  ],
  "opens": [
    0,
    32170,
    -29090,
    -51530,
    -17490,
    -12460,
    4970,
    -41140,
    33110,
    -15170,
    -28010,
    2650,
    11290,
    -17190,
    -15000,
    -2370,
    -12340,
    -2480,
    470
  ],
  "highs": [
    0,
    64780,
    -54940,
    -57820,
    21940,
    -33920,
    -8380,
    -17340,
    150,
    -7240,
    -30900,
    18930,
    3080,
    -24250,
    -17100,
    -6320,
    -11070,
    -3080,
    490
  ],
  "lows": [
    0,
    72430,
    -64160,
    -50980,
    11020,
    4060,
    -28420,
    4590,
    10490,
    -20560,
    -8540,
    -3980,
    2680,
    -12120,
    -1240,
    -11970,
    880,
    -2240,
    1420
  ],
  "closes": [
    0,
    5300,
    -53430,
    -21830,
    -12460,
    980,
    -36040,
    31850,
    -11540,
    -31490,
    2650,
    10660,
    -16560,
    -15680,
    -2830,
    -11200,
    -1330,
    -680,
    390
  ],
  "volumes": [
    0.05375,
    0.07125,
    0.46875,
    0.2565,
    0.46125,
    0.2865,
    0.441,
    0.35025,
    0.3465,
    0.42375,
    0.378,
    0.432,
    0.411,
    0.255,
    0.22125,
    0.20025,
    0.057,
    0.0195,
    0.01275
  ]
}