{
  "timestamp": 1584835200000,
  "multiplier": 0.001,
  "open": 6712.41,
  "high": 6712.41,
  "low": 6712.41,
  "close": 6712.41,
  "shift": 60000,
  "times": [
    1320,
    1,
    1,
    1,
    1,
    1,
    3,
    97,
    1,
    1,
    1,
    1,
    1,
    1,
    1,
    1,
    1,
    1,
    1,
    1,
    1,
    1
  ],
  "opens": [
    0,
    -4430,
    21490,
    -76160,
    -9040,
    -2950,
    180,
    55560,
    5570,
    -2080,
    -3030,
    -9730,
    6000,
    6490,
    -3880,
    6650,
    22510,
    -8100,
    16250,
    -27730,
    -5220,
    2680
  ],
  "highs": [
    0,
    20530,
    -1270,
    -61480,
    -25920,
    -2950,
    180,
    74040,
    -7340,
    110,
    -8670,
    -3380,
    22660,
    -15350,
    13450,
    8090,
    21390,
    -11380,
    6200,
    -33790,
    4460,
    6730
  ],
  "lows": [
    0,
    -12230,
    -49600,
    -9360,
    30,
    70,
    180,
    48610,
    3950,
    140,
    -9380,
    2960,
    3350,
    2950,
    340,
    8630,
    13180,
    -3440,
    -15800,
    30,
    690,
    1740
  ],
  "closes": [
    0,
    15560,
    -74530,
    -9290,
    -2430,
    -400,
    180,
    64110,
    -6450,
    -970,
    -10300,
    5370,
    6260,
    -3920,
    8050,
    20650,
    -6840,
    16490,
    -28210,
    -4810,
    1110,
    -2590
  ],
  "volumes": [
    0.001,
    0.75575,
    0.736,
    0.60475,
    0.06075,
    0.002,
    0.001,
    0.512,
    0.3295,
    0.272,
    0.372,
    0.361,
    0.386,
    0.3615,
    0.36725,
    0.45275,
    0.498,
    0.42075,
    0.49225,
    0.27975,
    0.441,
    0.365
  ]
}