{
  "timestamp": 1639267200000,
  "multiplier": 0.001,
  "open": 16358.126,
  "high": 16359.116,
  "low": 16354.066,
  "close": 16356.076,
  "shift": 60000,
  "times": [
    1425,
    1,
    1,
    1,
    1,
    1,
    1,
    1,
    1,
    1,
    1,
    1,
    1,
    1,
    1
  ],
  "opens": [
    0,
    -2120,
    -2700,
    -1600,
    -1460,
    -500,
    4860,
    2610,
    1780,
    380,
    1300,
    2900,
    -3870,
    2700,
    -1250
  ],
  "highs": [
    0,
    -2750,
    -2150,
    -1840,
    -810,
    2910,
    5030,
    680,
    2500,
    -1120,
    4210,
    -1030,
    -2090,
    -250,
    70
  ],
  "lows": [
    0,
    -1770,
    -800,
    -2300,
    -630,
    590,
    5450,
    340,
    3540,
    890,
    1030,
    -900,
    -660,
    1360,
    -90
  ],
  "closes": [
    0,
    -3470,
    -1110,
    -810,
    -860,
    4650,
    3230,
    1730,
    -240,
    1170,
    3480,
    -4300,
    3030,
    -1160,
    -710
  ],
  "volumes": [
    0.004347,
    0.004761,
    0.003933,
    0.002622,
    0.003726,
    0.002898,
    0.005451,
    0.00552,
    0.005451,
    0.003657,
    0.005106,
    0.004761,
    0.003657,
    0.003105,
    0.003519
  ]
}