{
  "timestamp": 1551571200000,
  "multiplier": 0.001,
  "open": 2812.57,
  "high": 2813.07,
  "low": 2812.269,
  "close": 2812.77,
  "shift": 60000,
  "times": [
    1380,
    1,
    1,
    1,
    1,
    1,
    1,
    1,
    1,
    1,
    1,
    1,
    1,
    1,
    1,
    1,
    1,
    1,
    1,
    1,
    1,
    2,
    1,
    1,
    1,
    2,
    2,
    2,
    3,
    2,
    4,
    2,
    1,
    1,
    1,
    1,
    1,
    3,
    1,
    1,
    3,
    1,
    1,
    1
  ],
  "opens": [
    0,
    200,
    -701,
    0,
    1600,
    2300,
    101,
    1199,
    1301,
    -800,
    200,
    100,
    -501,
    200,
    1,
    -200,
    200,
    299,
    -499,
    -301,
    -499,
    500,
    0,
    300,
    -501,
    -299,
    -1,
    1,
    -201,
    1,
    -1,
    201,
    200,
    -701,
    -199,
    700,
    0,
    -201,
    201,
    0,
    -1,
    0,
    1,
    300
  ],
  "highs": [
    0,
    -1,
    -799,
    800,
    4400,
    -204,
    -196,
    1996,
    -496,
    -500,
    0,
    200,
    -500,
    0,
    0,
    0,
    0,
    300,
    -500,
    -301,
    -199,
    200,
    500,
    -200,
    -500,
    -300,
    -1,
    1,
    -200,
    0,
    -1,
    201,
    200,
    -701,
    301,
    200,
    0,
    -200,
    200,
    0,
    0,
    -1,
    1,
    300
  ],
  "lows": [
    0,
    -1199,
    500,
    499,
    1600,
    2100,
    301,
    1199,
    501,
    -201,
    -99,
    -200,
    0,
    299,
    1,
    0,
    0,
    0,
    -501,
    1,
    -301,
    301,
    200,
    -200,
    -300,
    -201,
    0,
    -299,
    299,
    -299,
    299,
    201,
    -501,
    0,
    -199,
    700,
    -500,
    299,
    0,
    1,
    0,
    0,
    200,
    -200
  ],
  "closes": [
    0,
    -701,
    -300,
    1301,
    2500,
    699,
    801,
    1200,
    -500,
    -1,
    0,
    -499,
    500,
    0,
    -200,
    200,
    0,
    -200,
    -501,
    1,
    -301,
    301,
    500,
    -500,
    0,
    -501,
    0,
    -299,
    300,
    -300,
    299,
    201,
    -501,
    0,
    301,
    200,
    -500,
    300,
    -1,
    1,
    0,
    0,
    200,
    -200
  ],
  "volumes": [
    0.14358,
    0.113545,
    0.01974,
    0.050305,
    0.082059,
    0.036716,
    0.020106,
    0.033599,
    0.037482,
    0.063194,
    0.07204,
    0.02168,
    0.008272,
    0.012358,
    9.2e-05,
    9.2e-05,
    0.004136,
    0.013178,
    0.011846,
    0.003902,
    0.024934,
    0.003262,
    0.000792,
    0.003262,
    0.022276,
    0.007806,
    0.007806,
    0.011952,
    0.000186,
    0.003856,
    0.006,
    0.00375,
    0.02475,
    0.003,
    0.01772,
    0.00272,
    0.00591,
    0.00272,
    0.01707,
    0.01557,
    0.0091,
    0.00844,
    0.00272,
    0.02166
  ]
}