{
  "timestamp": 1576972800000,
  "multiplier": 0.001,
  "open": 3221.97,
  "high": 3222.97,
  "low": 3221.469,
  "close": 3222.97,
  "shift": 60000,
  "times": [
    1380,
    1,
    1,
    1,
    2,
    1,
    1,
    1,
    2,
    1,
    1,
    1,
    1,
    1,
    1,
    1,
    1,
    1,
    1,
    1,
    2,
    1,
    1,
    1,
    1,
    3,
    1,
    1,
    1,
    1,
    1,
    1,
    1,
    1,
    2,
    2,
    1,
    1,
    1,
    1,
    1,
    1,
    1,
    1,
    1,
    1,
    1,
    4,
    2
  ],
  "opens": [
    0,
    1099,
    1,
    599,
    1,
    0,
    -1,
    -500,
    300,
    -500,
    400,
    0,
    -199,
    -201,
    200,
    401,
    99,
    -200,
    1,
    399,
    201,
    -100,
    499,
    201,
    -200,
    -1,
    -300,
    0,
    300,
    1,
    199,
    -199,
    499,
    500,
    -499,
    99,
    -400,
    301,
    -101,
    -199,
    -1,
    301,
    200,
    300,
    -500,
    100,
    -100,
    -301,
    301
  ],
  "highs": [
    0,
    500,
    700,
    -200,
    -300,
    0,
    -1,
    -199,
    -1,
    -300,
    300,
    0,
    0,
    -299,
    499,
    0,
    0,
    0,
    0,
    301,
    199,
    0,
    300,
    201,
    -1,
    -200,
    1,
    200,
    -201,
    1,
    199,
    501,
    300,
    0,
    -300,
    -1,
    -199,
    0,
    0,
    0,
    -301,
    301,
    200,
    300,
    -500,
    200,
    -200,
    -301,
    301
  ],
  "lows": [
    0,
    1500,
    1,
    699,
    -200,
    0,
    0,
    -300,
    0,
    -200,
    200,
    1,
    -1,
    -200,
    0,
    501,
    199,
    -200,
    1,
    200,
    299,
    1,
    499,
    1,
    0,
    -1,
    -300,
    0,
    1,
    300,
    0,
    0,
    499,
    200,
    -200,
    0,
    -500,
    201,
    199,
    -400,
    200,
    301,
    200,
    0,
    -200,
    -1,
    1,
    -301,
    0
  ],
  "closes": [
    0,
    0,
    1000,
    0,
    -501,
    0,
    0,
    -299,
    -1,
    0,
    0,
    300,
    -300,
    -199,
    500,
    0,
    199,
    0,
    0,
    301,
    100,
    99,
    300,
    201,
    -1,
    -200,
    -300,
    501,
    -500,
    300,
    100,
    599,
    0,
    1,
    -201,
    0,
    -299,
    0,
    300,
    -501,
    200,
    301,
    200,
    0,
    -200,
    200,
    -200,
    -301,
    1
  ],
  "volumes": [
    0.14164,
    0.14549,
    0.11254,
    0.02455,
    0.01998,
    0.07382,
    0.01194,
    0.01742,
    0.01194,
    0.01194,
    0.01742,
    0.02376,
    0.02967,
    0.02711,
    0.03838,
    0.01675,
    0.00323,
    0.01194,
    0.01096,
    0.02003,
    0.03192,
    0.01486,
    0.00323,
    0.01223,
    0.00902,
    0.00615,
    0.05872,
    0.00835,
    0.01225,
    0.00548,
    0.02223,
    0.038,
    0.0609,
    0.04903,
    0.02972,
    0.01517,
    0.03417,
    0.00871,
    0.00998,
    0.03812,
    0.00548,
    0.00481,
    0.00323,
    0.00998,
    0.00579,
    0.05767,
    0.00646,
    0.00615,
    0.05877
  ]
}