{
  "timestamp": 1573344000000,
  "multiplier": 0.001,
  "open": 3091.269,
  "high": 3092.069,
  "low": 3090.569,
  "close": 3091.769,
  "shift": 60000,
  "times": [
    1380,
    1,
    1,
    1,
    1,
    1,
    1,
    1,
    3,
    1,
    1,
    1,
    3,
    1,
    1,
    1,
    1,
    1,
    1,
    1,
    1,
    1,
    7,
    3,
    1,
    1,
    1,
    1,
    1,
    1,
    1,
    1,
    1,
    1,
    1,
    1,
    2,
    1,
    1,
    2,
    1,
    1,
    2,
    1,
    1
  ],
  "opens": [
    0,
    500,
    0,
    -1199,
    -300,
    0,
    -1,
    1,
    500,
    -201,
    0,
    1,
    0,
    -500,
    -300,
    -100,
    400,
    -300,
    299,
    1,
    -301,
    300,
    0,
    201,
    300,
    -301,
    0,
    -499,
    -1,
    300,
    -300,
    301,
    -501,
    400,
    101,
    0,
    100,
    -100,
    -1,
    -299,
    -1,
    -500,
    301,
    0,
    -301
  ],
  "highs": [
    0,
    201,
    -501,
    -1199,
    -1,
    0,
    -299,
    500,
    0,
    -1,
    1,
    0,
    -200,
    -500,
    -300,
    -1,
    301,
    -1,
    1,
    0,
    0,
    -1,
    0,
    201,
    300,
    -301,
    0,
    -499,
    -1,
    300,
    1,
    0,
    -301,
    301,
    0,
    0,
    100,
    0,
    -101,
    1,
    -301,
    -199,
    0,
    0,
    -300
  ],
  "lows": [
    0,
    500,
    -500,
    -799,
    299,
    -300,
    0,
    501,
    0,
    299,
    -299,
    299,
    -799,
    -200,
    -1,
    0,
    201,
    0,
    0,
    -1,
    0,
    300,
    -300,
    500,
    301,
    -301,
    -500,
    -200,
    200,
    0,
    0,
    -200,
    0,
    400,
    0,
    -199,
    300,
    0,
    -300,
    -1,
    -500,
    0,
    0,
    0,
    -200
  ],
  "closes": [
    0,
    -199,
    -1000,
    -300,
    0,
    -1,
    1,
    500,
    -201,
    0,
    200,
    -200,
    -499,
    -300,
    -100,
    99,
    1,
    299,
    1,
    -301,
    301,
    -1,
    0,
    200,
    301,
    -301,
    -499,
    0,
    -1,
    0,
    301,
    -501,
    200,
    301,
    0,
    -1,
    1,
    0,
    -1,
    -300,
    -200,
    1,
    0,
    -301,
    -200
  ],
  "volumes": [
    0.08474,
    0.08476,
    0.0528,
    0.08646,
    0.06286,
    0.06447,
    0.04131,
    0.01169,
    0.04098,
    0.01019,
    0.05172,
    0.03229,
    0.02737,
    0.0337,
    0.05697,
    0.02199,
    0.00483,
    0.00622,
    0.01438,
    0.00397,
    0.01566,
    0.003,
    0.01008,
    0.00536,
    0.00086,
    0.00311,
    0.03445,
    0.02296,
    0.003,
    0.00708,
    0.00622,
    0.00794,
    0.0133,
    0.00933,
    0.00483,
    0.01008,
    0.01416,
    0.00944,
    0.00472,
    0.0502,
    0.01438,
    0.0133,
    0.01008,
    0.00816,
    0.05772
  ]
}