{
  "timestamp": 1575158400000,
  "multiplier": 0.001,
  "open": 3146.97,
  "high": 3147.47,
  "low": 3146.27,
  "close": 3146.27,
  "shift": 60000,
  "times": [
    1380,
    1,
    1,
    1,
    1,
    1,
    1,
    1,
    1,
    1,
    1,
    1,
    1,
    1,
    1,
    1,
    3,
    1,
    1,
    1,
    1,
    2,
    1,
    1,
    1,
    2,
    1,
    1,
    1,
    1,
    1,
    2,
    3,
    1,
    1,
    1,
    1,
    1,
    1,
    1,
    1,
    1,
    1,
    1,
    1,
    4,
    1,
    1,
    2
  ],
  "opens": [
    0,
    -700,
    499,
    501,
    99,
    201,
    199,
    -299,
    -1,
    -500,
    -200,
    1,
    -300,
    500,
    0,
    299,
    -300,
    -1000,
    -499,
    -700,
    -300,
    300,
    500,
    -301,
    1,
    0,
    300,
    0,
    199,
    -699,
    500,
    200,
    -1,
    0,
    1,
    -201,
    200,
    -499,
    299,
    -299,
    400,
    600,
    799,
    301,
    199,
    201,
    0,
    300,
    -1
  ],
  "highs": [
    0,
    -600,
    100,
    500,
    0,
    100,
    200,
    -300,
    0,
    -501,
    1,
    -200,
    200,
    0,
    300,
    0,
    -300,
    -1001,
    -499,
    -700,
    -300,
    800,
    0,
    -300,
    300,
    -300,
    300,
    300,
    -100,
    -500,
    300,
    200,
    -1,
    1,
    0,
    0,
    0,
    -500,
    800,
    -300,
    300,
    700,
    500,
    299,
    201,
    0,
    0,
    300,
    -1
  ],
  "lows": [
    0,
    -300,
    296,
    704,
    300,
    100,
    100,
    -200,
    -300,
    -500,
    0,
    0,
    0,
    300,
    0,
    0,
    -1001,
    -300,
    -999,
    -200,
    -1,
    501,
    199,
    -199,
    -300,
    0,
    500,
    -1,
    0,
    -199,
    500,
    200,
    -200,
    -300,
    -1,
    300,
    -299,
    -200,
    499,
    -299,
    400,
    600,
    799,
    201,
    0,
    299,
    1,
    200,
    -200
  ],
  "closes": [
    0,
    200,
    500,
    299,
    201,
    0,
    0,
    -200,
    -300,
    -200,
    0,
    0,
    200,
    0,
    299,
    -300,
    -1000,
    -499,
    -700,
    -300,
    0,
    800,
    -301,
    1,
    0,
    0,
    300,
    -1,
    -300,
    1,
    300,
    200,
    -1,
    -199,
    -300,
    500,
    -500,
    0,
    300,
    0,
    500,
    700,
    500,
    299,
    201,
    -201,
    201,
    300,
    -300
  ],
  "volumes": [
    0.116252,
    0.08866,
    0.029558,
    0.04086,
    0.035236,
    0.014742,
    0.003934,
    0.00162,
    0.03372,
    0.011498,
    0.030672,
    0.005374,
    0.02505,
    0.005438,
    0.032368,
    0.031594,
    0.071832,
    0.013992,
    0.07915,
    0.025808,
    0.013426,
    0.017562,
    0.00387,
    0.006064,
    0.041484,
    0.01506,
    0.038052,
    0.02217,
    0.026866,
    0.009934,
    0.0045,
    0.00225,
    0.00912,
    0.012312,
    0.024364,
    0.030308,
    0.040414,
    0.021436,
    0.082332,
    0.031928,
    0.01743,
    0.01587,
    0.016936,
    0.01224,
    0.00843,
    0.01899,
    0.007624,
    0.008554,
    0.028422
  ]
}