{
  "timestamp": 1577232000000,
  "multiplier": 0.001,
  "open": 3224.369,
  "high": 3224.57,
  "low": 3224.369,
  "close": 3224.37,
  "shift": 60000,
  "times": [
    1382,
    1,
    1,
    1,
    1,
    1,
    1,
    1,
    1,
    1,
    1,
    1,
    1,
    2,
    1,
    1,
    1,
    1,
    1,
    3,
    1,
    1,
    1,
    1,
    1,
    1,
    1,
    1,
    1,
    2,
    1,
    2,
    1,
    1,
    1,
    1,
    1,
    2,
    1,
    4,
    1,
    5,
    3
  ],
  "opens": [
    0,
    201,
    -200,
    199,
    -500,
    301,
    -301,
    401,
    -1,
    -99,
    0,
    499,
    0,
    200,
    0,
    -500,
    301,
    -301,
    1,
    299,
    -300,
    300,
    1,
    200,
    -200,
    -1,
    0,
    0,
    -100,
    101,
    -301,
    201,
    300,
    -200,
    0,
    199,
    -500,
    300,
    200,
    -499,
    0,
    -201,
    200
  ],
  "highs": [
    0,
    0,
    0,
    0,
    -500,
    300,
    199,
    1,
    0,
    0,
    0,
    299,
    0,
    200,
    0,
    -300,
    101,
    200,
    -500,
    300,
    0,
    -1,
    1,
    200,
    -1,
    1,
    -1,
    -200,
    -100,
    101,
    0,
    0,
    200,
    0,
    0,
    -1,
    -200,
    0,
    200,
    -499,
    0,
    -201,
    200
  ],
  "lows": [
    0,
    1,
    -1,
    0,
    -499,
    500,
    -301,
    301,
    -1,
    0,
    1,
    199,
    300,
    0,
    -100,
    -200,
    0,
    0,
    1,
    -1,
    0,
    1,
    300,
    200,
    -200,
    -1,
    -300,
    0,
    1,
    -1,
    0,
    1,
    299,
    1,
    -1,
    -300,
    0,
    300,
    0,
    -299,
    -200,
    -1,
    0
  ],
  "closes": [
    0,
    200,
    -201,
    1,
    -300,
    300,
    199,
    1,
    -1,
    -100,
    101,
    200,
    99,
    0,
    1,
    -300,
    -1,
    301,
    -300,
    300,
    -301,
    1,
    300,
    200,
    -1,
    1,
    -501,
    0,
    1,
    300,
    0,
    0,
    200,
    0,
    -201,
    1,
    -301,
    300,
    0,
    -299,
    -200,
    -1,
    0
  ],
  "volumes": [
    0.06553,
    0.03378,
    0.03517,
    0.03122,
    0.03723,
    0.00517,
    0.04379,
    0.02485,
    0.07087,
    0.02655,
    0.04218,
    0.01999,
    0.00431,
    0.01518,
    0.03036,
    0.0238,
    0.01343,
    0.01604,
    0.00687,
    0.03328,
    0.03036,
    0.00943,
    0.00517,
    0.00517,
    0.01312,
    0.04223,
    0.03242,
    0.03036,
    0.01379,
    0.03998,
    0.01312,
    0.03306,
    0.01999,
    0.03591,
    0.03692,
    0.02722,
    0.01949,
    0.00431,
    0.01518,
    0.00681,
    0.0045,
    0.00089,
    0.01518
  ]
}