{
  "timestamp": 1546300800000,
  "multiplier": 0.001,
  "open": 2506.769,
  "high": 2508.07,
  "low": 2505.57,
  "close": 2508.07,
  "shift": 60000,
  "times": [
    1380,
    1,
    1,
    1,
    1,
    1,
    1,
    1,
    1,
    1,
    1,
    1,
    1,
    1,
    1,
    1,
    1,
    1,
    1,
    1,
    1,
    1,
    1,
    1,
    1,
    1,
    1,
    2,
    1,
    1,
    1,
    1,
    1,
    1,
    1,
    1,
    5,
    1,
    1,
    2,
    1,
    1,
    1,
    1,
    1,
    1,
    1,
    5,
    1,
    1
  ],
  "opens": [
    0,
    1301,
    3199,
    4001,
    -1000,
    0,
    -501,
    -699,
    499,
    1501,
    -800,
    -501,
    1,
    -501,
    2001,
    999,
    -199,
    -301,
    500,
    -700,
    201,
    1500,
    -201,
    601,
    -100,
    1000,
    500,
    -800,
    0,
    0,
    1000,
    299,
    -499,
    100,
    -500,
    -100,
    -300,
    300,
    -100,
    -400,
    200,
    -1,
    801,
    -500,
    0,
    -300,
    -201,
    0,
    -500,
    -1000
  ],
  "highs": [
    0,
    3500,
    4700,
    -500,
    -700,
    -800,
    -501,
    1,
    1300,
    700,
    -1200,
    -500,
    -300,
    1500,
    1499,
    -499,
    -200,
    199,
    0,
    -499,
    1999,
    -499,
    800,
    -300,
    800,
    700,
    -200,
    -500,
    200,
    500,
    799,
    -499,
    -1,
    -299,
    -600,
    -100,
    0,
    0,
    -100,
    -200,
    0,
    1000,
    0,
    -700,
    0,
    -300,
    -201,
    0,
    -500,
    -499
  ],
  "lows": [
    0,
    2200,
    3000,
    3500,
    -1,
    -500,
    -1199,
    500,
    499,
    501,
    -500,
    -1,
    -300,
    -200,
    2201,
    300,
    -300,
    499,
    -200,
    0,
    201,
    800,
    499,
    200,
    301,
    699,
    0,
    1,
    -1,
    1,
    1000,
    -301,
    101,
    -300,
    -501,
    1,
    0,
    -1,
    -199,
    0,
    0,
    199,
    301,
    -300,
    -1,
    -199,
    -1,
    -799,
    -701,
    -499
  ],
  "closes": [
    0,
    3199,
    4001,
    -1000,
    0,
    -200,
    -1000,
    499,
    1501,
    -800,
    -501,
    -199,
    -301,
    2001,
    1000,
    -200,
    -300,
    499,
    -700,
    201,
    1500,
    -201,
    601,
    -100,
    1000,
    500,
    -800,
    0,
    0,
    1000,
    294,
    -494,
    100,
    -400,
    -200,
    -300,
    300,
    -100,
    -400,
    200,
    0,
    800,
    -500,
    0,
    -300,
    -200,
    -1,
    -499,
    -1001,
    -299
  ],
  "volumes": [
    0.128323,
    0.110797,
    0.183298,
    0.107315,
    0.04197,
    0.009105,
    0.021135,
    0.01512,
    0.010595,
    0.092755,
    0.02551,
    0.03481,
    0.01811,
    0.03772,
    0.037825,
    0.047045,
    0.01373,
    0.00513,
    0.01938,
    0.002185,
    0.041625,
    0.040735,
    0.01566,
    0.02143,
    0.035095,
    0.02994,
    0.021005,
    0.00261,
    0.02568,
    0.060865,
    0.031715,
    0.01364,
    0.0315,
    0.01402,
    0.013825,
    0.010465,
    0.002185,
    0.02538,
    0.013625,
    0.01096,
    0.016765,
    0.00605,
    0.022665,
    0.01837,
    0.01345,
    0.00017,
    0.00217,
    0.003895,
    0.020895,
    0.039025
  ]
}