{
  "timestamp": 1573948800000,
  "multiplier": 0.001,
  "open": 3118.569,
  "high": 3118.77,
  "low": 3116.47,
  "close": 3116.77,
  "shift": 60000,
  "times": [
    1380,
    1,
    1,
    1,
    1,
    1,
    1,
    1,
    1,
    1,
    1,
    1,
    1,
    1,
    1,
    3,
    2,
    1,
    3,
    1,
    1,
    1,
    1,
    1,
    2,
    1,
    1,
    1,
    1,
    1,
    1,
    1,
    1,
    2,
    1,
    1,
    1,
    1,
    1,
    1,
    1,
    1,
    2,
    1,
    2,
    1,
    1,
    1,
    1,
    1,
    1
  ],
  "opens": [
    0,
    -1600,
    -199,
    0,
    -700,
    0,
    400,
    99,
    -299,
    100,
    399,
    -299,
    300,
    0,
    -1,
    -299,
    100,
    399,
    301,
    -1,
    -499,
    0,
    -1,
    -300,
    1,
    -500,
    -200,
    499,
    -499,
    0,
    0,
    -1,
    200,
    -199,
    -301,
    1,
    -200,
    -300,
    0,
    -200,
    -1,
    -299,
    0,
    100,
    200,
    199,
    0,
    -99,
    99,
    0,
    0
  ],
  "highs": [
    0,
    -1800,
    -200,
    0,
    -700,
    400,
    300,
    -200,
    -300,
    200,
    300,
    0,
    200,
    -200,
    -1,
    -199,
    200,
    200,
    300,
    -1,
    -499,
    0,
    -1,
    -300,
    1,
    -201,
    -300,
    301,
    -300,
    -200,
    0,
    0,
    199,
    -199,
    -300,
    0,
    -200,
    -300,
    0,
    -200,
    0,
    -300,
    0,
    300,
    0,
    200,
    0,
    0,
    -1,
    1,
    0
  ],
  "lows": [
    0,
    -200,
    200,
    -500,
    -200,
    199,
    301,
    200,
    -200,
    100,
    100,
    -200,
    300,
    200,
    -301,
    -199,
    200,
    300,
    500,
    -300,
    -200,
    -300,
    0,
    -200,
    0,
    -501,
    1,
    200,
    -200,
    0,
    -300,
    299,
    -299,
    -200,
    -1,
    1,
    -300,
    -200,
    -300,
    0,
    -1,
    -200,
    1,
    200,
    0,
    300,
    0,
    -1,
    1,
    199,
    -99
  ],
  "closes": [
    0,
    0,
    0,
    -500,
    -300,
    500,
    0,
    0,
    -200,
    200,
    0,
    100,
    400,
    -200,
    -300,
    0,
    300,
    200,
    300,
    -300,
    -200,
    0,
    -300,
    -200,
    0,
    -301,
    0,
    1,
    0,
    -200,
    -300,
    300,
    0,
    -500,
    -1,
    1,
    -300,
    0,
    -200,
    -300,
    0,
    -200,
    200,
    0,
    299,
    1,
    0,
    200,
    -200,
    200,
    0
  ],
  "volumes": [
    0.146948,
    0.076146,
    0.036792,
    0.041094,
    0.041978,
    0.029742,
    0.038352,
    0.00612,
    0.00306,
    0.004624,
    0.02442,
    0.02262,
    0.019186,
    0.00225,
    0.0123,
    0.014674,
    0.02124,
    0.022996,
    0.0045,
    0.00381,
    0.00231,
    0.024488,
    0.003,
    0.00312,
    0.00381,
    0.013118,
    0.01518,
    0.006,
    0.00456,
    0.00306,
    0.003,
    0.002314,
    0.021994,
    0.012994,
    0.01518,
    0.022054,
    0.01062,
    0.00912,
    0.01524,
    0.00381,
    0.040726,
    0.02418,
    0.01368,
    0.017682,
    0.042304,
    0.00918,
    0.02592,
    0.023678,
    0.00306,
    0.002314,
    0.0105
  ]
}