{
  "timestamp": 1574553600000,
  "multiplier": 0.001,
  "open": 3120.27,
  "high": 3120.97,
  "low": 3117.77,
  "close": 3117.77,
  "shift": 60000,
  "times": [
    1380,
    1,
    1,
    1,
    1,
    1,
    1,
    1,
    1,
    1,
    1,
    1,
    1,
    1,
    1,
    1,
    1,
    1,
    1,
    1,
    3,
    1,
    1,
    2,
    1,
    3,
    1,
    1,
    1,
    2,
    1,
    1,
    1,
    2,
    2,
    1,
    1,
    1,
    1,
    2,
    2,
    1,
    1,
    1,
    1,
    1,
    1,
    1,
    2
  ],
  "opens": [
    0,
    -2301,
    -200,
    1000,
    -500,
    -499,
    500,
    500,
    -401,
    -100,
    -400,
    -99,
    -300,
    -1,
    101,
    200,
    499,
    1,
    0,
    -1,
    0,
    0,
    -200,
    200,
    0,
    0,
    200,
    301,
    500,
    -501,
    -299,
    -201,
    -300,
    501,
    -201,
    1,
    -200,
    399,
    497,
    4,
    299,
    1,
    -1,
    201,
    0,
    -1,
    1,
    0,
    0
  ],
  "highs": [
    0,
    -3000,
    500,
    300,
    -400,
    100,
    300,
    0,
    -401,
    -99,
    -300,
    -200,
    -300,
    0,
    300,
    200,
    300,
    0,
    0,
    -1,
    1,
    0,
    -201,
    200,
    1,
    200,
    0,
    800,
    0,
    -500,
    -300,
    -201,
    1,
    200,
    -200,
    0,
    0,
    200,
    500,
    0,
    300,
    0,
    199,
    1,
    0,
    0,
    0,
    0,
    300
  ],
  "lows": [
    0,
    -800,
    500,
    300,
    199,
    -199,
    200,
    300,
    -300,
    -201,
    -700,
    401,
    -200,
    199,
    1,
    100,
    399,
    301,
    -300,
    299,
    -299,
    100,
    -100,
    299,
    -300,
    300,
    1,
    500,
    0,
    -300,
    -500,
    0,
    -1,
    501,
    -500,
    0,
    100,
    199,
    501,
    200,
    -1,
    1,
    299,
    1,
    0,
    0,
    200,
    -200,
    200
  ],
  "closes": [
    0,
    -301,
    1001,
    -500,
    -1,
    301,
    500,
    -500,
    -300,
    -201,
    -299,
    0,
    -200,
    200,
    300,
    200,
    0,
    300,
    0,
    -1,
    1,
    -1,
    -299,
    299,
    -300,
    500,
    1,
    800,
    -500,
    -300,
    -500,
    0,
    300,
    200,
    -200,
    -300,
    300,
    200,
    300,
    200,
    -1,
    1,
    300,
    0,
    0,
    0,
    200,
    -200,
    200
  ],
  "volumes": [
    0.231422,
    0.061156,
    0.05129,
    0.032982,
    0.01287,
    0.048278,
    0.027548,
    0.052538,
    0.032922,
    0.026802,
    0.057158,
    0.007684,
    0.00387,
    0.00306,
    0.019114,
    0.01287,
    0.028474,
    0.00525,
    0.007628,
    0.003,
    0.020498,
    0.01305,
    0.00693,
    0.003,
    0.029048,
    0.01587,
    0.00837,
    0.030304,
    0.01062,
    0.014498,
    0.00825,
    0.008498,
    0.00831,
    0.00531,
    0.016988,
    0.00612,
    0.00756,
    0.022234,
    0.014558,
    0.00531,
    0.02592,
    0.020682,
    0.019054,
    0.00606,
    0.00687,
    0.04136,
    0.00525,
    0.00306,
    0.01362
  ]
}