{
  "timestamp": 1575763200000,
  "multiplier": 0.001,
  "open": 3147.469,
  "high": 3147.47,
  "low": 3146.17,
  "close": 3146.47,
  "shift": 60000,
  "times": [
    1380,
    1,
    1,
    1,
    1,
    1,
    2,
    1,
    1,
    1,
    1,
    2,
    1,
    1,
    1,
    2,
    1,
    2,
    2,
    1,
    1,
    1,
    2,
    2,
    1,
    1,
    1,
    2,
    1,
    2,
    1,
    4,
    1,
    1,
    1,
    3,
    1,
    1,
    1,
    2,
    1,
    2,
    1
  ],
  "opens": [
    0,
    -999,
    -500,
    200,
    -100,
    100,
    -201,
    -299,
    300,
    -301,
    501,
    299,
    201,
    0,
    300,
    -300,
    -201,
    200,
    -199,
    -300,
    300,
    -301,
    300,
    -299,
    0,
    0,
    0,
    -200,
    200,
    0,
    -201,
    0,
    1,
    -100,
    100,
    0,
    -300,
    300,
    0,
    0,
    -300,
    0,
    -501
  ],
  "highs": [
    0,
    -1000,
    -300,
    0,
    0,
    0,
    -201,
    1,
    0,
    200,
    299,
    201,
    300,
    0,
    0,
    -300,
    0,
    0,
    -200,
    0,
    0,
    -1,
    0,
    1,
    -300,
    0,
    0,
    0,
    300,
    -300,
    -201,
    1,
    0,
    200,
    0,
    -200,
    0,
    0,
    100,
    -100,
    -300,
    0,
    -501
  ],
  "lows": [
    0,
    -200,
    -300,
    300,
    -1,
    0,
    -299,
    0,
    -1,
    0,
    501,
    299,
    200,
    0,
    1,
    -200,
    -1,
    1,
    -300,
    -1,
    0,
    0,
    1,
    0,
    -200,
    -1,
    1,
    0,
    200,
    -200,
    -1,
    -299,
    -1,
    1,
    300,
    -300,
    0,
    -1,
    301,
    -500,
    0,
    -301,
    0
  ],
  "closes": [
    0,
    -500,
    200,
    -100,
    100,
    -200,
    -300,
    300,
    -301,
    501,
    299,
    201,
    0,
    300,
    -300,
    -200,
    200,
    -200,
    -300,
    0,
    -1,
    300,
    -299,
    0,
    0,
    0,
    -200,
    200,
    0,
    -200,
    -1,
    1,
    -100,
    299,
    -199,
    -300,
    300,
    0,
    0,
    -300,
    -200,
    -300,
    -1
  ],
  "volumes": [
    0.038465,
    0.00666,
    0.004044,
    0.016896,
    0.039642,
    0.063784,
    0.01015,
    0.000898,
    0.018098,
    0.003998,
    0.00938,
    0.00612,
    0.019632,
    0.006268,
    0.00088,
    0.0025,
    0.00601,
    0.005614,
    0.000754,
    0.018098,
    0.00713,
    0.01236,
    0.00387,
    0.016736,
    0.017354,
    0.01337,
    0.018218,
    0.00612,
    0.006244,
    0.00076,
    0.003,
    0.001684,
    0.029896,
    0.02049,
    0.00491,
    0.011004,
    0.020484,
    0.01187,
    0.007142,
    0.008796,
    0.036494,
    0.010256,
    0.003
  ]
}