{
  "timestamp": 1549756800000,
  "multiplier": 0.001,
  "open": 2712.57,
  "high": 2712.769,
  "low": 2709.77,
  "close": 2709.77,
  "shift": 60000,
  "times": [
    1380,
    1,
    1,
    1,
    1,
    1,
    3,
    2,
    1,
    1,
    2,
    1,
    15,
    1,
    13,
    2,
    1,
    1,
    1,
    1,
    3,
    1,
    1,
    1,
    1
  ],
  "opens": [
    0,
    -2800,
    1000,
    -1201,
    -199,
    200,
    499,
    -100,
    101,
    -201,
    201,
    399,
    -399,
    -1,
    -800,
    -400,
    0,
    -800,
    200,
    -199,
    200,
    -401,
    1,
    -801,
    -200
  ],
  "highs": [
    0,
    -1699,
    -200,
    -1301,
    301,
    199,
    0,
    1,
    0,
    -1,
    501,
    0,
    -500,
    -1,
    -699,
    -501,
    200,
    -700,
    0,
    -299,
    300,
    -301,
    0,
    -1000,
    -200
  ],
  "lows": [
    0,
    0,
    -201,
    -1000,
    801,
    0,
    699,
    -200,
    201,
    -201,
    0,
    1,
    0,
    0,
    -1000,
    -500,
    -1,
    -500,
    201,
    0,
    -1,
    -200,
    -500,
    -300,
    -200
  ],
  "closes": [
    0,
    800,
    -1001,
    0,
    1,
    300,
    199,
    -200,
    201,
    -201,
    701,
    -700,
    0,
    0,
    -800,
    -700,
    -1,
    0,
    0,
    -299,
    -1,
    0,
    -700,
    -300,
    -200
  ],
  "volumes": [
    0.22671,
    0.17987,
    0.115,
    0.07642,
    0.04996,
    0.0305,
    0.00404,
    0.03528,
    0.0033,
    0.02811,
    0.02424,
    0.05696,
    0.00643,
    0.00882,
    0.03875,
    0.0305,
    0.02168,
    0.02976,
    0.0136,
    0.00404,
    0.03784,
    0.00882,
    0.01764,
    0.00239,
    0.00478
  ]
}