{
  "timestamp": 1584230400000,
  "multiplier": 0.001,
  "open": 2657.64,
  "high": 2657.64,
  "low": 2604.846,
  "close": 2604.943,
  "shift": 60000,
  "times": [
    1320,
    1,
    1,
    1,
    1,
    1,
    1,
    1,
    1,
    1,
    1,
    1,
    1,
    1,
    1,
    1,
    1,
    1,
    3,
    1,
    1,
    2,
    1
  ],
  "opens": [
    0,
    -65985,
    48982,
    -16791,
    -14002,
    -895,
    -17003,
    -2396,
    -3213,
    5706,
    -3191,
    -4217,
    -3801,
    6706,
    -7000,
    -6200,
    -4397,
    -806,
    2215,
    -9,
    -1394,
    188,
    200
  ],
  "highs": [
    0,
    -21585,
    18497,
    -28500,
    -16208,
    8556,
    -11300,
    -9451,
    -3949,
    -1200,
    0,
    -7051,
    5688,
    1809,
    -12291,
    -5212,
    -5291,
    -1015,
    3006,
    12,
    -2206,
    1988,
    -1600
  ],
  "lows": [
    0,
    -13191,
    25685,
    -10206,
    -25100,
    6612,
    203,
    -7715,
    3206,
    612,
    -5452,
    -860,
    -488,
    -512,
    -5694,
    -2794,
    0,
    -15,
    1912,
    -903,
    -1300,
    1288,
    -1300
  ],
  "closes": [
    0,
    30706,
    -11797,
    -14008,
    -6244,
    -11654,
    -2396,
    -3650,
    6446,
    -2909,
    -5091,
    -3697,
    7194,
    -7443,
    -6251,
    -4997,
    3,
    -18,
    2297,
    -1288,
    -1300,
    1288,
    -1300
  ],
  "volumes": [
    0.04125,
    0.44226,
    0.47599,
    1.58795,
    0.91055,
    1.36773,
    1.49774,
    1.09812,
    0.77072,
    0.86639,
    1.23618,
    0.96574,
    0.95781,
    1.07752,
    0.70405,
    0.43479,
    0.09212,
    0.00071,
    0.18176,
    0.26689,
    0.02001,
    0.19407,
    0.02001
  ]
}