{
  "timestamp": 1584835200000,
  "multiplier": 0.001,
  "open": 2231.749,
  "high": 2231.749,
  "low": 2197.743,
  "close": 2203.543,
  "shift": 60000,
  "times": [
    1320,
    1,
    1,
    1,
    5,
    97,
    1,
    1,
    1,
    1,
    1,
    1,
    1,
    1,
    1,
    1,
    1,
    1,
    1,
    1
  ],
  "opens": [
    0,
    -27609,
    9815,
    -21509,
    -6403,
    12003,
    -2500,
    903,
    -1212,
    3897,
    303,
    3618,
    -512,
    1403,
    7688,
    -2979,
    7379,
    -9591,
    -2494,
    -297
  ],
  "highs": [
    0,
    -15194,
    -1800,
    -17318,
    -11394,
    16012,
    -3121,
    -1985,
    4091,
    -240,
    6234,
    -2979,
    4397,
    3291,
    7209,
    -2352,
    1949,
    -11809,
    -88,
    1488
  ],
  "lows": [
    0,
    2512,
    -8000,
    -6212,
    0,
    3697,
    3312,
    -415,
    912,
    4497,
    1006,
    1500,
    1488,
    1515,
    4385,
    197,
    -4500,
    -897,
    -497,
    9
  ],
  "closes": [
    0,
    10603,
    -21700,
    -6403,
    0,
    10491,
    -85,
    -1212,
    3897,
    303,
    3618,
    -517,
    1408,
    7688,
    -2979,
    7379,
    -9591,
    -2397,
    -394,
    -918
  ],
  "volumes": [
    0.960003,
    1.06564,
    0.99653,
    0.59022,
    0.00076,
    0.77993,
    0.59405,
    0.48092,
    0.62804,
    0.57745,
    0.63762,
    0.5209,
    0.552,
    0.68353,
    0.74187,
    0.71828,
    0.62281,
    0.40646,
    0.53364,
    0.47499
  ]
}