{
  "timestamp": 1578787200000,
  "multiplier": 0.001,
  "open": 3266.6,
  "high": 3267.74,
  "low": 3265.237,
  "close": 3267.74,
  "shift": 60000,
  "times": [
    1380,
    1,
    1,
    1,
    1,
    1,
    1,
    1,
    1,
    1,
    1,
    1,
    1,
    1,
    1,
    1,
    1,
    1,
    1,
    1,
    1,
    1,
    1,
    1,
    1,
    2,
    2,
    2,
    1,
    1,
    2,
    2,
    1,
    1,
    1,
    2,
    1,
    1,
    1,
    1,
    1,
    1,
    1,
    3,
    1,
    2,
    1,
    1,
    1,
    1,
    1
  ],
  "opens": [
    0,
    1140,
    1515,
    494,
    -1015,
    300,
    -788,
    -197,
    -297,
    303,
    -315,
    -203,
    518,
    0,
    191,
    6,
    791,
    -6,
    0,
    506,
    0,
    -294,
    0,
    -15,
    -191,
    194,
    -203,
    0,
    266,
    249,
    -15,
    0,
    18,
    -300,
    1003,
    0,
    0,
    -212,
    -303,
    -485,
    -506,
    0,
    51,
    -48,
    -218,
    -282,
    -452,
    -57,
    294,
    -3,
    -494
  ],
  "highs": [
    0,
    1515,
    497,
    803,
    -1500,
    -21,
    -788,
    -146,
    -45,
    0,
    -315,
    -3,
    318,
    245,
    252,
    648,
    -145,
    188,
    -6,
    306,
    0,
    9,
    -12,
    -306,
    321,
    -318,
    -203,
    266,
    249,
    203,
    -218,
    18,
    0,
    482,
    221,
    0,
    0,
    0,
    -503,
    -497,
    -221,
    -234,
    243,
    -291,
    -152,
    -348,
    -218,
    0,
    3,
    -3,
    -494
  ],
  "lows": [
    0,
    2297,
    1500,
    -291,
    -506,
    318,
    -506,
    -300,
    3,
    -12,
    -206,
    3,
    518,
    0,
    191,
    6,
    482,
    303,
    0,
    506,
    -288,
    -6,
    -15,
    -497,
    306,
    -9,
    0,
    -491,
    694,
    297,
    0,
    -291,
    9,
    -6,
    1009,
    0,
    -212,
    -303,
    -485,
    -209,
    -297,
    -197,
    188,
    -500,
    12,
    -215,
    -294,
    -3,
    0,
    -491,
    -694
  ],
  "closes": [
    0,
    1515,
    345,
    -560,
    -297,
    -188,
    -506,
    -297,
    303,
    -315,
    -203,
    200,
    318,
    191,
    6,
    791,
    -6,
    0,
    200,
    306,
    -3,
    -291,
    -15,
    -191,
    194,
    -203,
    0,
    266,
    249,
    -15,
    0,
    18,
    -300,
    782,
    221,
    0,
    -212,
    -303,
    -485,
    -209,
    -297,
    51,
    -48,
    -218,
    -282,
    -206,
    -303,
    57,
    234,
    -494,
    -985
  ],
  "volumes": [
    0.08577,
    0.09548,
    0.03481,
    0.04835,
    0.08266,
    0.01111,
    0.0017,
    0.0084,
    0.00042,
    0.01844,
    0.01208,
    0.00706,
    0.00128,
    0.0079,
    0.03601,
    0.01998,
    0.03036,
    0.00416,
    0.00374,
    0.00353,
    0.00523,
    0.00191,
    0.03109,
    0.01428,
    0.03023,
    0.00481,
    0.00316,
    0.0257,
    0.02573,
    0.01153,
    0.00316,
    0.01341,
    0.00544,
    0.02382,
    0.00021,
    0.00091,
    0.00635,
    0.00147,
    0.00693,
    0.00149,
    0.01336,
    0.00084,
    0.01527,
    0.00486,
    0.00672,
    0.00983,
    0.00416,
    0.0171,
    0.01893,
    0.01472,
    0.02447
  ]
}