{
  "timestamp": 1579392000000,
  "multiplier": 0.001,
  "open": 3323.255,
  "high": 3324.249,
  "low": 3322.743,
  "close": 3322.743,
  "shift": 60000,
  "times": [
    1380,
    4,
    1,
    1,
    1,
    1,
    1,
    1,
    1,
    1,
    1,
    1,
    1,
    1,
    2,
    1,
    1,
    1,
    2,
    2,
    1,
    1,
    1,
    1,
    1,
    2,
    2,
    3,
    1,
    1,
    1,
    1,
    2,
    1,
    1,
    1,
    1,
    1,
    1,
    1,
    2,
    1,
    2,
    1,
    1,
    1,
    1
  ],
  "opens": [
    0,
    -512,
    6,
    251,
    434,
    1015,
    491,
    9,
    -215,
    512,
    209,
    -212,
    -9,
    21,
    -18,
    0,
    -482,
    -821,
    315,
    -6,
    506,
    3,
    191,
    -191,
    200,
    -15,
    63,
    134,
    118,
    491,
    -303,
    -191,
    -12,
    0,
    -237,
    0,
    -60,
    306,
    203,
    -6,
    309,
    194,
    306,
    197,
    294,
    257,
    -51
  ],
  "highs": [
    0,
    -1500,
    251,
    434,
    1066,
    440,
    509,
    -500,
    500,
    6,
    0,
    -203,
    3,
    0,
    -18,
    12,
    -494,
    -500,
    -6,
    500,
    191,
    12,
    3,
    0,
    279,
    18,
    -252,
    252,
    491,
    3,
    -306,
    -3,
    -200,
    263,
    -266,
    12,
    188,
    15,
    6,
    297,
    194,
    506,
    -3,
    294,
    257,
    255,
    -18
  ],
  "lows": [
    0,
    -303,
    309,
    251,
    434,
    1015,
    351,
    -66,
    0,
    503,
    6,
    -303,
    3,
    9,
    285,
    -482,
    -821,
    0,
    6,
    303,
    503,
    -3,
    -6,
    6,
    9,
    185,
    63,
    134,
    118,
    188,
    -191,
    -12,
    0,
    -237,
    -51,
    -15,
    6,
    294,
    0,
    200,
    318,
    194,
    306,
    185,
    15,
    497,
    0
  ],
  "closes": [
    0,
    6,
    251,
    434,
    1015,
    491,
    -140,
    -66,
    512,
    209,
    -212,
    -9,
    21,
    -18,
    0,
    -482,
    -821,
    315,
    -6,
    506,
    3,
    191,
    -191,
    200,
    -15,
    63,
    0,
    252,
    491,
    -303,
    -191,
    -12,
    0,
    -237,
    0,
    -60,
    494,
    15,
    -6,
    309,
    194,
    306,
    197,
    294,
    257,
    -51,
    288
  ],
  "volumes": [
    0.02621,
    0.0116,
    0.00491,
    0.01433,
    0.02986,
    0.01278,
    0.08673,
    0.02449,
    0.05186,
    0.01593,
    0.00747,
    0.01494,
    0.00747,
    0.00531,
    0.0042,
    0.0023,
    0.02887,
    0.0218,
    0.01198,
    0.01198,
    0.01769,
    0.0331,
    0.01877,
    0.0113,
    0.03646,
    0.02927,
    0.0009,
    0.01413,
    0.02631,
    0.0117,
    0.00148,
    0.0117,
    0.0042,
    0.04429,
    0.02631,
    0.01553,
    0.01022,
    0.02866,
    0.04252,
    0.03957,
    0.00942,
    0.0109,
    0.0004,
    0.022,
    0.01526,
    0.02112,
    0.00491
  ]
}