{
  "timestamp": 1639267200000,
  "multiplier": 0.001,
  "open": 4719.586,
  "high": 4720.083,
  "low": 4718.646,
  "close": 4719.276,
  "shift": 60000,
  "times": [
    1425,
    1,
    1,
    1,
    1,
    1,
    1,
    1,
    1,
    1,
    1,
    1,
    1,
    1,
    1
  ],
  "opens": [
    0,
    -506,
    -1184,
    70,
    -247,
    -133,
    1003,
    744,
    1145,
    373,
    -6,
    386,
    -1256,
    244,
    117
  ],
  "highs": [
    0,
    -687,
    -750,
    -557,
    -241,
    491,
    1383,
    1129,
    744,
    -497,
    503,
    -6,
    -1000,
    -6,
    241
  ],
  "lows": [
    0,
    -816,
    66,
    -554,
    -244,
    235,
    1256,
    139,
    1611,
    0,
    -6,
    -494,
    -244,
    250,
    377
  ],
  "closes": [
    0,
    -1193,
    -3,
    -738,
    9,
    988,
    1307,
    940,
    12,
    3,
    795,
    -1557,
    497,
    247,
    -244
  ],
  "volumes": [
    0.01127,
    0.01764,
    0.00784,
    0.00392,
    0.00588,
    0.00686,
    0.00784,
    0.01372,
    0.01519,
    0.00784,
    0.01715,
    0.01911,
    0.00882,
    0.01911,
    0.01127
  ]
}