{
  "timestamp": 1704067200000,
  "multiplier": 0.001,
  "open": 4770.867,
  "high": 4773.177,
  "low": 4769.734,
  "close": 4772.677,
  "shift": 60000,
  "times": [
    1380,
    1,
    1,
    1,
    1,
    1,
    1,
    1,
    1,
    1,
    1,
    1,
    1,
    1,
    1,
    1,
    1,
    1,
    1,
    1,
    1,
    1,
    2,
    1,
    1,
    1,
    1,
    1,
    1,
    1,
    1,
    1,
    1,
    1,
    3,
    1,
    1,
    1,
    1,
    1,
    2,
    1,
    1,
    2,
    1,
    1,
    1,
    1,
    1,
    4
  ],
  "opens": [
    0,
    1632,
    1003,
    -138,
    0,
    -497,
    262,
    253,
    735,
    244,
    512,
    620,
    386,
    -582,
    -430,
    12,
    3,
    295,
    -51,
    -12,
    -687,
    -54,
    741,
    -238,
    488,
    262,
    -3,
    -247,
    -265,
    262,
    500,
    -6,
    -506,
    -238,
    -494,
    253,
    482,
    -235,
    418,
    -433,
    -491,
    -386,
    0,
    -123,
    -232,
    488,
    -256,
    259,
    253,
    0
  ],
  "highs": [
    0,
    193,
    1000,
    -738,
    -268,
    247,
    -247,
    1265,
    -512,
    1247,
    265,
    548,
    -298,
    -582,
    -430,
    244,
    -229,
    295,
    -51,
    -12,
    -687,
    500,
    187,
    253,
    747,
    -488,
    -3,
    -247,
    235,
    265,
    3,
    -3,
    -515,
    -238,
    -256,
    253,
    427,
    82,
    -82,
    -433,
    -491,
    -374,
    -3,
    -114,
    -9,
    247,
    -73,
    82,
    247,
    0
  ],
  "lows": [
    0,
    2136,
    1057,
    199,
    -699,
    190,
    244,
    521,
    545,
    434,
    500,
    632,
    -382,
    66,
    -566,
    268,
    3,
    0,
    -15,
    -250,
    -497,
    3,
    747,
    6,
    488,
    0,
    259,
    -247,
    -265,
    253,
    126,
    136,
    -265,
    -491,
    -241,
    -12,
    626,
    -114,
    -3,
    -265,
    -684,
    -57,
    12,
    -148,
    -123,
    509,
    -256,
    9,
    503,
    0
  ],
  "closes": [
    0,
    693,
    -259,
    506,
    -871,
    624,
    -256,
    1250,
    -250,
    1012,
    503,
    548,
    -1066,
    66,
    -566,
    500,
    -229,
    0,
    -12,
    -253,
    -497,
    807,
    184,
    66,
    696,
    -509,
    259,
    -247,
    235,
    0,
    12,
    6,
    -268,
    -491,
    -241,
    491,
    259,
    232,
    -238,
    -512,
    -684,
    -57,
    12,
    0,
    -15,
    253,
    -193,
    202,
    247,
    0
  ],
  "volumes": [
    0.03416,
    0.02196,
    0.02013,
    0.0061,
    0.00854,
    0.0061,
    0.0061,
    0.00732,
    0.00244,
    0.00549,
    0.0061,
    0.00427,
    0.00305,
    0.00122,
    0.00122,
    0.00122,
    0.00061,
    0.00122,
    0.00244,
    0.00244,
    0.00122,
    0.00305,
    0.00305,
    0.00244,
    0.00305,
    0.00122,
    0.00061,
    0.00061,
    0.00453,
    0.00366,
    0.0044,
    0.00366,
    0.00061,
    0.00122,
    0.00183,
    0.00549,
    0.00575,
    0.00562,
    0.00366,
    0.00122,
    0.00183,
    0.00488,
    0.00244,
    0.00183,
    0.00305,
    0.00061,
    0.00305,
    0.00562,
    0.00061,
    0.00061
  ]
}