20260803;00:00;28468.976;28504.532;28428.543;28488.165
20260803;00:01;28485.42;28503.509;28469.519;28482.821
20260803;00:02;28483.821;28498.875;28480.419;28481.709
20260803;00:03;28481.665;28498.143;28479.842;28494.431
20260803;00:04;28494.899;28498.365;28481.142;28491.698
20260803;00:05;28492.643;28493.132;28476.442;28479.076
20260803;00:06;28479.432;28489.464;28478.186;28483.41
20260803;00:07;28482.931;28483.332;28464.01;28476.054
20260803;00:08;28474.375;28475.91;28464.375;28465.864
20260803;00:09;28465.719;28480.921;28460.054;28480.708
20260803;00:10;28480.864;28489.987;28478.654;28486.631
20260803;00:11;28485.832;28496.554;28484.987;28496.41
20260803;00:12;28495.665;28513.376;28493.032;28512.943
20260803;00:13;28512.986;28519.097;28511.41;28512.943
20260803;00:14;28513.376;28516.589;28499.921;28501.399
20260803;00:15;28500.865;28508.51;28493.998;28505.976
20260803;00:16;28505.931;28505.931;28498.497;28501.909
20260803;00:17;28501.554;28509.132;28493.997;28499.408
20260803;00:18;28499.121;28499.789;28468.589;28469.408
20260803;00:19;28469.921;28477.365;28459.91;28473.52
20260803;00:20;28474.021;28507.332;28473.898;28502.387
20260803;00:21;28502.186;28507.208;28496.921;28504.41
20260803;00:22;28504.564;28510.119;28499.642;28507.389
20260803;00:23;28507.343;28507.789;28495.821;28503.821
20260803;00:24;28505.586;28505.621;28489.919;28489.919
20260803;00:25;28490.099;28496.62;28490.099;28493.409
20260803;00:26;28493.575;28495.186;28479.686;28481.219
20260803;00:27;28481.508;28499.887;28479.12;28499.864
20260803;00:28;28499.686;28506.932;28487.609;28506.154
20260803;00:29;28506.009;28507.119;28489.608;28491.132
20260803;00:30;28491.509;28496.954;28488.954;28496.954
20260803;00:31;28496.053;28499.62;28490.621;28492.487
20260803;00:32;28492.61;28501.842;28486.075;28491.342
20260803;00:33;28491.608;28494.432;28486.92;28494.009
20260803;00:34;28494.12;28497.486;28490.843;28492.699
20260803;00:35;28492.899;28499.886;28488.61;28498.109
20260803;00:36;28497.697;28497.697;28490.387;28494.186
20260803;00:37;28494.097;28494.589;28490.042;28490.987
20260803;00:38;28490.51;28493.986;28488.642;28489.021
20260803;00:39;28489.175;28497.575;28488.099;28491.643
20260803;00:40;28491.889;28499.521;28481.02;28498.953
20260803;00:41;28497.919;28498.589;28487.31;28488.52
20260803;00:42;28488.942;28489.142;28473.31;28476.465
20260803;00:43;28477.398;28481.887;28473.854;28478.131
20260803;00:44;28478.509;28484.389;28478.043;28478.043
20260803;00:45;28476.889;28482.886;28472.053;28479.62
20260803;00:46;28479.853;28482.099;28476.953;28478.521
20260803;00:47;28478.398;28478.964;28473.375;28476.964
20260803;00:48;28476.553;28477.919;28465.61;28468.899
20260803;00:49;28469.354;28469.842;28466.019;28466.332
20260803;00:50;28467.531;28470.553;28464.41;28464.909
20260803;00:51;28465.131;28469.399;28464.432;28466.598
20260803;00:52;28466.832;28467.865;28461.831;28461.831
20260803;00:53;28462.186;28469.875;28461.609;28468.865
20260803;00:54;28468.464;28469.443;28460.421;28462.954
20260803;00:55;28463.389;28469.089;28462.053;28464.899
20260803;00:56;28464.853;28466.799;28460.831;28464.964
20260803;00:57;28465.198;28466.11;28458.953;28460.175
20260803;00:58;28459.589;28461.153;28438.899;28443.087
20260803;00:59;28442.897;28456.699;28441.909;28447.687
20260803;01:00;28447.531;28453.476;28445.498;28451.919
20260803;01:01;28451.486;28468.91;28451.064;28465.421
20260803;01:02;28465.364;28465.498;28458.321;28462.709
20260803;01:03;28462.575;28467.665;28449.886;28450.154
20260803;01:04;28450.497;28456.464;28449.575;28454.432
20260803;01:05;28455.198;28456.52;28449.921;28450.665
20260803;01:06;28450.854;28466.897;28448.031;28461.821
20260803;01:07;28461.965;28462.076;28448.82;28448.997
20260803;01:08;28449.453;28449.599;28434.665;28437.687
20260803;01:09;28436.354;28437.508;28430.654;28431.099
20260803;01:10;28430.964;28434.708;28430.675;28433.589
20260803;01:11;28433.52;28435.508;28423.842;28425.353
20260803;01:12;28424.886;28442.476;28423.364;28437.831
20260803;01:13;28439.965;28441.889;28434.097;28439.931
20260803;01:14;28439.81;28443.099;28433.953;28435.009
20260803;01:15;28435.153;28443.32;28434.587;28439.321
20260803;01:16;28439.421;28441.865;28438.831;28439.543
20260803;01:17;28438.054;28439.599;28431.82;28435.81
20260803;01:18;28435.942;28439.098;28432.621;28438.197
20260803;01:19;28439.365;28440.419;28436.564;28439.897
20260803;01:20;28439.542;28441.51;28436.387;28437.208
20260803;01:21;28436.965;28442.108;28433.876;28440.153
20260803;01:22;28440.031;28470.864;28437.997;28459.887
20260803;01:23;28459.564;28473.086;28455.043;28455.942
20260803;01:24;28456.343;28470.608;28456.343;28468.054
20260803;01:25;28467.997;28472.509;28462.543;28464.408
20260803;01:26;28464.586;28471.099;28460.821;28464.354
20260803;01:27;28464.432;28470.589;28462.486;28469.964
20260803;01:28;28469.899;28470.386;28457.064;28461.219
20260803;01:29;28461.589;28464.986;28460.31;28462.719
20260803;01:30;28464.554;28476.408;28463.565;28476.408
20260803;01:31;28475.965;28475.965;28469.487;28472.019
20260803;01:32;28471.421;28472.619;28464.321;28471.12
20260803;01:33;28470.521;28476.508;28457.92;28460.075
20260803;01:34;28460.399;28467.498;28458.099;28467.187
20260803;01:35;28465.854;28466.209;28459.208;28460.397
20260803;01:36;28460.442;28466.599;28459.642;28465.075
20260803;01:37;28464.953;28465.353;28458.81;28459.342
20260803;01:38;28459.12;28469.389;28457.575;28468.708
20260803;01:39;28468.065;28468.564;28458.897;28458.965
20260803;01:40;28458.886;28461.099;28456.087;28458.521
20260803;01:41;28458.443;28461.919;28452.587;28457.142
20260803;01:42;28457.021;28465.931;28456.675;28461.51
20260803;01:43;28461.61;28463.475;28458.709;28461.919
20260803;01:44;28462.997;28486.931;28461.631;28483.175
20260803;01:45;28483.076;28486.476;28453.676;28455.443
20260803;01:46;28455.219;28464.587;28450.197;28460.064
20260803;01:47;28459.899;28464.965;28453.675;28455.398
20260803;01:48;28456.343;28471.697;28456.343;28469.932
20260803;01:49;28470.176;28489.487;28470.176;28481.208
20260803;01:50;28481.643;28491.353;28480.976;28490.065
20260803;01:51;28490.165;28512.789;28490.165;28511.821
20260803;01:52;28511.997;28515.586;28465.908;28488.175
20260803;01:53;28487.81;28503.109;28482.832;28488.289
20260803;01:54;28487.898;28490.543;28460.353;28467.61
20260803;01:55;28467.864;28484.664;28455.61;28480.365
20260803;01:56;28480.421;28482.031;28459.82;28459.82
20260803;01:57;28458.997;28464.109;28457.842;28463.643
20260803;01:58;28464.42;28481.089;28459.953;28480.897
20260803;01:59;28481.175;28499.043;28478.019;28491.121
20260803;02:00;28486.698;28488.642;28446.164;28458.465
20260803;02:01;28458.61;28479.675;28449.497;28463.421
20260803;02:02;28463.587;28473.132;28454.064;28468.209
20260803;02:03;28466.398;28475.453;28445.198;28446.954
20260803;02:04;28446.91;28450.321;28440.821;28450.321
20260803;02:05;28449.199;28462.443;28441.821;28456.864
20260803;02:06;28457.154;28461.354;28432.509;28446.864
20260803;02:07;28446.92;28462.708;28444.397;28461.986
20260803;02:08;28462.209;28467.299;28454.089;28460.31
20260803;02:09;28460.464;28475.086;28457.521;28474.464
20260803;02:10;28474.443;28492.487;28471.198;28475.708
20260803;02:11;28475.887;28483.153;28464.621;28468.098
20260803;02:12;28467.854;28470.198;28452.021;28460.509
20260803;02:13;28460.208;28487.464;28456.931;28477.299
20260803;02:14;28476.589;28491.599;28475.065;28488.942
20260803;02:15;28488.109;28507.92;28486.708;28498.475
20260803;02:16;28498.51;28501.154;28483.921;28484.889
20260803;02:17;28485.065;28492.51;28480.32;28486.543
20260803;02:18;28486.176;28491.332;28480.398;28481.097
20260803;02:19;28480.521;28488.008;28473.92;28477.519
20260803;02:20;28477.621;28482.299;28472.443;28474.621
20260803;02:21;28474.908;28489.053;28471.965;28489.053
20260803;02:22;28489.043;28491.109;28473.621;28476.354
20260803;02:23;28475.642;28475.953;28461.376;28472.199
20260803;02:24;28471.497;28476.953;28458.008;28458.709
20260803;02:25;28458.364;28458.364;28442.342;28448.508
20260803;02:26;28448.386;28463.164;28444.375;28451.686
20260803;02:27;28452.409;28466.099;28443.408;28446.575
20260803;02:28;28446.664;28447.398;28420.965;28422.865
20260803;02:29;28421.719;28436.209;28415.821;28433.498
20260803;02:30;28433.354;28435.697;28420.653;28426.987
20260803;02:31;28426.889;28442.565;28421.598;28438.064
20260803;02:32;28438.043;28451.554;28424.531;28447.589
20260803;02:33;28447.408;28459.419;28442.898;28453.52
20260803;02:34;28454.643;28464.897;28445.199;28462.042
20260803;02:35;28461.676;28471.075;28455.719;28469.186
20260803;02:36;28469.521;28472.299;28462.509;28462.509
20260803;02:37;28461.987;28468.442;28459.642;28465.686
20260803;02:38;28465.587;28483.208;28461.065;28483.054
20260803;02:39;28482.543;28488.465;28476.076;28476.076
20260803;02:40;28476.099;28487.021;28472.165;28484.421
20260803;02:41;28484.82;28488.32;28468.142;28469.608
20260803;02:42;28469.82;28473.699;28460.62;28469.975
20260803;02:43;28469.953;28471.789;28454.519;28454.519
20260803;02:44;28454.054;28482.497;28452.021;28461.665
20260803;02:45;28461.098;28467.02;28455.621;28465.154
20260803;02:46;28465.043;28470.576;28454.51;28455.708
20260803;02:47;28455.119;28467.675;28450.421;28463.042
20260803;02:48;28463.042;28495.075;28459.865;28489.676
20260803;02:49;28489.586;28494.675;28478.121;28494.208
20260803;02:50;28494.498;28496.408;28488.843;28496.386
20260803;02:51;28496.398;28500.442;28460.475;28466.498
20260803;02:52;28466.409;28485.519;28463.719;28481.208
20260803;02:53;28481.864;28490.986;28480.454;28490.353
20260803;02:54;28490.543;28500.554;28489.419;28491.864
20260803;02:55;28491.919;28496.089;28487.908;28490.543
20260803;02:56;28491.31;28494.987;28488.521;28493.321
20260803;02:57;28493.586;28495.789;28482.976;28490.697
20260803;02:58;28490.41;28497.699;28489.453;28494.464
20260803;02:59;28494.542;28504.199;28490.31;28499.886
20260803;03:00;28500.519;28501.509;28484.643;28488.543
20260803;03:01;28488.408;28495.843;28480.098;28494.331
20260803;03:02;28494.143;28496.521;28481.299;28491.12
20260803;03:03;28490.91;28499.631;28486.709;28499.631
20260803;03:04;28499.442;28506.289;28497.864;28503.199
20260803;03:05;28502.376;28512.597;28501.343;28507.921
20260803;03:06;28507.876;28509.486;28496.01;28496.01
20260803;03:07;28494.654;28502.299;28482.498;28487.621
20260803;03:08;28487.375;28494.542;28483.621;28485.964
20260803;03:09;28485.919;28500.289;28483.51;28494.164
20260803;03:10;28494.132;28505.654;28493.321;28495.51
20260803;03:11;28495.409;28497.898;28481.686;28483.576
20260803;03:12;28484.575;28492.542;28482.443;28485.208
20260803;03:13;28484.799;28485.575;28463.042;28465.587
20260803;03:14;28465.475;28473.589;28462.632;28470.186
20260803;03:15;28470.086;28471.91;28464.097;28469.31
20260803;03:16;28469.219;28471.199;28458.564;28460.164
20260803;03:17;28460.589;28462.01;28456.097;28459.965
20260803;03:18;28459.91;28460.986;28449.587;28454.386
20260803;03:19;28454.431;28454.431;28442.665;28447.698
20260803;03:20;28447.686;28459.176;28444.208;28456.943
20260803;03:21;28457.164;28462.853;28454.62;28457.998
20260803;03:22;28457.876;28461.421;28447.553;28458.109
20260803;03:23;28458.854;28468.899;28456.075;28466.176
20260803;03:24;28465.921;28472.599;28461.954;28469.164
20260803;03:25;28469.465;28482.675;28468.42;28480.442
20260803;03:26;28480.464;28482.519;28475.676;28480.089
20260803;03:27;28480.31;28492.419;28480.31;28486.164
20260803;03:28;28486.354;28490.032;28477.009;28487.01
20260803;03:29;28486.665;28490.597;28484.053;28486.187
20260803;03:30;28486.031;28494.854;28483.589;28491.086
20260803;03:31;28491.165;28494.965;28487.465;28487.975
20260803;03:32;28488.432;28493.153;28476.065;28478.097
20260803;03:33;28477.12;28485.599;28474.12;28482.92
20260803;03:34;28483.043;28483.187;28473.932;28476.576
20260803;03:35;28476.175;28476.199;28467.41;28470.664
20260803;03:36;28470.897;28471.32;28457.165;28457.587
20260803;03:37;28457.52;28466.109;28457.054;28462.408
20260803;03:38;28461.32;28471.199;28459.586;28469.942
20260803;03:39;28469.399;28479.498;28468.831;28479.498
20260803;03:40;28480.053;28488.11;28476.931;28487.553
20260803;03:41;28487.486;28502.876;28483.443;28501.554
20260803;03:42;28502.475;28506.398;28496.642;28504.486
20260803;03:43;28503.921;28506.854;28496.375;28499.353
20260803;03:44;28499.065;28507.799;28498.408;28507.799
20260803;03:45;28507.442;28509.189;28496.708;28504.397
20260803;03:46;28504.132;28510.799;28501.889;28505.432
20260803;03:47;28506.165;28509.099;28499.165;28502.799
20260803;03:48;28502.932;28504.399;28497.52;28500.865
20260803;03:49;28501.387;28508.853;28497.521;28498.843
20260803;03:50;28498.91;28505.186;28498.587;28503.709
20260803;03:51;28503.454;28518.719;28499.043;28515.376
20260803;03:52;28516.099;28516.975;28511.708;28512.532
20260803;03:53;28512.519;28513.199;28500.143;28500.431
20260803;03:54;28499.832;28508.898;28497.353;28508.654
20260803;03:55;28508.81;28512.019;28503.998;28509.921
20260803;03:56;28510.353;28516.865;28509.676;28515.41
20260803;03:57;28515.02;28517.789;28512.143;28517.143
20260803;03:58;28517.021;28527.565;28515.854;28524.842
20260803;03:59;28524.608;28526.976;28522.442;28522.442
20260803;04:00;28524.476;28525.619;28509.454;28519.087
20260803;04:01;28519.165;28522.699;28512.531;28516.153
20260803;04:02;28516.121;28532.109;28516.089;28530.698
20260803;04:03;28530.354;28541.599;28529.686;28540.354
20260803;04:04;28540.376;28541.708;28532.075;28532.799
20260803;04:05;28532.686;28535.454;28526.821;28533.854
20260803;04:06;28533.443;28537.553;28531.497;28531.497
20260803;04:07;28531.408;28533.619;28528.643;28530.399
20260803;04:08;28529.931;28534.62;28524.921;28526.897
20260803;04:09;28526.599;28528.386;28512.508;28518.175
20260803;04:10;28518.032;28532.475;28517.121;28526.531
20260803;04:11;28526.498;28536.398;28525.943;28532.564
20260803;04:12;28532.41;28532.919;28525.932;28528.699
20260803;04:13;28528.364;28546.399;28526.987;28545.076
20260803;04:14;28545.108;28545.589;28536.187;28540.832
20260803;04:15;28541.008;28541.008;28532.943;28536.508
20260803;04:16;28536.586;28537.587;28533.554;28533.876
20260803;04:17;28534.142;28542.619;28533.409;28542.619
20260803;04:18;28542.321;28548.599;28541.465;28547.52
20260803;04:19;28547.208;28553.564;28545.12;28553.564
20260803;04:20;28553.543;28558.909;28551.219;28556.689
20260803;04:21;28556.621;28557.587;28546.042;28549.932
20260803;04:22;28549.831;28554.831;28548.91;28552.653
20260803;04:23;28552.519;28553.199;28544.198;28544.198
20260803;04:24;28544.321;28545.619;28537.864;28539.498
20260803;04:25;28540.009;28540.586;28533.553;28535.542
20260803;04:26;28535.419;28537.509;28528.821;28532.686
20260803;04:27;28532.176;28533.519;28528.465;28533.519
20260803;04:28;28533.531;28533.531;28519.41;28520.81
20260803;04:29;28520.32;28520.453;28512.687;28517.454
20260803;04:30;28517.832;28533.689;28512.897;28528.475
20260803;04:31;28528.409;28528.464;28521.609;28525.208
20260803;04:32;28525.464;28525.897;28516.708;28523.91
20260803;04:33;28523.942;28533.609;28519.719;28533.487
20260803;04:34;28533.386;28540.198;28527.653;28540.175
20260803;04:35;28540.889;28542.198;28536.932;28539.431
20260803;04:36;28539.899;28539.899;28536.02;28538.653
20260803;04:37;28539.132;28547.386;28536.131;28546.908
20260803;04:38;28547.086;28547.432;28531.919;28533.389
20260803;04:39;28533.086;28539.698;28532.353;28534.608
20260803;04:40;28534.699;28541.875;28533.919;28536.465
20260803;04:41;28536.542;28542.199;28535.164;28540.432
20260803;04:42;28539.954;28541.719;28537.842;28541.487
20260803;04:43;28540.943;28541.376;28529.943;28531.664
20260803;04:44;28531.976;28532.453;28522.921;28522.921
20260803;04:45;28523.419;28528.699;28522.964;28528.699
20260803;04:46;28528.153;28529.42;28522.91;28525.931
20260803;04:47;28526.032;28526.689;28517.81;28520.454
20260803;04:48;28520.687;28522.799;28519.508;28522.175
20260803;04:49;28522.397;28527.654;28522.187;28523.631
20260803;04:50;28524.165;28530.408;28523.42;28528.719
20260803;04:51;28528.443;28530.143;28523.108;28528.153
20260803;04:52;28528.342;28534.799;28527.708;28533.598
20260803;04:53;28533.632;28538.41;28530.931;28535.389
20260803;04:54;28535.109;28535.899;28531.886;28535.208
20260803;04:55;28535.32;28536.719;28531.031;28533.432
20260803;04:56;28533.964;28537.419;28531.443;28535.665
20260803;04:57;28535.821;28544.108;28534.853;28541.909
20260803;04:58;28542.197;28542.342;28532.709;28538.587
20260803;04:59;28538.432;28542.589;28536.92;28539.208
20260803;05:00;28541.186;28543.699;28537.532;28543.421
20260803;05:01;28543.52;28553.587;28542.565;28547.087
20260803;05:02;28547.389;28548.554;28537.997;28544.587
20260803;05:03;28544.954;28545.854;28536.82;28538.219
20260803;05:04;28537.931;28541.697;28537.164;28539.187
20260803;05:05;28539.208;28548.598;28538.81;28542.397
20260803;05:06;28542.464;28545.019;28535.531;28540.054
20260803;05:07;28539.875;28541.653;28537.664;28540.642
20260803;05:08;28540.965;28553.521;28540.376;28543.11
20260803;05:09;28543.031;28545.354;28540.81;28544.81
20260803;05:10;28544.554;28545.475;28541.465;28542.586
20260803;05:11;28542.719;28545.965;28540.62;28542.064
20260803;05:12;28542.343;28544.289;28540.321;28541.586
20260803;05:13;28542.289;28548.31;28540.054;28545.975
20260803;05:14;28546.198;28548.52;28541.154;28541.521
20260803;05:15;28542.597;28543.565;28536.509;28536.519
20260803;05:16;28536.799;28539.899;28535.654;28538.175
20260803;05:17;28537.975;28541.589;28536.653;28540.121
20260803;05:18;28539.953;28544.299;28535.632;28543.598
20260803;05:19;28543.408;28549.419;28541.043;28549.419
20260803;05:20;28549.187;28554.02;28546.864;28546.886
20260803;05:21;28546.943;28548.699;28539.131;28541.209
20260803;05:22;28541.031;28542.008;28532.098;28532.686
20260803;05:23;28532.799;28533.487;28520.409;28521.421
20260803;05:24;28521.554;28523.699;28519.876;28522.686
20260803;05:25;28523.186;28525.109;28520.432;28521.865
20260803;05:26;28521.454;28524.109;28519.931;28523.542
20260803;05:27;28523.708;28535.599;28521.686;28535.087
20260803;05:28;28535.799;28537.075;28524.821;28525.065
20260803;05:29;28525.019;28528.876;28523.065;28524.532
20260803;05:30;28524.62;28528.854;28518.943;28524.621
20260803;05:31;28524.921;28530.119;28522.632;28526.175
20260803;05:32;28526.486;28533.487;28524.821;28532.853
20260803;05:33;28532.986;28536.198;28526.586;28536.086
20260803;05:34;28536.186;28538.008;28530.021;28531.465
20260803;05:35;28531.62;28539.321;28526.964;28532.708
20260803;05:36;28532.465;28539.375;28531.32;28537.076
20260803;05:37;28537.409;28537.897;28533.019;28536.42
20260803;05:38;28536.121;28540.864;28531.132;28540.854
20260803;05:39;28540.897;28546.099;28540.664;28542.032
20260803;05:40;28541.964;28547.398;28541.964;28546.375
20260803;05:41;28546.976;28547.099;28540.889;28545.599
20260803;05:42;28545.01;28552.02;28543.81;28548.954
20260803;05:43;28549.199;28550.464;28546.631;28549.697
20260803;05:44;28549.986;28550.643;28545.664;28550.398
20260803;05:45;28550.11;28554.065;28543.575;28544.042
20260803;05:46;28543.887;28549.089;28543.82;28546.331
20260803;05:47;28546.209;28549.789;28545.019;28546.086
20260803;05:48;28547.143;28550.954;28545.186;28550.865
20260803;05:49;28550.987;28553.898;28550.11;28553.143
20260803;05:50;28553.31;28572.397;28551.709;28570.697
20260803;05:51;28570.997;28575.965;28562.81;28573.831
20260803;05:52;28574.097;28574.097;28567.976;28571.643
20260803;05:53;28571.965;28575.832;28567.197;28567.42
20260803;05:54;28567.899;28572.689;28567.31;28570.964
20260803;05:55;28570.875;28571.164;28558.132;28559.02
20260803;05:56;28558.708;28562.609;28556.82;28558.642
20260803;05:57;28558.476;28560.509;28550.709;28555.497
20260803;05:58;28555.32;28556.097;28551.51;28551.631
20260803;05:59;28551.543;28551.689;28546.021;28548.321
20260803;06:00;28547.943;28550.876;28546.464;28548.189
20260803;06:01;28547.587;28548.089;28538.021;28539.376
20260803;06:02;28538.875;28546.576;28538.875;28545.608
20260803;06:03;28545.498;28545.699;28541.421;28542.665
20260803;06:04;28542.608;28544.099;28538.843;28539.864
20260803;06:05;28539.889;28541.219;28536.02;28540.508
20260803;06:06;28540.365;28540.498;28533.586;28539.387
20260803;06:07;28539.486;28541.987;28536.697;28537.197
20260803;06:08;28537.11;28541.176;28534.143;28540.954
20260803;06:09;28541.299;28546.089;28536.61;28536.854
20260803;06:10;28537.075;28538.199;28533.91;28534.053
20260803;06:11;28533.986;28535.208;28530.854;28534.398
20260803;06:12;28533.965;28538.142;28532.889;28537.698
20260803;06:13;28537.854;28537.921;28533.543;28533.664
20260803;06:14;28533.854;28540.432;28533.854;28539.421
20260803;06:15;28539.61;28549.81;28538.62;28549.431
20260803;06:16;28549.575;28550.409;28546.375;28550.01
20260803;06:17;28550.11;28550.419;28545.52;28549.575
20260803;06:18;28549.486;28550.099;28547.154;28547.832
20260803;06:19;28547.654;28550.199;28546.832;28549.342
20260803;06:20;28549.131;28554.387;28545.464;28553.665
20260803;06:21;28553.831;28560.089;28553.697;28559.709
20260803;06:22;28559.553;28561.342;28558.076;28558.609
20260803;06:23;28558.842;28562.398;28558.321;28559.832
20260803;06:24;28560.042;28562.919;28559.021;28561.643
20260803;06:25;28561.31;28564.019;28558.675;28559.398
20260803;06:26;28558.954;28560.519;28555.51;28559.899
20260803;06:27;28560.009;28565.089;28558.586;28563.086
20260803;06:28;28563.009;28564.208;28561.543;28564.208
20260803;06:29;28564.475;28566.531;28559.453;28560.51
20260803;06:30;28560.821;28563.875;28556.442;28558.065
20260803;06:31;28558.509;28561.619;28556.632;28561.397
20260803;06:32;28561.031;28561.031;28554.553;28554.953
20260803;06:33;28554.898;28559.554;28554.054;28559.042
20260803;06:34;28559.165;28559.51;28551.919;28552.609
20260803;06:35;28553.064;28557.709;28552.509;28555.932
20260803;06:36;28556.098;28559.576;28553.043;28555.443
20260803;06:37;28555.642;28558.531;28553.519;28553.919
20260803;06:38;28553.621;28557.053;28551.82;28553.842
20260803;06:39;28554.089;28554.389;28551.897;28551.897
20260803;06:40;28551.364;28551.576;28545.643;28547.62
20260803;06:41;28547.997;28550.399;28545.498;28547.098
20260803;06:42;28546.164;28549.498;28545.586;28547.921
20260803;06:43;28548.121;28551.219;28546.576;28550.619
20260803;06:44;28550.719;28553.199;28549.031;28553.199
20260803;06:45;28553.108;28553.108;28548.01;28549.619
20260803;06:46;28549.931;28551.132;28546.431;28549.054
20260803;06:47;28549.421;28553.386;28546.031;28552.331
20260803;06:48;28552.621;28563.175;28551.608;28562.431
20260803;06:49;28562.553;28565.921;28559.054;28559.164
20260803;06:50;28559.009;28560.397;28552.332;28554.519
20260803;06:51;28554.789;28555.197;28537.531;28539.332
20260803;06:52;28539.609;28539.899;28536.987;28538.597
20260803;06:53;28538.643;28540.632;28536.587;28538.487
20260803;06:54;28538.376;28540.609;28536.364;28539.421
20260803;06:55;28539.887;28540.865;28530.187;28531.498
20260803;06:56;28531.643;28537.854;28530.454;28531.109
20260803;06:57;28530.865;28534.389;28530.631;28532.398
20260803;06:58;28532.01;28532.799;28528.997;28529.854
20260803;06:59;28529.709;28530.419;28526.61;28529.598
20260803;07:00;28529.432;28543.821;28524.389;28543.821
20260803;07:01;28543.789;28545.075;28537.389;28539.897
20260803;07:02;28539.953;28543.475;28537.075;28542.799
20260803;07:03;28542.665;28543.099;28529.389;28530.464
20260803;07:04;28530.621;28532.554;28528.431;28528.476
20260803;07:05;28528.598;28528.598;28514.698;28516.943
20260803;07:06;28517.197;28519.075;28515.709;28518.209
20260803;07:07;28518.342;28518.575;28514.021;28515.198
20260803;07:08;28514.864;28517.619;28511.832;28516.554
20260803;07:09;28516.62;28521.664;28515.019;28520.197
20260803;07:10;28520.421;28523.91;28518.576;28520.442
20260803;07:11;28521.097;28537.219;28519.31;28535.086
20260803;07:12;28534.987;28536.032;28529.219;28529.475
20260803;07:13;28529.143;28530.387;28523.608;28527.421
20260803;07:14;28527.608;28529.998;28515.065;28517.299
20260803;07:15;28517.189;28517.189;28502.397;28506.31
20260803;07:16;28506.475;28509.099;28503.021;28504.219
20260803;07:17;28504.42;28505.642;28501.032;28504.397
20260803;07:18;28504.532;28507.898;28503.12;28505.409
20260803;07:19;28505.121;28505.365;28501.008;28503.986
20260803;07:20;28503.954;28510.699;28503.41;28510.031
20260803;07:21;28509.953;28512.475;28506.42;28509.621
20260803;07:22;28509.487;28510.689;28507.331;28509.432
20260803;07:23;28509.586;28511.409;28508.075;28508.608
20260803;07:24;28508.343;28514.919;28506.431;28513.653
20260803;07:25;28512.986;28521.675;28510.11;28519.675
20260803;07:26;28519.542;28526.599;28518.053;28523.832
20260803;07:27;28523.865;28524.409;28511.921;28517.089
20260803;07:28;28517.132;28519.064;28511.398;28518.709
20260803;07:29;28519.175;28519.321;28512.576;28516.876
20260803;07:30;28516.198;28525.886;28513.154;28523.62
20260803;07:31;28523.942;28526.008;28515.609;28518.008
20260803;07:32;28518.187;28523.921;28515.964;28518.942
20260803;07:33;28518.698;28521.031;28515.41;28515.464
20260803;07:34;28514.598;28517.609;28511.987;28512.419
20260803;07:35;28512.219;28519.619;28506.621;28519.497
20260803;07:36;28518.909;28520.164;28515.086;28519.789
20260803;07:37;28519.865;28524.642;28517.842;28522.342
20260803;07:38;28522.587;28522.587;28516.375;28517.475
20260803;07:39;28517.631;28521.997;28516.132;28521.676
20260803;07:40;28521.519;28523.909;28517.921;28518.31
20260803;07:41;28518.498;28527.643;28517.542;28519.919
20260803;07:42;28520.353;28525.008;28515.51;28519.943
20260803;07:43;28519.62;28522.689;28516.464;28519.831
20260803;07:44;28519.621;28520.486;28510.654;28513.043
20260803;07:45;28512.842;28518.199;28511.642;28512.598
20260803;07:46;28512.364;28519.486;28511.421;28515.965
20260803;07:47;28516.042;28523.531;28514.91;28518.876
20260803;07:48;28519.019;28521.876;28517.986;28520.219
20260803;07:49;28520.021;28520.497;28515.921;28516.854
20260803;07:50;28517.31;28517.597;28508.865;28511.943
20260803;07:51;28511.875;28514.508;28510.575;28511.11
20260803;07:52;28510.931;28513.519;28509.454;28509.708
20260803;07:53;28509.976;28510.709;28503.898;28505.564
20260803;07:54;28505.697;28505.998;28495.921;28499.343
20260803;07:55;28499.176;28509.608;28499.086;28509.219
20260803;07:56;28508.62;28515.919;28508.143;28510.931
20260803;07:57;28511.131;28518.454;28510.542;28516.965
20260803;07:58;28516.899;28516.899;28512.942;28514.087
20260803;07:59;28514.131;28519.397;28513.097;28519.397
20260803;08:00;28519.432;28526.789;28509.564;28523.464
20260803;08:01;28523.12;28525.898;28515.532;28520.832
20260803;08:02;28520.664;28522.953;28515.686;28521.919
20260803;08:03;28521.575;28533.343;28516.531;28531.054
20260803;08:04;28530.864;28533.176;28528.165;28528.964
20260803;08:05;28529.108;28533.889;28528.887;28531.02
20260803;08:06;28531.399;28532.597;28516.164;28518.821
20260803;08:07;28518.709;28520.698;28511.108;28516.175
20260803;08:08;28515.942;28520.065;28514.175;28518.831
20260803;08:09;28518.365;28519.065;28513.554;28519.065
20260803;08:10;28518.931;28534.089;28517.876;28532.32
20260803;08:11;28532.153;28538.12;28532.065;28536.821
20260803;08:12;28536.454;28538.864;28527.164;28529.209
20260803;08:13;28529.197;28530.997;28526.164;28528.054
20260803;08:14;28527.553;28527.986;28519.665;28519.665
20260803;08:15;28519.565;28524.643;28512.509;28522.009
20260803;08:16;28522.032;28524.476;28519.531;28520.209
20260803;08:17;28519.965;28523.699;28516.986;28519.676
20260803;08:18;28519.453;28521.599;28517.054;28521.064
20260803;08:19;28521.343;28522.899;28517.521;28519.02
20260803;08:20;28518.954;28529.465;28513.164;28516.053
20260803;08:21;28515.943;28516.186;28509.887;28514.508
20260803;08:22;28514.897;28517.589;28510.431;28516.289
20260803;08:23;28515.621;28520.009;28513.631;28513.698
20260803;08:24;28513.953;28516.62;28509.821;28509.965
20260803;08:25;28510.186;28510.197;28497.61;28504.389
20260803;08:26;28504.331;28506.009;28498.986;28505.176
20260803;08:27;28505.454;28506.089;28500.475;28504.942
20260803;08:28;28504.31;28506.364;28499.887;28500.475
20260803;08:29;28500.153;28504.032;28496.364;28502.642
20260803;08:30;28504.375;28507.643;28502.097;28506.908
20260803;08:31;28507.519;28519.175;28506.421;28516.686
20260803;08:32;28516.853;28523.653;28516.686;28522.531
20260803;08:33;28522.889;28523.042;28516.81;28520.942
20260803;08:34;28520.686;28520.697;28515.31;28516.086
20260803;08:35;28515.886;28519.897;28507.865;28512.331
20260803;08:36;28512.486;28513.453;28507.508;28508.408
20260803;08:37;28508.209;28515.865;28506.097;28510.553
20260803;08:38;28510.12;28510.209;28502.142;28502.61
20260803;08:39;28502.508;28502.899;28493.032;28499.186
20260803;08:40;28499.089;28500.387;28491.409;28494.376
20260803;08:41;28494.075;28499.109;28491.498;28493.02
20260803;08:42;28493.099;28497.908;28491.842;28495.087
20260803;08:43;28495.864;28499.01;28493.153;28498.543
20260803;08:44;28498.686;28499.042;28488.853;28488.853
20260803;08:45;28488.509;28491.865;28486.498;28491.865
20260803;08:46;28491.698;28494.089;28486.853;28488.365
20260803;08:47;28488.708;28496.187;28487.531;28491.543
20260803;08:48;28491.942;28492.899;28481.497;28481.61
20260803;08:49;28481.554;28481.697;28473.676;28476.131
20260803;08:50;28476.153;28476.889;28470.331;28470.864
20260803;08:51;28470.665;28472.964;28463.897;28468.175
20260803;08:52;28468.01;28473.387;28463.698;28473.11
20260803;08:53;28473.432;28479.131;28472.389;28476.399
20260803;08:54;28476.098;28476.508;28471.708;28474.565
20260803;08:55;28474.365;28474.553;28462.509;28463.464
20260803;08:56;28463.51;28470.709;28454.165;28469.676
20260803;08:57;28470.009;28473.965;28468.698;28471.421
20260803;08:58;28471.331;28471.587;28463.32;28465.699
20260803;08:59;28465.664;28472.453;28465.664;28471.598
20260803;09:00;28471.709;28482.365;28467.41;28473.054
20260803;09:01;28472.964;28473.042;28451.686;28454.689
20260803;09:02;28454.142;28459.189;28442.443;28458.532
20260803;09:03;28457.597;28461.909;28452.598;28456.876
20260803;09:04;28456.589;28478.909;28456.589;28476.065
20260803;09:05;28476.399;28489.631;28476.399;28488.409
20260803;09:06;28489.164;28501.699;28485.175;28485.589
20260803;09:07;28485.689;28493.089;28482.887;28492.676
20260803;09:08;28492.587;28503.289;28487.408;28501.376
20260803;09:09;28501.475;28506.686;28491.019;28491.019
20260803;09:10;28490.889;28501.142;28487.642;28500.076
20260803;09:11;28500.408;28511.976;28496.289;28497.898
20260803;09:12;28497.687;28506.476;28495.686;28497.053
20260803;09:13;28496.189;28497.197;28492.331;28494.331
20260803;09:14;28494.509;28500.199;28493.921;28496.375
20260803;09:15;28496.142;28508.12;28494.699;28507.021
20260803;09:16;28507.821;28508.842;28491.598;28494.621
20260803;09:17;28495.365;28497.553;28449.02;28450.32
20260803;09:18;28450.709;28468.897;28447.609;28465.586
20260803;09:19;28464.976;28467.143;28448.465;28461.576
20260803;09:20;28461.799;28465.521;28455.41;28464.043
20260803;09:21;28464.575;28481.197;28460.709;28480.399
20260803;09:22;28480.464;28480.464;28466.41;28475.097
20260803;09:23;28474.954;28487.386;28474.954;28482.908
20260803;09:24;28482.965;28483.653;28478.442;28478.631
20260803;09:25;28478.52;28483.799;28470.054;28470.131
20260803;09:26;28470.086;28482.699;28462.699;28482.176
20260803;09:27;28482.599;28482.599;28472.709;28482.154
20260803;09:28;28481.821;28482.821;28472.508;28478.175
20260803;09:29;28477.642;28487.389;28477.642;28481.889
20260803;09:30;28481.575;28487.799;28478.664;28486.519
20260803;09:31;28486.109;28486.81;28475.82;28477.699
20260803;09:32;28477.187;28479.689;28475.532;28479.386
20260803;09:33;28477.398;28485.531;28474.189;28485.431
20260803;09:34;28484.453;28486.875;28479.108;28483.589
20260803;09:35;28483.686;28493.789;28482.41;28490.986
20260803;09:36;28491.042;28491.699;28461.453;28467.164
20260803;09:37;28466.931;28467.919;28460.165;28462.886
20260803;09:38;28463.432;28465.189;28458.565;28461.198
20260803;09:39;28461.553;28464.954;28459.442;28460.697
20260803;09:40;28460.564;28461.132;28448.121;28458.42
20260803;09:41;28458.386;28459.331;28441.919;28445.621
20260803;09:42;28445.443;28448.589;28443.708;28445.91
20260803;09:43;28445.842;28446.109;28438.521;28440.289
20260803;09:44;28440.132;28445.497;28438.531;28441.219
20260803;09:45;28440.975;28447.421;28439.097;28446.587
20260803;09:46;28446.332;28456.054;28445.854;28455.219
20260803;09:47;28454.609;28455.589;28443.897;28447.931
20260803;09:48;28447.431;28452.553;28445.632;28451.789
20260803;09:49;28452.098;28465.199;28452.097;28454.919
20260803;09:50;28454.843;28455.887;28447.12;28447.12
20260803;09:51;28446.62;28450.676;28436.32;28450.432
20260803;09:52;28450.575;28451.698;28443.653;28450.108
20260803;09:53;28450.189;28450.189;28443.865;28444.089
20260803;09:54;28444.41;28451.864;28441.664;28449.12
20260803;09:55;28449.01;28453.175;28445.81;28451.019
20260803;09:56;28450.686;28455.289;28446.942;28452.686
20260803;09:57;28452.919;28463.832;28452.486;28456.52
20260803;09:58;28456.676;28463.453;28455.697;28458.909
20260803;09:59;28459.119;28467.289;28455.821;28465.831
20260803;10:00;28465.419;28469.165;28449.453;28461.154
20260803;10:01;28460.054;28460.389;28442.198;28444.51
20260803;10:02;28444.676;28445.81;28433.353;28433.51
20260803;10:03;28432.442;28432.598;28415.198;28416.886
20260803;10:04;28417.01;28417.665;28405.854;28412.675
20260803;10:05;28411.719;28422.699;28408.542;28420.965
20260803;10:06;28421.154;28426.789;28415.853;28423.543
20260803;10:07;28424.342;28426.032;28404.608;28405.454
20260803;10:08;28404.686;28405.899;28397.465;28405.621
20260803;10:09;28405.475;28424.899;28404.719;28418.398
20260803;10:10;28418.789;28433.799;28415.854;28421.053
20260803;10:11;28420.575;28427.599;28417.853;28423.986
20260803;10:12;28424.709;28435.854;28424.397;28425.021
20260803;10:13;28424.832;28436.543;28421.842;28435.476
20260803;10:14;28435.464;28442.154;28433.343;28440.32
20260803;10:15;28440.043;28442.498;28428.876;28428.908
20260803;10:16;28428.899;28429.376;28414.575;28415.021
20260803;10:17;28415.465;28416.698;28406.908;28408.089
20260803;10:18;28407.82;28408.543;28393.289;28399.409
20260803;10:19;28399.053;28400.953;28390.019;28391.587
20260803;10:20;28391.886;28399.01;28384.153;28397.553
20260803;10:21;28397.431;28397.431;28379.598;28389.086
20260803;10:22;28389.331;28389.843;28382.632;28385.41
20260803;10:23;28385.597;28385.597;28370.331;28370.331
20260803;10:24;28370.098;28379.654;28366.997;28371.821
20260803;10:25;28371.376;28374.175;28363.131;28369.186
20260803;10:26;28368.575;28372.143;28362.31;28368.119
20260803;10:27;28367.897;28368.289;28351.543;28363.875
20260803;10:28;28363.109;28375.342;28360.62;28375.099
20260803;10:29;28375.853;28375.853;28359.965;28365.343
20260803;10:30;28365.509;28368.909;28350.609;28353.876
20260803;10:31;28353.899;28372.689;28352.642;28371.142
20260803;10:32;28371.119;28373.532;28364.131;28368.098
20260803;10:33;28367.954;28367.954;28350.932;28352.053
20260803;10:34;28351.698;28364.409;28350.543;28362.432
20260803;10:35;28362.654;28376.675;28361.689;28373.665
20260803;10:36;28373.709;28403.697;28373.332;28403.697
20260803;10:37;28403.699;28407.897;28396.021;28405.609
20260803;10:38;28405.509;28409.021;28402.675;28404.464
20260803;10:39;28404.789;28417.709;28402.91;28415.943
20260803;10:40;28415.854;28420.875;28410.519;28413.099
20260803;10:41;28412.698;28425.676;28412.687;28422.443
20260803;10:42;28422.62;28432.899;28418.997;28420.153
20260803;10:43;28420.032;28423.789;28409.375;28409.897
20260803;10:44;28409.498;28417.131;28405.11;28413.81
20260803;10:45;28414.089;28420.442;28407.864;28418.987
20260803;10:46;28418.889;28430.654;28418.01;28422.199
20260803;10:47;28421.899;28421.899;28405.389;28408.331
20260803;10:48;28408.043;28414.875;28406.598;28414.365
20260803;10:49;28414.187;28425.164;28411.987;28422.821
20260803;10:50;28422.943;28430.543;28419.976;28429.089
20260803;10:51;28428.432;28432.899;28427.289;28432.608
20260803;10:52;28433.032;28440.508;28429.387;28434.598
20260803;10:53;28434.431;28442.387;28431.92;28442.064
20260803;10:54;28441.842;28444.098;28437.954;28439.343
20260803;10:55;28438.965;28453.689;28438.532;28453.097
20260803;10:56;28453.289;28469.019;28450.964;28467.343
20260803;10:57;28467.564;28470.842;28460.832;28461.587
20260803;10:58;28461.875;28464.599;28456.119;28464.599
20260803;10:59;28465.589;28473.11;28464.331;28471.697
20260803;11:00;28471.897;28478.431;28464.542;28466.121
20260803;11:01;28466.097;28467.832;28458.699;28459.008
20260803;11:02;28459.208;28460.054;28450.408;28457.408
20260803;11:03;28457.519;28460.564;28451.031;28452.376
20260803;11:04;28452.586;28462.908;28446.853;28448.998
20260803;11:05;28449.053;28472.619;28447.01;28468.119
20260803;11:06;28468.01;28468.01;28450.009;28450.009
20260803;11:07;28450.021;28453.61;28447.332;28450.109
20260803;11:08;28449.165;28451.409;28446.198;28448.332
20260803;11:09;28448.476;28453.021;28448.397;28451.087
20260803;11:10;28451.589;28453.342;28442.408;28442.698
20260803;11:11;28443.389;28444.521;28422.91;28424.632
20260803;11:12;28424.197;28427.689;28421.899;28424.11
20260803;11:13;28424.409;28438.289;28424.11;28435.509
20260803;11:14;28435.82;28439.531;28431.52;28436.398
20260803;11:15;28436.564;28439.408;28433.121;28439.408
20260803;11:16;28439.575;28451.186;28438.543;28445.054
20260803;11:17;28445.921;28452.587;28439.631;28442.909
20260803;11:18;28442.642;28445.065;28437.587;28444.964
20260803;11:19;28444.831;28459.708;28444.653;28451.564
20260803;11:20;28451.065;28453.954;28441.632;28448.789
20260803;11:21;28448.142;28450.053;28438.81;28447.353
20260803;11:22;28446.82;28451.389;28445.408;28449.842
20260803;11:23;28449.664;28449.964;28439.621;28439.931
20260803;11:24;28438.898;28443.599;28430.186;28430.186
20260803;11:25;28430.375;28437.954;28429.608;28434.075
20260803;11:26;28434.331;28434.331;28426.708;28427.865
20260803;11:27;28428.087;28434.709;28426.031;28432.354
20260803;11:28;28432.464;28436.586;28425.664;28428.043
20260803;11:29;28427.608;28435.198;28427.608;28434.219
20260803;11:30;28434.209;28438.909;28430.708;28437.675
20260803;11:31;28437.619;28438.189;28425.387;28425.387
20260803;11:32;28425.131;28443.987;28425.131;28441.687
20260803;11:33;28441.643;28442.997;28435.61;28438.81
20260803;11:34;28438.81;28441.864;28433.02;28434.021
20260803;11:35;28437.397;28445.643;28435.465;28439.387
20260803;11:36;28439.108;28454.708;28438.486;28440.389
20260803;11:37;28440.91;28444.82;28425.153;28428.864
20260803;11:38;28428.709;28436.853;28425.52;28436.198
20260803;11:39;28436.375;28436.375;28425.375;28429.632
20260803;11:40;28429.509;28435.189;28427.832;28433.597
20260803;11:41;28434.042;28434.886;28424.92;28428.076
20260803;11:42;28428.51;28438.886;28428.51;28433.453
20260803;11:43;28432.865;28434.508;28428.653;28431.165
20260803;11:44;28431.52;28434.153;28421.932;28423.019
20260803;11:45;28423.197;28438.719;28422.964;28436.197
20260803;11:46;28435.997;28438.008;28432.432;28435.219
20260803;11:47;28435.019;28437.554;28429.987;28432.675
20260803;11:48;28432.219;28436.408;28428.432;28430.387
20260803;11:49;28430.176;28437.619;28416.921;28422.609
20260803;11:50;28422.998;28424.597;28415.431;28415.998
20260803;11:51;28416.02;28416.932;28405.887;28405.887
20260803;11:52;28405.943;28409.41;28402.643;28405.165
20260803;11:53;28405.398;28407.942;28399.575;28406.12
20260803;11:54;28406.31;28421.399;28406.165;28421.399
20260803;11:55;28420.487;28426.487;28415.321;28425.889
20260803;11:56;28425.62;28438.908;28424.942;28436.31
20260803;11:57;28436.019;28439.008;28428.154;28435.986
20260803;11:58;28435.854;28439.454;28434.432;28439.442
20260803;11:59;28439.899;28440.686;28436.186;28436.954
20260803;12:00;28436.498;28442.543;28432.508;28437.51
20260803;12:01;28437.075;28437.11;28415.089;28422.109
20260803;12:02;28421.975;28426.02;28419.042;28424.565
20260803;12:03;28423.653;28432.842;28421.442;28432.189
20260803;12:04;28431.508;28431.621;28421.531;28426.62
20260803;12:05;28426.909;28427.586;28419.82;28425.575
20260803;12:06;28425.654;28428.631;28417.921;28425.542
20260803;12:07;28425.564;28426.699;28415.553;28420.043
20260803;12:08;28419.508;28423.398;28415.587;28415.632
20260803;12:09;28414.186;28425.689;28414.186;28419.965
20260803;12:10;28419.208;28422.199;28408.075;28419.897
20260803;12:11;28419.986;28422.419;28413.587;28414.343
20260803;12:12;28414.119;28421.399;28413.92;28418.576
20260803;12:13;28418.443;28418.554;28403.81;28409.943
20260803;12:14;28409.897;28415.789;28404.909;28404.909
20260803;12:15;28404.953;28416.586;28401.789;28410.409
20260803;12:16;28410.498;28412.409;28407.931;28411.332
20260803;12:17;28411.165;28414.153;28398.821;28400.553
20260803;12:18;28400.976;28418.031;28398.876;28415.576
20260803;12:19;28415.299;28415.299;28402.643;28403.864
20260803;12:20;28403.486;28405.375;28386.91;28386.91
20260803;12:21;28387.354;28391.553;28375.876;28382.31
20260803;12:22;28382.586;28386.209;28376.464;28384.932
20260803;12:23;28384.908;28390.897;28378.921;28388.708
20260803;12:24;28390.086;28391.954;28369.875;28371.398
20260803;12:25;28371.421;28379.564;28367.421;28373.008
20260803;12:26;28372.876;28386.864;28370.11;28385.632
20260803;12:27;28385.854;28387.008;28373.575;28378.386
20260803;12:28;28378.497;28388.942;28374.987;28383.689
20260803;12:29;28383.864;28387.432;28380.799;28387.064
20260803;12:30;28387.065;28387.389;28380.986;28383.32
20260803;12:31;28382.887;28384.099;28372.32;28383.875
20260803;12:32;28384.376;28385.053;28367.921;28373.575
20260803;12:33;28373.121;28384.299;28369.465;28381.887
20260803;12:34;28381.799;28401.12;28381.153;28400.821
20260803;12:35;28401.086;28401.11;28391.621;28392.899
20260803;12:36;28392.476;28399.197;28391.887;28396.119
20260803;12:37;28396.52;28402.465;28391.142;28402.376
20260803;12:38;28402.153;28405.876;28393.575;28394.975
20260803;12:39;28394.832;28409.565;28393.889;28404.642
20260803;12:40;28404.943;28406.698;28393.031;28405.719
20260803;12:41;28405.575;28405.709;28401.521;28402.631
20260803;12:42;28402.908;28406.199;28398.076;28401.443
20260803;12:43;28401.609;28403.689;28397.121;28401.431
20260803;12:44;28401.631;28406.364;28400.042;28405.598
20260803;12:45;28405.665;28409.032;28399.409;28402.598
20260803;12:46;28402.508;28407.976;28399.209;28402.919
20260803;12:47;28402.987;28413.654;28398.543;28404.864
20260803;12:48;28404.889;28408.586;28399.686;28401.987
20260803;12:49;28402.789;28410.719;28398.321;28398.321
20260803;12:50;28398.898;28402.889;28393.832;28401.719
20260803;12:51;28401.342;28407.454;28399.643;28404.908
20260803;12:52;28404.531;28404.531;28394.609;28403.397
20260803;12:53;28403.143;28410.332;28401.843;28410.197
20260803;12:54;28410.299;28410.586;28402.876;28407.189
20260803;12:55;28406.332;28417.997;28406.332;28414.42
20260803;12:56;28414.598;28422.576;28413.631;28420.919
20260803;12:57;28420.686;28422.089;28413.41;28416.454
20260803;12:58;28416.864;28416.864;28412.054;28414.108
20260803;12:59;28414.142;28423.099;28411.575;28419.62
20260803;13:00;28418.997;28424.964;28388.31;28390.565
20260803;13:01;28390.876;28390.876;28371.387;28373.176
20260803;13:02;28373.119;28380.864;28366.109;28372.532
20260803;13:03;28372.065;28378.497;28359.975;28377.843
20260803;13:04;28377.421;28379.889;28366.009;28378.02
20260803;13:05;28378.354;28379.699;28370.397;28379.376
20260803;13:06;28379.487;28380.898;28345.653;28347.009
20260803;13:07;28347.353;28360.565;28345.654;28355.608
20260803;13:08;28355.708;28357.889;28346.342;28348.108
20260803;13:09;28346.353;28356.831;28345.62;28356.331
20260803;13:10;28356.097;28363.199;28353.919;28362.321
20260803;13:11;28362.153;28364.197;28354.32;28356.875
20260803;13:12;28357.032;28366.043;28352.343;28360.686
20260803;13:13;28360.621;28366.087;28358.831;28364.875
20260803;13:14;28364.932;28366.799;28359.054;28365.953
20260803;13:15;28366.075;28368.898;28359.854;28367.464
20260803;13:16;28367.408;28377.608;28360.81;28371.898
20260803;13:17;28371.543;28389.065;28368.932;28388.664
20260803;13:18;28388.421;28390.599;28371.82;28380.432
20260803;13:19;28380.586;28386.331;28378.565;28382.52
20260803;13:20;28382.289;28385.099;28375.687;28379.842
20260803;13:21;28379.209;28388.165;28365.376;28367.486
20260803;13:22;28366.832;28384.665;28365.41;28376.699
20260803;13:23;28376.409;28376.409;28366.432;28369.875
20260803;13:24;28370.053;28372.097;28366.81;28366.908
20260803;13:25;28366.998;28368.554;28358.998;28359.209
20260803;13:26;28359.208;28370.854;28352.899;28370.41
20260803;13:27;28370.219;28370.219;28350.565;28353.098
20260803;13:28;28353.354;28362.608;28352.676;28359.354
20260803;13:29;28359.51;28362.465;28347.41;28347.41
20260803;13:30;28346.931;28389.099;28345.119;28379.853
20260803;13:31;28380.097;28388.897;28367.554;28373.464
20260803;13:32;28373.386;28381.153;28372.564;28381.153
20260803;13:33;28381.598;28386.689;28379.109;28380.719
20260803;13:34;28380.821;28384.431;28380.575;28383.465
20260803;13:35;28383.364;28390.175;28379.521;28380.31
20260803;13:36;28380.543;28384.075;28374.432;28375.375
20260803;13:37;28375.11;28379.209;28368.921;28369.699
20260803;13:38;28369.143;28372.964;28340.065;28342.31
20260803;13:39;28342.508;28346.619;28336.153;28338.176
20260803;13:40;28338.153;28339.075;28330.076;28331.208
20260803;13:41;28331.109;28337.476;28328.62;28336.453
20260803;13:42;28335.543;28339.443;28331.954;28337.476
20260803;13:43;28336.186;28339.399;28331.421;28337.219
20260803;13:44;28336.997;28354.575;28336.589;28352.897
20260803;13:45;28352.521;28354.631;28338.865;28348.121
20260803;13:46;28348.554;28350.887;28343.687;28348.01
20260803;13:47;28348.197;28349.208;28338.931;28342.689
20260803;13:48;28342.642;28344.219;28321.065;28323.953
20260803;13:49;28324.289;28339.553;28323.676;28336.519
20260803;13:50;28336.064;28336.064;28314.343;28314.343
20260803;13:51;28314.699;28316.331;28302.021;28306.198
20260803;13:52;28306.453;28308.697;28297.986;28302.31
20260803;13:53;28302.076;28303.443;28288.198;28297.521
20260803;13:54;28297.186;28299.62;28288.61;28290.453
20260803;13:55;28290.343;28293.719;28284.897;28285.065
20260803;13:56;28284.621;28294.02;28282.01;28292.009
20260803;13:57;28291.954;28295.209;28283.464;28294.608
20260803;13:58;28294.708;28296.198;28285.975;28294.553
20260803;13:59;28294.719;28300.399;28287.497;28299.175
20260803;14:00;28298.087;28298.132;28280.131;28281.398
20260803;14:01;28281.353;28282.689;28271.219;28276.32
20260803;14:02;28275.898;28282.597;28273.197;28278.954
20260803;14:03;28279.153;28280.889;28270.009;28271.91
20260803;14:04;28272.676;28286.998;28267.919;28274.019
20260803;14:05;28273.043;28279.486;28267.909;28268.699
20260803;14:06;28268.419;28269.953;28261.421;28263.608
20260803;14:07;28264.042;28275.698;28262.52;28275.542
20260803;14:08;28275.965;28292.51;28270.521;28292.51
20260803;14:09;28292.397;28296.631;28288.91;28294.619
20260803;14:10;28294.675;28295.976;28285.331;28292.02
20260803;14:11;28292.197;28293.608;28284.643;28287.942
20260803;14:12;28288.219;28296.699;28287.554;28293.554
20260803;14:13;28293.575;28311.332;28292.187;28310.709
20260803;14:14;28310.497;28313.599;28306.643;28313.01
20260803;14:15;28313.121;28324.42;28310.387;28321.343
20260803;14:16;28321.899;28325.11;28303.789;28304.986
20260803;14:17;28304.919;28316.497;28304.409;28316.009
20260803;14:18;28315.631;28319.509;28312.82;28317.708
20260803;14:19;28317.142;28319.421;28304.031;28317.508
20260803;14:20;28318.019;28325.386;28312.376;28324.931
20260803;14:21;28325.098;28335.32;28321.689;28331.376
20260803;14:22;28331.175;28334.443;28322.654;28327.189
20260803;14:23;28327.331;28328.575;28314.209;28314.209
20260803;14:24;28314.576;28317.289;28310.353;28312.41
20260803;14:25;28312.198;28322.364;28312.075;28320.909
20260803;14:26;28320.675;28326.564;28316.619;28316.619
20260803;14:27;28316.542;28327.689;28300.52;28327.553
20260803;14:28;28328.975;28337.598;28325.875;28336.097
20260803;14:29;28335.943;28339.62;28327.019;28327.321
20260803;14:30;28327.432;28338.543;28327.432;28333.876
20260803;14:31;28333.565;28340.019;28330.92;28335.92
20260803;14:32;28335.698;28338.589;28326.475;28326.475
20260803;14:33;28325.975;28330.41;28319.554;28323.176
20260803;14:34;28323.454;28332.709;28318.943;28332.31
20260803;14:35;28331.042;28333.864;28321.498;28327.387
20260803;14:36;28327.365;28331.289;28321.01;28329.497
20260803;14:37;28328.486;28330.364;28324.054;28326.987
20260803;14:38;28326.898;28330.486;28320.086;28322.132
20260803;14:39;28322.486;28331.51;28318.576;28324.61
20260803;14:40;28325.464;28334.475;28315.789;28326.853
20260803;14:41;28326.653;28342.887;28326.653;28338.964
20260803;14:42;28339.399;28345.687;28338.043;28342.998
20260803;14:43;28343.289;28356.143;28343.164;28353.099
20260803;14:44;28353.121;28365.487;28352.442;28365.42
20260803;14:45;28365.365;28369.609;28360.586;28363.699
20260803;14:46;28362.898;28365.689;28356.631;28357.843
20260803;14:47;28358.021;28358.098;28340.565;28346.386
20260803;14:48;28346.354;28347.521;28336.054;28338.075
20260803;14:49;28338.343;28340.609;28333.553;28336.321
20260803;14:50;28335.91;28337.353;28327.509;28328.464
20260803;14:51;28328.12;28347.199;28319.554;28344.475
20260803;14:52;28344.119;28345.331;28339.12;28340.554
20260803;14:53;28340.589;28346.41;28330.686;28342.932
20260803;14:54;28342.965;28352.208;28342.321;28347.51
20260803;14:55;28347.687;28350.187;28345.486;28347.709
20260803;14:56;28347.343;28357.52;28346.699;28347.119
20260803;14:57;28347.487;28347.954;28336.553;28336.799
20260803;14:58;28337.008;28345.186;28332.342;28339.108
20260803;14:59;28339.208;28342.598;28334.208;28337.697
20260803;15:00;28337.608;28349.564;28334.631;28337.708
20260803;15:01;28337.586;28341.454;28328.032;28334.008
20260803;15:02;28333.643;28336.632;28318.698;28321.108
20260803;15:03;28320.476;28335.076;28320.42;28330.875
20260803;15:04;28331.399;28345.109;28327.365;28344.498
20260803;15:05;28344.31;28354.898;28339.931;28354.689
20260803;15:06;28354.187;28355.486;28343.208;28345.508
20260803;15:07;28344.51;28350.664;28340.02;28349.189
20260803;15:08;28348.908;28349.076;28335.709;28339.821
20260803;15:09;28339.331;28340.675;28334.51;28337.609
20260803;15:10;28337.82;28344.665;28333.899;28344.198
20260803;15:11;28344.009;28346.164;28330.865;28334.364
20260803;15:12;28334.132;28339.186;28329.064;28333.365
20260803;15:13;28333.019;28339.219;28324.031;28327.475
20260803;15:14;28327.409;28338.453;28322.064;28338.453
20260803;15:15;28338.186;28347.854;28337.421;28343.453
20260803;15:16;28343.175;28353.675;28342.154;28350.998
20260803;15:17;28350.487;28353.387;28338.075;28349.387
20260803;15:18;28350.02;28370.299;28347.376;28367.121
20260803;15:19;28367.542;28367.699;28355.853;28365.154
20260803;15:20;28365.153;28367.789;28355.875;28358.008
20260803;15:21;28357.176;28357.176;28345.587;28346.031
20260803;15:22;28345.919;28355.432;28344.843;28351.153
20260803;15:23;28351.375;28357.699;28342.91;28343.675
20260803;15:24;28342.887;28357.676;28340.121;28349.897
20260803;15:25;28349.065;28349.065;28312.553;28312.553
20260803;15:26;28314.854;28316.41;28303.054;28307.175
20260803;15:27;28307.021;28309.964;28280.453;28290.153
20260803;15:28;28288.086;28296.987;28276.11;28285.331
20260803;15:29;28287.789;28298.543;28275.109;28297.387
20260803;15:30;28297.932;28310.398;28234.154;28236.887
20260803;15:31;28237.376;28261.075;28215.921;28227.198
20260803;15:32;28227.464;28243.987;28192.031;28227.832
20260803;15:33;28228.019;28240.909;28203.209;28234.965
20260803;15:34;28233.92;28280.654;28230.119;28258.997
20260803;15:35;28259.831;28340.143;28253.543;28327.664
20260803;15:36;28327.789;28379.087;28320.897;28377.742
20260803;15:37;28378.289;28416.731;28363.854;28366.419
20260803;15:38;28367.419;28383.697;28342.176;28378.721
20260803;15:39;28379.576;28396.632;28356.108;28379.853
20260803;15:40;28379.776;28399.286;28318.82;28348.198
20260803;15:41;28347.197;28369.389;28329.342;28345.853
20260803;15:42;28346.176;28357.876;28298.243;28309.221
20260803;15:43;28310.343;28324.81;28295.321;28317.232
20260803;15:44;28317.531;28375.389;28316.165;28370.531
20260803;15:45;28370.187;28402.319;28363.632;28367.664
20260803;15:46;28369.365;28379.864;28322.164;28327.565
20260803;15:47;28326.419;28373.375;28326.419;28373.086
20260803;15:48;28374.742;28416.32;28361.276;28389.399
20260803;15:49;28388.608;28388.608;28350.242;28351.875
20260803;15:50;28351.231;28374.889;28335.287;28345.042
20260803;15:51;28347.965;28383.942;28344.619;28382.032
20260803;15:52;28381.497;28384.998;28355.998;28366.443
20260803;15:53;28368.497;28400.542;28361.519;28399.076
20260803;15:54;28399.254;28402.41;28371.186;28401.799
20260803;15:55;28401.208;28441.208;28391.086;28434.043
20260803;15:56;28433.921;28443.065;28420.799;28436.032
20260803;15:57;28436.642;28461.41;28435.009;28459.308
20260803;15:58;28458.608;28486.676;28449.51;28481.642
20260803;15:59;28482.108;28503.986;28466.742;28501.753
20260803;16:00;28501.642;28501.642;28455.61;28480.975
20260803;16:01;28479.665;28481.998;28450.009;28458.531
20260803;16:02;28458.753;28462.72;28434.743;28459.698
20260803;16:03;28458.654;28487.554;28442.209;28444.231
20260803;16:04;28444.999;28446.299;28410.219;28429.653
20260803;16:05;28428.197;28456.042;28417.176;28446.942
20260803;16:06;28447.664;28472.609;28445.754;28456.732
20260803;16:07;28457.087;28463.253;28424.998;28428.042
20260803;16:08;28427.209;28454.075;28406.297;28441.998
20260803;16:09;28441.086;28460.697;28440.654;28446.587
20260803;16:10;28447.532;28476.053;28437.998;28463.299
20260803;16:11;28463.075;28480.799;28458.121;28477.21
20260803;16:12;28477.889;28491.609;28465.665;28469.286
20260803;16:13;28469.598;28484.664;28461.632;28466.753
20260803;16:14;28466.243;28466.243;28434.265;28446.608
20260803;16:15;28447.631;28452.199;28434.942;28452.065
20260803;16:16;28452.62;28494.319;28452.62;28485.521
20260803;16:17;28487.119;28497.442;28475.164;28489.464
20260803;16:18;28490.22;28512.289;28486.598;28504.808
20260803;16:19;28504.576;28508.999;28488.754;28489.119
20260803;16:20;28489.41;28514.953;28481.899;28512.443
20260803;16:21;28512.297;28525.687;28506.153;28525.021
20260803;16:22;28526.299;28535.531;28518.609;28519.275
20260803;16:23;28517.653;28533.976;28517.498;28531.531
20260803;16:24;28531.619;28540.776;28524.198;28537.075
20260803;16:25;28537.521;28555.299;28537.521;28539.242
20260803;16:26;28539.131;28542.776;28529.71;28542.087
20260803;16:27;28542.609;28546.789;28514.921;28529.531
20260803;16:28;28529.298;28547.476;28523.586;28532.143
20260803;16:29;28531.431;28559.11;28529.732;28553.621
20260803;16:30;28554.543;28557.921;28537.053;28544.72
20260803;16:31;28545.453;28559.198;28541.954;28549.289
20260803;16:32;28551.087;28560.11;28548.642;28552.009
20260803;16:33;28551.72;28566.787;28551.232;28558.642
20260803;16:34;28559.254;28563.732;28547.076;28559.521
20260803;16:35;28559.71;28573.108;28558.798;28572.543
20260803;16:36;28572.92;28586.219;28564.587;28582.275
20260803;16:37;28582.098;28596.243;28580.554;28586.653
20260803;16:38;28586.609;28593.031;28580.975;28584.132
20260803;16:39;28585.02;28606.532;28583.653;28591.786
20260803;16:40;28592.021;28605.297;28586.242;28601.521
20260803;16:41;28601.665;28610.131;28591.153;28595.299
20260803;16:42;28595.654;28598.265;28580.564;28592.109
20260803;16:43;28593.676;28594.699;28578.121;28591.098
20260803;16:44;28591.532;28596.687;28581.165;28581.664
20260803;16:45;28582.976;28589.564;28576.054;28577.01
20260803;16:46;28577.489;28607.987;28577.489;28603.309
20260803;16:47;28603.554;28608.809;28591.064;28602.776
20260803;16:48;28602.598;28616.598;28601.889;28606.198
20260803;16:49;28604.989;28619.632;28601.931;28614.064
20260803;16:50;28614.608;28625.719;28607.12;28625.719
20260803;16:51;28626.51;28653.521;28625.02;28652.021
20260803;16:52;28651.889;28658.42;28647.475;28656.309
20260803;16:53;28656.143;28670.91;28656.143;28670.91
20260803;16:54;28670.598;28673.031;28653.254;28655.175
20260803;16:55;28656.587;28673.876;28655.965;28664.41
20260803;16:56;28664.165;28673.164;28657.921;28659.697
20260803;16:57;28659.965;28668.187;28654.81;28663.686
20260803;16:58;28663.153;28668.442;28655.398;28668.11
20260803;16:59;28668.42;28675.721;28665.709;28674.131
20260803;17:00;28673.986;28673.986;28660.589;28665.343
20260803;17:01;28665.131;28670.489;28657.008;28668.153
20260803;17:02;28667.942;28671.389;28660.509;28663.965
20260803;17:03;28663.887;28666.875;28658.354;28663.287
20260803;17:04;28663.121;28665.854;28654.176;28663.72
20260803;17:05;28663.719;28668.243;28650.186;28650.186
20260803;17:06;28650.765;28650.765;28633.198;28650.164
20260803;17:07;28649.954;28664.819;28643.721;28658.486
20260803;17:08;28658.319;28661.754;28640.486;28650.898
20260803;17:09;28650.421;28652.286;28634.265;28639.776
20260803;17:10;28637.843;28640.008;28628.865;28637.209
20260803;17:11;28636.008;28637.919;28625.865;28637.409
20260803;17:12;28637.221;28639.798;28620.199;28639.798
20260803;17:13;28639.797;28653.309;28636.22;28642.743
20260803;17:14;28643.442;28648.709;28626.264;28630.399
20260803;17:15;28629.943;28647.999;28628.008;28646.965
20260803;17:16;28646.997;28659.599;28646.22;28654.653
20260803;17:17;28654.743;28655.72;28638.154;28649.199
20260803;17:18;28648.986;28656.197;28644.897;28650.153
20260803;17:19;28650.165;28658.264;28647.419;28653.389
20260803;17:20;28653.387;28671.186;28652.731;28669.854
20260803;17:21;28670.519;28670.519;28654.419;28659.286
20260803;17:22;28659.72;28665.253;28642.664;28664.765
20260803;17:23;28664.753;28666.142;28657.242;28663.519
20260803;17:24;28664.453;28667.719;28651.254;28652.842
20260803;17:25;28652.375;28664.786;28643.976;28643.976
20260803;17:26;28643.975;28650.765;28632.089;28633.499
20260803;17:27;28632.943;28639.353;28626.721;28631.832
20260803;17:28;28633.176;28635.654;28594.831;28609.41
20260803;17:29;28609.475;28615.899;28602.442;28606.397
20260803;17:30;28606.676;28634.599;28604.397;28622.965
20260803;17:31;28622.308;28646.821;28620.642;28633.71
20260803;17:32;28633.843;28643.976;28626.243;28629.475
20260803;17:33;28629.886;28646.809;28625.808;28646.009
20260803;17:34;28646.519;28652.487;28632.964;28635.464
20260803;17:35;28637.275;28647.875;28628.242;28647.81
20260803;17:36;28648.675;28650.499;28633.654;28635.754
20260803;17:37;28636.489;28640.008;28622.699;28627.765
20260803;17:38;28627.253;28635.686;28619.286;28628.365
20260803;17:39;28628.942;28646.375;28628.886;28638.91
20260803;17:40;28639.453;28659.665;28637.599;28652.797
20260803;17:41;28652.497;28661.208;28644.276;28647.954
20260803;17:42;28647.42;28658.089;28644.432;28655.475
20260803;17:43;28655.764;28660.342;28651.754;28654.275
20260803;17:44;28654.389;28658.876;28652.208;28654.954
20260803;17:45;28654.775;28665.889;28654.775;28658.489
20260803;17:46;28658.687;28665.719;28655.91;28660.187
20260803;17:47;28658.91;28661.376;28652.932;28657.886
20260803;17:48;28657.475;28660.331;28649.243;28652.699
20260803;17:49;28652.265;28667.921;28651.232;28658.389
20260803;17:50;28658.186;28662.41;28655.743;28660.487
20260803;17:51;28660.298;28663.987;28649.008;28659.431
20260803;17:52;28659.421;28664.732;28656.176;28663.432
20260803;17:53;28663.231;28680.489;28660.91;28679.676
20260803;17:54;28679.308;28685.164;28677.142;28677.664
20260803;17:55;28677.22;28678.297;28667.865;28672.698
20260803;17:56;28672.643;28674.297;28663.476;28663.476
20260803;17:57;28663.375;28665.786;28652.186;28658.353
20260803;17:58;28658.254;28666.689;28653.875;28661.332
20260803;17:59;28661.019;28668.865;28654.853;28664.81
20260803;18:00;28664.81;28680.919;28664.81;28672.389
20260803;18:01;28671.709;28678.698;28663.232;28674.931
20260803;18:02;28675.12;28679.489;28670.209;28676.589
20260803;18:03;28676.264;28681.498;28675.631;28680.886
20260803;18:04;28681.143;28687.764;28678.343;28679.686
20260803;18:05;28679.32;28690.998;28678.843;28690.332
20260803;18:06;28690.899;28692.899;28684.62;28687.375
20260803;18:07;28687.12;28689.242;28681.432;28681.432
20260803;18:08;28682.298;28693.389;28673.843;28675.298
20260803;18:09;28675.242;28686.989;28672.143;28685.175
20260803;18:10;28685.854;28686.676;28676.486;28682.443
20260803;18:11;28682.499;28685.897;28676.386;28678.431
20260803;18:12;28677.486;28682.999;28673.997;28682.499
20260803;18:13;28682.386;28684.899;28675.71;28681.386
20260803;18:14;28681.909;28691.209;28677.364;28687.187
20260803;18:15;28685.82;28692.899;28685.487;28689.742
20260803;18:16;28689.421;28701.499;28689.31;28697.898
20260803;18:17;28697.898;28707.797;28697.186;28707.797
20260803;18:18;28708.209;28715.899;28703.442;28715.631
20260803;18:19;28715.886;28719.853;28713.686;28717.708
20260803;18:20;28718.187;28719.353;28704.265;28704.265
20260803;18:21;28704.642;28711.797;28703.743;28707.665
20260803;18:22;28707.742;28713.487;28707.232;28713.232
20260803;18:23;28713.308;28716.999;28707.309;28708.708
20260803;18:24;28708.875;28709.189;28699.843;28705.864
20260803;18:25;28705.831;28712.164;28705.831;28709.599
20260803;18:26;28709.508;28710.831;28698.519;28701.975
20260803;18:27;28702.242;28712.131;28701.131;28708.309
20260803;18:28;28708.286;28710.798;28704.775;28707.72
20260803;18:29;28707.899;28711.699;28706.809;28709.365
20260803;18:30;28710.489;28713.189;28708.508;28713.189
20260803;18:31;28713.887;28716.965;28710.398;28712.689
20260803;18:32;28712.654;28716.276;28695.921;28707.821
20260803;18:33;28706.775;28710.664;28705.375;28708.231
20260803;18:34;28708.364;28713.986;28707.797;28707.853
20260803;18:35;28708.275;28709.919;28698.42;28707.864
20260803;18:36;28707.943;28710.886;28699.92;28700.709
20260803;18:37;28700.689;28702.919;28695.509;28695.509
20260803;18:38;28695.998;28699.189;28688.908;28698.243
20260803;18:39;28698.753;28702.708;28688.865;28694.965
20260803;18:40;28695.089;28701.365;28694.254;28697.91
20260803;18:41;28697.919;28700.297;28692.932;28695.898
20260803;18:42;28695.886;28695.886;28685.154;28687.997
20260803;18:43;28687.975;28702.019;28684.254;28699.787
20260803;18:44;28699.921;28707.798;28699.61;28706.675
20260803;18:45;28706.697;28709.375;28703.376;28705.286
20260803;18:46;28705.331;28715.298;28703.732;28710.11
20260803;18:47;28710.221;28710.653;28703.431;28705.631
20260803;18:48;28705.865;28708.398;28704.253;28706.843
20260803;18:49;28706.953;28710.343;28704.943;28705.121
20260803;18:50;28705.419;28714.509;28705.164;28713.797
20260803;18:51;28713.831;28715.465;28700.842;28703.175
20260803;18:52;28702.732;28703.697;28692.842;28696.099
20260803;18:53;28695.699;28703.886;28692.386;28702.697
20260803;18:54;28702.61;28707.399;28693.731;28695.475
20260803;18:55;28695.854;28701.508;28692.719;28695.664
20260803;18:56;28695.475;28701.654;28693.21;28700.489
20260803;18:57;28700.264;28705.386;28696.753;28704.832
20260803;18:58;28705.786;28706.309;28698.632;28699.286
20260803;18:59;28699.186;28699.899;28692.82;28694.465
20260803;19:00;28694.887;28699.231;28686.81;28687.91
20260803;19:01;28688.12;28699.442;28687.953;28694.686
20260803;19:02;28694.365;28705.099;28690.932;28699.909
20260803;19:03;28699.698;28699.699;28687.954;28695.464
20260803;19:04;28695.386;28700.453;28690.91;28699.921
20260803;19:05;28699.71;28705.631;28696.953;28701.697
20260803;19:06;28701.697;28703.732;28698.387;28703.219
20260803;19:07;28703.464;28705.231;28699.487;28700.376
20260803;19:08;28699.965;28701.889;28696.142;28701.453
20260803;19:09;28701.465;28714.189;28701.465;28709.297
20260803;19:10;28709.199;28725.399;28708.71;28725.399
20260803;19:11;28725.264;28735.287;28724.942;28730.132
20260803;19:12;28730.731;28734.72;28730.331;28730.499
20260803;19:13;28730.121;28734.753;28728.286;28732.821
20260803;19:14;28732.987;28735.309;28730.386;28730.386
20260803;19:15;28729.932;28739.208;28728.353;28730.599
20260803;19:16;28730.442;28735.198;28729.099;28730.709
20260803;19:17;28730.709;28734.832;28728.476;28734.209
20260803;19:18;28733.832;28742.853;28731.986;28741.176
20260803;19:19;28741.243;28743.364;28734.275;28742.519
20260803;19:20;28742.719;28743.189;28733.708;28733.854
20260803;19:21;28734.11;28741.343;28733.12;28738.719
20260803;19:22;28739.399;28748.189;28739.186;28747.142
20260803;19:23;28747.389;28753.399;28746.943;28750.854
20260803;19:24;28751.209;28754.219;28749.842;28751.221
20260803;19:25;28751.899;28752.909;28746.786;28746.875
20260803;19:26;28746.765;28754.409;28745.376;28754.275
20260803;19:27;28754.32;28762.808;28752.942;28754.089
20260803;19:28;28753.987;28759.732;28752.354;28753.376
20260803;19:29;28753.331;28758.675;28753.331;28757.854
20260803;19:30;28757.953;28762.209;28757.832;28759.197
20260803;19:31;28759.132;28760.397;28750.32;28753.92
20260803;19:32;28754.176;28755.999;28747.742;28752.964
20260803;19:33;28753.354;28761.887;28749.853;28758.621
20260803;19:34;28758.465;28765.875;28756.219;28764.132
20260803;19:35;28764.153;28766.089;28759.354;28763.943
20260803;19:36;28763.998;28766.486;28759.153;28759.443
20260803;19:37;28759.61;28762.142;28756.91;28757.319
20260803;19:38;28757.776;28759.489;28752.454;28757.731
20260803;19:39;28757.665;28758.089;28750.431;28751.286
20260803;19:40;28751.332;28754.908;28747.332;28754.364
20260803;19:41;28754.843;28756.909;28751.676;28755.876
20260803;19:42;28755.876;28760.331;28755.242;28758.132
20260803;19:43;28757.875;28759.62;28753.376;28753.653
20260803;19:44;28753.854;28759.731;28753.475;28759.731
20260803;19:45;28759.587;28768.364;28759.175;28763.898
20260803;19:46;28763.943;28768.189;28763.375;28765.587
20260803;19:47;28765.086;28770.799;28764.364;28765.119
20260803;19:48;28765.076;28769.042;28763.043;28768.843
20260803;19:49;28768.864;28769.599;28762.843;28766.854
20260803;19:50;28767.119;28771.789;28765.021;28766.342
20260803;19:51;28766.032;28768.689;28765.365;28768.087
20260803;19:52;28768.32;28770.089;28766.898;28769.586
20260803;19:53;28769.521;28772.865;28768.198;28771.419
20260803;19:54;28771.153;28774.099;28770.52;28773.789
20260803;19:55;28773.686;28788.898;28773.32;28784.521
20260803;19:56;28785.009;28791.331;28784.843;28786.076
20260803;19:57;28786.02;28794.108;28785.709;28792.843
20260803;19:58;28792.998;28796.108;28791.142;28791.998
20260803;19:59;28791.897;28796.589;28790.521;28792.597
20260803;20:00;28792.387;28804.321;28792.387;28799.419
20260803;20:01;28799.799;28808.02;28798.153;28800.132
20260803;20:02;28800.175;28809.119;28800.175;28806.875
20260803;20:03;28806.697;28811.199;28805.02;28811.075
20260803;20:04;28811.189;28821.609;28810.554;28820.331
20260803;20:05;28820.132;28832.619;28820.132;28829.542
20260803;20:06;28829.487;28830.51;28823.619;28829.009
20260803;20:07;28828.908;28831.599;28822.521;28823.719
20260803;20:08;28823.886;28829.587;28816.521;28829.587
20260803;20:09;28830.475;28831.919;28827.521;28828.943
20260803;20:10;28829.087;28838.789;28827.965;28836.409
20260803;20:11;28836.453;28836.609;28818.32;28819.487
20260803;20:12;28818.842;28823.089;28809.475;28819.109
20260803;20:13;28819.299;28824.289;28812.342;28816.121
20260803;20:14;28816.321;28819.399;28813.553;28814.608
20260803;20:15;28816.432;28828.899;28815.175;28825.419
20260803;20:16;28825.689;28829.599;28824.475;28828.976
20260803;20:17;28829.086;28833.608;28819.076;28820.008
20260803;20:18;28820.01;28821.899;28810.087;28810.699
20260803;20:19;28810.689;28810.689;28800.531;28802.876
20260803;20:20;28803.32;28805.089;28794.02;28801.208
20260803;20:21;28801.354;28807.089;28795.142;28801.176
20260803;20:22;28801.575;28808.609;28798.697;28806.621
20260803;20:23;28807.789;28809.608;28803.921;28808.531
20260803;20:24;28808.876;28808.876;28794.61;28796.065
20260803;20:25;28796.199;28801.899;28789.009;28791.931
20260803;20:26;28792.454;28792.831;28783.887;28784.789
20260803;20:27;28784.41;28784.486;28772.854;28777.831
20260803;20:28;28777.832;28778.487;28766.431;28768.089
20260803;20:29;28768.464;28773.475;28765.431;28767.065
20260803;20:30;28766.631;28781.076;28765.142;28765.354
20260803;20:31;28765.854;28772.208;28761.187;28771.353
20260803;20:32;28772.131;28775.599;28768.497;28774.821
20260803;20:33;28774.665;28777.789;28762.41;28764.687
20260803;20:34;28765.189;28774.389;28760.031;28766.564
20260803;20:35;28767.62;28772.353;28765.519;28769.92
20260803;20:36;28770.432;28773.997;28757.942;28763.986
20260803;20:37;28764.143;28766.189;28758.065;28766.189
20260803;20:38;28766.508;28773.189;28759.332;28773.065
20260803;20:39;28773.397;28776.431;28762.476;28763.943
20260803;20:40;28764.586;28768.965;28761.41;28767.854
20260803;20:41;28769.02;28776.289;28762.697;28776.132
20260803;20:42;28777.975;28780.019;28771.454;28773.209
20260803;20:43;28772.998;28781.364;28772.365;28780.719
20260803;20:44;28780.321;28789.053;28780.153;28787.987
20260803;20:45;28787.475;28797.164;28779.864;28782.343
20260803;20:46;28782.576;28783.986;28767.176;28783.154
20260803;20:47;28782.331;28783.142;28772.643;28776.387
20260803;20:48;28776.354;28789.365;28774.831;28789.087
20260803;20:49;28789.021;28797.299;28787.32;28796.086
20260803;20:50;28796.209;28798.399;28787.019;28787.976
20260803;20:51;28787.443;28793.089;28785.02;28791.008
20260803;20:52;28790.62;28796.898;28789.932;28790.889
20260803;20:53;28791.865;28800.486;28789.543;28795.954
20260803;20:54;28797.065;28798.464;28789.543;28789.543
20260803;20:55;28789.521;28793.799;28786.865;28787.421
20260803;20:56;28787.699;28789.898;28782.021;28782.42
20260803;20:57;28782.009;28786.575;28779.332;28786.575
20260803;20:58;28786.42;28792.32;28783.587;28789.976
20260803;20:59;28789.832;28791.631;28781.51;28782.076
20260803;21:00;28782.32;28809.831;28781.076;28799.598
20260803;21:01;28799.498;28817.364;28797.543;28812.165
20260803;21:02;28812.053;28818.419;28811.543;28812.421
20260803;21:03;28811.576;28815.598;28807.421;28812.575
20260803;21:04;28813.375;28813.699;28803.832;28808.575
20260803;21:05;28808.789;28811.454;28787.186;28796.542
20260803;21:06;28796.676;28804.199;28786.932;28801.009
20260803;21:07;28801.109;28801.621;28792.709;28792.965
20260803;21:08;28792.12;28792.831;28780.132;28790.097
20260803;21:09;28790.589;28790.654;28783.065;28784.197
20260803;21:10;28784.021;28790.608;28782.442;28783.864
20260803;21:11;28784.332;28794.042;28783.143;28792.419
20260803;21:12;28792.464;28794.409;28786.409;28789.576
20260803;21:13;28789.508;28789.508;28770.087;28775.443
20260803;21:14;28775.642;28779.965;28771.31;28774.575
20260803;21:15;28774.219;28785.108;28773.431;28783.82
20260803;21:16;28784.299;28788.654;28778.887;28782.676
20260803;21:17;28783.021;28792.497;28779.043;28789.865
20260803;21:18;28789.843;28796.586;28788.519;28790.654
20260803;21:19;28790.487;28799.432;28790.354;28797.409
20260803;21:20;28798.398;28800.397;28787.487;28787.876
20260803;21:21;28787.542;28795.187;28785.719;28793.687
20260803;21:22;28793.719;28798.364;28792.689;28795.219
20260803;21:23;28795.054;28797.389;28791.642;28792.632
20260803;21:24;28792.843;28796.708;28790.443;28791.198
20260803;21:25;28790.675;28793.497;28787.576;28788.686
20260803;21:26;28788.219;28793.289;28784.543;28789.043
20260803;21:27;28789.143;28796.964;28788.675;28796.62
20260803;21:28;28796.82;28798.675;28784.886;28784.886
20260803;21:29;28783.676;28792.587;28783.065;28787.832
20260803;21:30;28787.832;28800.587;28786.708;28789.964
20260803;21:31;28790.353;28795.042;28781.464;28790.175
20260803;21:32;28790.021;28791.631;28783.832;28783.853
20260803;21:33;28784.11;28785.889;28778.908;28779.032
20260803;21:34;28779.419;28790.486;28778.976;28786.987
20260803;21:35;28786.487;28792.964;28786.487;28790.842
20260803;21:36;28790.92;28798.165;28780.508;28781.553
20260803;21:37;28782.386;28786.343;28778.31;28784.321
20260803;21:38;28785.02;28788.486;28781.01;28781.675
20260803;21:39;28781.609;28786.389;28777.021;28779.176
20260803;21:40;28780.097;28785.376;28774.987;28785.299
20260803;21:41;28784.909;28788.986;28774.597;28776.854
20260803;21:42;28777.142;28785.365;28776.664;28781.576
20260803;21:43;28781.653;28784.408;28778.497;28780.998
20260803;21:44;28780.942;28794.321;28780.854;28790.099
20260803;21:45;28789.932;28793.342;28786.821;28789.397
20260803;21:46;28789.699;28791.921;28776.608;28781.108
20260803;21:47;28780.597;28789.289;28777.01;28787.064
20260803;21:48;28787.408;28796.41;28786.12;28789.487
20260803;21:49;28789.343;28792.498;28787.198;28790.521
20260803;21:50;28790.197;28807.086;28789.586;28796.289
20260803;21:51;28796.354;28809.299;28794.054;28802.409
20260803;21:52;28802.642;28810.375;28801.186;28802.509
20260803;21:53;28803.165;28806.099;28783.81;28784.453
20260803;21:54;28784.432;28784.432;28766.364;28774.654
20260803;21:55;28773.931;28773.975;28753.453;28756.219
20260803;21:56;28756.532;28758.519;28740.976;28757.353
20260803;21:57;28758.019;28766.853;28755.219;28763.175
20260803;21:58;28762.799;28775.919;28761.976;28770.986
20260803;21:59;28771.153;28778.875;28756.409;28774.343
20260803;22:00;28774.108;28776.054;28754.675;28754.675
20260803;22:01;28753.998;28771.099;28753.299;28769.687
20260803;22:02;28768.52;28768.52;28756.908;28763.698
20260803;22:03;28763.476;28765.699;28757.009;28760.453
20260803;22:04;28760.631;28764.189;28753.654;28758.919
20260803;22:05;28769.01;28780.089;28765.997;28776.176
20260803;22:06;28776.032;28782.975;28772.653;28779.697
20260803;22:07;28779.719;28780.189;28774.064;28779.843
20260803;22:08;28779.676;28781.187;28776.553;28780.509
20260803;22:09;28779.82;28786.175;28778.31;28783.365
20260803;22:10;28783.353;28790.609;28783.087;28787.097
20260803;22:11;28786.998;28791.589;28781.154;28784.832
20260803;22:12;28784.564;28786.654;28779.487;28780.598
20260803;22:13;28780.41;28785.921;28780.121;28782.219
20260803;22:14;28782.609;28788.564;28780.031;28785.719
20260804;00:00;28805.465;28820.51;28804.664;28813.953
20260804;00:01;28813.399;28816.542;28808.864;28814.086
20260804;00:02;28814.364;28818.932;28808.109;28808.12
20260804;00:03;28808.32;28808.897;28799.42;28803.589
20260804;00:04;28803.598;28808.532;28801.075;28805.565
20260804;00:05;28807.054;28815.508;28804.665;28812.375
20260804;00:06;28811.931;28812.865;28806.709;28806.843
20260804;00:07;28806.675;28818.82;28805.898;28818.675
20260804;00:08;28818.931;28821.398;28814.02;28818.209
20260804;00:09;28818.132;28819.919;28817.086;28818.075
20260804;00:10;28817.921;28824.399;28817.087;28823.943
20260804;00:11;28824.032;28826.508;28823.487;28825.842
20260804;00:12;28826.065;28826.153;28822.154;28824.398
20260804;00:13;28824.187;28827.387;28807.486;28808.52
20260804;00:14;28809.008;28810.199;28800.631;28805.553
20260804;00:15;28805.42;28823.642;28805.42;28820.687
20260804;00:16;28821.189;28825.299;28819.52;28821.109
20260804;00:17;28821.476;28822.41;28817.975;28819.52
20260804;00:18;28819.653;28820.943;28817.976;28819.075
20260804;00:19;28818.676;28823.632;28817.564;28821.376
20260804;00:20;28821.075;28823.099;28814.92;28820.843
20260804;00:21;28820.976;28822.397;28817.62;28818.042
20260804;00:22;28817.942;28821.699;28816.509;28820.453
20260804;00:23;28821.01;28824.076;28820.42;28822.41
20260804;00:24;28821.41;28822.431;28820.32;28822.143
20260804;00:25;28822.386;28822.443;28818.854;28819.965
20260804;00:26;28819.865;28819.865;28814.943;28817.476
20260804;00:27;28817.931;28822.698;28817.931;28821.542
20260804;00:28;28821.219;28822.91;28819.419;28821.51
20260804;00:29;28821.387;28822.065;28819.52;28820.289
20260804;00:30;28820.599;28822.299;28817.32;28818.098
20260804;00:31;28818.009;28819.409;28815.975;28818.009
20260804;00:32;28817.599;28819.108;28813.41;28813.41
20260804;00:33;28813.608;28815.699;28810.353;28815.699
20260804;00:34;28815.889;28835.208;28815.564;28827.832
20260804;00:35;28827.532;28827.532;28815.643;28821.076
20260804;00:36;28821.51;28829.509;28821.431;28823.853
20260804;00:37;28823.342;28825.198;28821.509;28823.909
20260804;00:38;28824.175;28826.419;28822.82;28826.409
20260804;00:39;28826.198;28831.589;28826.143;28827.998
20260804;00:40;28828.62;28838.176;28828.176;28837.464
20260804;00:41;28837.098;28838.789;28835.686;28837.097
20260804;00:42;28837.708;28838.676;28836.02;28837.097
20260804;00:43;28837.075;28837.699;28834.464;28834.853
20260804;00:44;28834.676;28835.889;28833.621;28834.432
20260804;00:45;28833.419;28834.842;28824.01;28827.098
20260804;00:46;28826.998;28828.589;28824.176;28827.065
20260804;00:47;28827.143;28827.143;28818.675;28824.431
20260804;00:48;28824.542;28828.199;28824.431;28825.408
20260804;00:49;28825.443;28827.531;28820.442;28824.099
20260804;00:50;28822.899;28823.409;28819.209;28821.02
20260804;00:51;28820.997;28823.032;28820.075;28820.919
20260804;00:52;28822.41;28824.942;28821.853;28822.531
20260804;00:53;28822.954;28828.175;28822.708;28822.708
20260804;00:54;28822.619;28829.198;28819.198;28828.399
20260804;00:55;28828.487;28828.487;28825.697;28826.653
20260804;00:56;28827.409;28827.708;28824.11;28824.289
20260804;00:57;28824.019;28825.089;28823.142;28824.52
20260804;00:58;28824.698;28824.698;28822.021;28822.719
20260804;00:59;28825.289;28825.289;28821.865;28822.508
20260804;01:00;28822.121;28822.921;28818.076;28820.665
20260804;01:01;28819.576;28824.089;28815.41;28815.465
20260804;01:02;28815.331;28824.897;28813.331;28821.664
20260804;01:03;28821.586;28824.62;28821.586;28824.62
20260804;01:04;28824.586;28824.586;28817.131;28817.419
20260804;01:05;28817.143;28819.153;28815.199;28817.021
20260804;01:06;28817.209;28817.897;28807.632;28809.143
20260804;01:07;28808.697;28813.589;28808.009;28809.698
20260804;01:08;28810.065;28812.597;28808.554;28812.354
20260804;01:09;28813.219;28814.554;28811.386;28814.476
20260804;01:10;28814.564;28817.699;28813.51;28817.143
20260804;01:11;28816.465;28818.887;28815.542;28817.142
20260804;01:12;28816.909;28817.599;28812.454;28814.364
20260804;01:13;28814.175;28814.608;28811.986;28813.654
20260804;01:14;28814.042;28815.92;28812.61;28814.887
20260804;01:15;28814.719;28821.289;28814.631;28820.976
20260804;01:16;28820.897;28826.199;28818.631;28824.12
20260804;01:17;28824.054;28825.409;28822.986;28824.619
20260804;01:18;28824.82;28826.089;28821.709;28824.589
20260804;01:19;28824.486;28833.564;28824.465;28827.931
20260804;01:20;28828.019;28831.289;28828.01;28831.198
20260804;01:21;28830.864;28833.219;28827.342;28831.631
20260804;01:22;28831.564;28834.109;28830.353;28831.842
20260804;01:23;28831.621;28832.331;28825.909;28828.476
20260804;01:24;28828.12;28829.409;28824.832;28824.832
20260804;01:25;28825.12;28826.987;28824.664;28825.708
20260804;01:26;28825.908;28825.908;28818.986;28822.664
20260804;01:27;28822.432;28828.019;28822.31;28826.975
20260804;01:28;28827.032;28827.032;28822.887;28823.364
20260804;01:29;28823.153;28826.354;28822.575;28825.453
20260804;01:30;28825.564;28826.564;28821.042;28821.042
20260804;01:31;28821.008;28824.699;28818.632;28823.965
20260804;01:32;28824.119;28832.889;28822.976;28831.575
20260804;01:33;28831.032;28831.599;28827.932;28829.375
20260804;01:34;28829.164;28836.408;28829.164;28832.865
20260804;01:35;28833.289;28833.799;28830.121;28830.799
20260804;01:36;28830.065;28833.889;28829.964;28832.62
20260804;01:37;28832.475;28832.889;28828.542;28828.932
20260804;01:38;28828.698;28828.698;28811.675;28811.942
20260804;01:39;28812.042;28816.189;28811.332;28814.932
20260804;01:40;28814.843;28816.419;28814.087;28816.131
20260804;01:41;28816.575;28823.009;28815.92;28820.789
20260804;01:42;28820.676;28822.875;28818.542;28819.51
20260804;01:43;28818.92;28822.908;28818.92;28820.976
20260804;01:44;28821.065;28822.475;28817.31;28818.053
20260804;01:45;28817.986;28835.197;28817.008;28833.032
20260804;01:46;28832.965;28833.789;28827.608;28833.042
20260804;01:47;28833.197;28840.397;28833.197;28836.332
20260804;01:48;28836.431;28837.486;28831.365;28832.899
20260804;01:49;28833.065;28834.353;28830.454;28833.289
20260804;01:50;28833.208;28840.186;28831.865;28835.108
20260804;01:51;28834.986;28837.597;28827.31;28830.842
20260804;01:52;28831.019;28835.097;28829.554;28831.099
20260804;01:53;28830.708;28834.289;28825.053;28830.087
20260804;01:54;28830.709;28832.597;28827.31;28829.365
20260804;01:55;28829.454;28830.853;28825.898;28828.843
20260804;01:56;28829.508;28837.943;28828.554;28835.676
20260804;01:57;28835.932;28838.199;28832.686;28835.421
20260804;01:58;28834.876;28840.019;28834.109;28839.219
20260804;01:59;28839.542;28848.799;28835.92;28848.032
20260804;02:00;28846.854;28847.408;28818.154;28828.553
20260804;02:01;28829.187;28842.687;28826.064;28841.865
20260804;02:02;28841.942;28846.589;28837.421;28842.143
20260804;02:03;28841.954;28847.954;28837.454;28847.621
20260804;02:04;28847.875;28853.219;28843.698;28844.675
20260804;02:05;28843.832;28850.865;28840.176;28844.498
20260804;02:06;28844.576;28846.589;28835.51;28835.976
20260804;02:07;28836.431;28842.189;28825.719;28840.343
20260804;02:08;28840.465;28844.487;28835.164;28835.443
20260804;02:09;28835.587;28849.486;28832.853;28839.364
20260804;02:10;28840.089;28840.089;28827.553;28830.186
20260804;02:11;28830.521;28831.61;28818.132;28824.853
20260804;02:12;28825.01;28826.719;28804.842;28809.497
20260804;02:13;28808.865;28812.31;28805.343;28806.575
20260804;02:14;28806.908;28814.689;28805.565;28808.699
20260804;02:15;28808.475;28810.62;28788.32;28791.099
20260804;02:16;28790.965;28794.943;28785.864;28788.643
20260804;02:17;28788.598;28797.189;28786.165;28791.589
20260804;02:18;28791.365;28793.608;28780.52;28787.108
20260804;02:19;28786.986;28796.153;28784.643;28790.098
20260804;02:20;28789.887;28801.486;28786.01;28801.486
20260804;02:21;28801.419;28803.609;28795.464;28795.464
20260804;02:22;28795.598;28795.986;28787.543;28788.997
20260804;02:23;28789.065;28790.699;28778.01;28781.521
20260804;02:24;28781.876;28795.864;28781.109;28791.008
20260804;02:25;28789.686;28800.343;28784.343;28799.075
20260804;02:26;28799.189;28799.189;28793.097;28797.41
20260804;02:27;28797.665;28797.665;28780.554;28782.454
20260804;02:28;28782.386;28789.375;28780.51;28782.931
20260804;02:29;28783.164;28786.431;28780.442;28783.143
20260804;02:30;28783.02;28783.91;28769.432;28774.086
20260804;02:31;28774.076;28776.599;28767.443;28769.854
20260804;02:32;28769.598;28772.697;28766.009;28768.82
20260804;02:33;28768.953;28781.065;28767.498;28773.919
20260804;02:34;28774.599;28775.609;28758.954;28760.987
20260804;02:35;28759.876;28759.954;28749.498;28749.864
20260804;02:36;28749.62;28763.208;28749.465;28756.41
20260804;02:37;28756.131;28761.375;28753.187;28753.987
20260804;02:38;28754.289;28762.364;28749.542;28762.131
20260804;02:39;28762.299;28766.189;28754.197;28759.421
20260804;02:40;28759.187;28765.398;28751.609;28753.42
20260804;02:41;28753.132;28757.387;28747.41;28748.986
20260804;02:42;28748.954;28755.81;28741.954;28746.075
20260804;02:43;28746.886;28771.476;28746.32;28770.009
20260804;02:44;28769.621;28772.464;28764.143;28768.075
20260804;02:45;28767.708;28772.686;28750.12;28756.186
20260804;02:46;28756.586;28757.599;28747.542;28755.043
20260804;02:47;28754.719;28759.364;28749.976;28755.586
20260804;02:48;28755.887;28776.609;28753.397;28772.431
20260804;02:49;28773.498;28775.599;28767.943;28769.01
20260804;02:50;28768.621;28775.453;28760.453;28763.386
20260804;02:51;28763.597;28778.021;28762.608;28777.01
20260804;02:52;28777.589;28780.699;28775.331;28775.854
20260804;02:53;28775.698;28785.208;28773.831;28783.62
20260804;02:54;28783.532;28785.019;28769.42;28770.665
20260804;02:55;28771.619;28774.789;28753.708;28755.543
20260804;02:56;28754.976;28768.921;28747.219;28756.664
20260804;02:57;28756.497;28761.887;28751.954;28757.408
20260804;02:58;28757.376;28757.821;28745.854;28750.532
20260804;02:59;28751.108;28754.598;28747.342;28754.51
20260804;03:00;28753.087;28753.589;28730.386;28733.675
20260804;03:01;28733.453;28744.097;28730.621;28743.164
20260804;03:02;28742.521;28751.81;28730.699;28732.61
20260804;03:03;28732.509;28733.899;28711.31;28715.565
20260804;03:04;28715.854;28728.442;28708.799;28726.921
20260804;03:05;28725.821;28739.186;28725.132;28735.954
20260804;03:06;28735.509;28738.799;28715.476;28719.889
20260804;03:07;28719.843;28737.12;28719.454;28730.931
20260804;03:08;28730.586;28736.919;28728.932;28735.031
20260804;03:09;28733.931;28736.098;28722.653;28732.821
20260804;03:10;28733.008;28744.408;28728.665;28742.642
20260804;03:11;28742.589;28742.589;28735.954;28739.131
20260804;03:12;28739.376;28743.419;28736.186;28741.089
20260804;03:13;28740.943;28748.197;28735.086;28738.619
20260804;03:14;28739.198;28745.575;28734.831;28737.497
20260804;03:15;28737.643;28754.465;28736.986;28749.053
20260804;03:16;28749.599;28749.599;28729.598;28730.654
20260804;03:17;28730.353;28736.821;28728.931;28734.664
20260804;03:18;28734.486;28746.175;28732.909;28744.476
20260804;03:19;28744.899;28757.054;28739.153;28753.575
20260804;03:20;28753.41;28767.042;28751.587;28764.942
20260804;03:21;28764.876;28768.91;28757.631;28765.398
20260804;03:22;28766.332;28770.699;28764.509;28770.289
20260804;03:23;28770.019;28770.476;28759.51;28764.01
20260804;03:24;28764.342;28765.921;28757.675;28761.519
20260804;03:25;28761.587;28765.154;28756.565;28756.919
20260804;03:26;28756.886;28760.689;28749.919;28760.086
20260804;03:27;28760.343;28771.409;28755.575;28770.476
20260804;03:28;28770.886;28776.409;28766.108;28776.409
20260804;03:29;28776.487;28779.689;28771.676;28778.943
20260804;03:30;28779.42;28799.332;28776.131;28794.821
20260804;03:31;28794.689;28800.289;28788.843;28789.442
20260804;03:32;28789.687;28796.376;28788.587;28791.564
20260804;03:33;28790.976;28796.089;28784.465;28784.465
20260804;03:34;28784.575;28801.654;28784.208;28801.31
20260804;03:35;28801.953;28810.199;28799.62;28804.997
20260804;03:36;28804.854;28807.354;28795.931;28796.465
20260804;03:37;28796.899;28800.409;28788.62;28790.886
20260804;03:38;28790.698;28797.087;28787.942;28791.209
20260804;03:39;28791.453;28794.676;28781.621;28783.621
20260804;03:40;28783.898;28795.789;28782.619;28793.698
20260804;03:41;28793.52;28811.631;28793.52;28809.099
20260804;03:42;28808.876;28812.643;28805.976;28807.108
20260804;03:43;28807.497;28810.889;28806.189;28808.875
20260804;03:44;28809.408;28820.132;28807.954;28819.876
20260804;03:45;28819.619;28833.589;28818.831;28829.42
20260804;03:46;28829.375;28836.199;28828.321;28831.642
20260804;03:47;28831.632;28839.832;28830.343;28838.619
20260804;03:48;28838.832;28841.909;28835.564;28840.543
20260804;03:49;28840.81;28847.831;28838.443;28842.209
20260804;03:50;28842.109;28850.487;28842.109;28846.321
20260804;03:51;28845.965;28888.321;28844.354;28888.321
20260804;03:52;28887.187;28891.009;28883.064;28889.032
20260804;03:53;28889.121;28914.608;28886.608;28906.599
20260804;03:54;28906.164;28924.608;28905.41;28915.864
20260804;03:55;28916.031;28918.008;28912.121;28913.143
20260804;03:56;28913.698;28918.642;28905.608;28905.676
20260804;03:57;28905.109;28914.608;28903.01;28912.331
20260804;03:58;28912.175;28918.475;28907.009;28917.332
20260804;03:59;28917.443;28920.853;28913.009;28918.209
20260804;04:00;28917.975;28920.719;28910.154;28911.031
20260804;04:01;28910.998;28921.689;28910.031;28921.689
20260804;04:02;28921.332;28921.332;28899.821;28901.164
20260804;04:03;28901.342;28904.487;28893.831;28895.575
20260804;04:04;28895.686;28901.889;28888.686;28890.11
20260804;04:05;28889.997;28890.697;28871.975;28872.386
20260804;04:06;28872.41;28874.487;28858.11;28874.442
20260804;04:07;28874.519;28880.465;28866.932;28872.053
20260804;04:08;28871.699;28880.597;28871.289;28875.021
20260804;04:09;28874.81;28877.919;28870.121;28876.208
20260804;04:10;28876.598;28877.098;28845.51;28853.143
20260804;04:11;28853.054;28863.008;28848.987;28857.886
20260804;04:12;28857.442;28866.676;28851.454;28866.621
20260804;04:13;28866.586;28868.599;28857.931;28857.931
20260804;04:14;28858.342;28862.332;28846.82;28848.497
20260804;04:15;28847.432;28851.354;28843.199;28845.175
20260804;04:16;28844.953;28846.632;28839.942;28841.599
20260804;04:17;28841.143;28844.519;28837.009;28842.687
20260804;04:18;28842.889;28853.889;28839.454;28852.908
20260804;04:19;28852.343;28852.889;28841.686;28847.542
20260804;04:20;28847.897;28854.709;28834.842;28834.842
20260804;04:21;28834.698;28841.476;28820.387;28824.686
20260804;04:22;28824.676;28837.099;28820.921;28836.11
20260804;04:23;28836.421;28840.476;28830.142;28836.554
20260804;04:24;28837.075;28842.709;28833.421;28841.032
20260804;04:25;28840.643;28844.698;28829.51;28844.486
20260804;04:26;28844.61;28846.799;28837.032;28846.565
20260804;04:27;28846.042;28846.042;28829.543;28832.51
20260804;04:28;28832.343;28838.919;28828.853;28838.175
20260804;04:29;28838.698;28839.089;28824.653;28826.299
20260804;04:30;28826.389;28849.332;28825.587;28848.421
20260804;04:31;28849.208;28853.931;28841.142;28850.198
20260804;04:32;28850.299;28851.376;28845.289;28849.897
20260804;04:33;28850.075;28858.909;28846.932;28856.165
20260804;04:34;28855.61;28857.419;28846.931;28850.697
20260804;04:35;28851.031;28860.289;28849.409;28850.698
20260804;04:36;28850.864;28857.031;28845.665;28847.41
20260804;04:37;28848.109;28861.865;28844.175;28859.889
20260804;04:38;28859.865;28870.399;28859.01;28868.121
20260804;04:39;28868.498;28868.799;28856.519;28861.431
20260804;04:40;28861.675;28868.976;28851.908;28867.609
20260804;04:41;28868.497;28870.408;28862.054;28863.143
20260804;04:42;28861.519;28864.699;28854.519;28859.621
20260804;04:43;28859.564;28862.954;28853.91;28858.909
20260804;04:44;28859.289;28866.654;28855.976;28862.421
20260804;04:45;28862.653;28864.164;28854.031;28858.621
20260804;04:46;28858.564;28859.897;28842.653;28847.854
20260804;04:47;28847.708;28848.486;28840.954;28843.92
20260804;04:48;28844.375;28849.41;28837.532;28848.498
20260804;04:49;28848.475;28854.697;28847.487;28848.376
20260804;04:50;28847.642;28854.108;28842.332;28852.942
20260804;04:51;28853.042;28867.508;28853.042;28866.442
20260804;04:52;28866.11;28868.621;28858.075;28861.697
20260804;04:53;28861.621;28864.864;28857.943;28860.865
20260804;04:54;28861.065;28864.476;28857.709;28864.476
20260804;04:55;28864.197;28864.587;28858.832;28858.832
20260804;04:56;28859.599;28862.709;28855.042;28860.053
20260804;04:57;28859.821;28863.465;28856.019;28861.343
20260804;04:58;28861.598;28862.189;28850.986;28854.099
20260804;04:59;28853.62;28853.987;28847.532;28850.01
20260804;05:00;28850.186;28864.664;28847.164;28861.532
20260804;05:01;28861.176;28863.389;28851.831;28862.587
20260804;05:02;28862.632;28869.098;28858.843;28864.699
20260804;05:03;28864.52;28866.353;28856.654;28859.41
20260804;05:04;28859.399;28859.399;28840.686;28845.208
20260804;05:05;28845.697;28847.921;28834.821;28844.176
20260804;05:06;28844.409;28846.932;28836.042;28836.442
20260804;05:07;28836.409;28848.598;28835.143;28847.443
20260804;05:08;28847.108;28847.108;28828.708;28828.708
20260804;05:09;28829.453;28836.665;28827.41;28836.131
20260804;05:10;28836.043;28837.399;28827.875;28832.199
20260804;05:11;28832.086;28836.399;28813.508;28813.887
20260804;05:12;28814.043;28815.864;28810.887;28815.12
20260804;05:13;28815.121;28816.698;28810.289;28815.899
20260804;05:14;28815.897;28823.589;28814.61;28819.932
20260804;05:15;28820.154;28825.008;28812.943;28824.832
20260804;05:16;28824.575;28828.175;28820.175;28826.842
20260804;05:17;28826.954;28829.654;28813.219;28814.52
20260804;05:18;28814.789;28821.098;28810.098;28820.353
20260804;05:19;28820.643;28822.41;28817.564;28821.208
20260804;05:20;28821.454;28833.11;28816.443;28831.197
20260804;05:21;28832.089;28836.554;28826.942;28831.376
20260804;05:22;28831.299;28840.599;28827.187;28839.886
20260804;05:23;28839.876;28852.364;28837.831;28845.342
20260804;05:24;28845.475;28849.208;28841.709;28848.409
20260804;05:25;28849.108;28852.099;28846.919;28848.143
20260804;05:26;28848.364;28851.299;28844.621;28850.908
20260804;05:27;28850.975;28858.409;28847.508;28858.143
20260804;05:28;28857.889;28862.654;28849.521;28849.521
20260804;05:29;28849.509;28854.019;28847.131;28853.953
20260804;05:30;28853.676;28865.431;28853.676;28865.431
20260804;05:31;28866.142;28868.199;28859.61;28863.789
20260804;05:32;28863.064;28880.676;28861.789;28877.12
20260804;05:33;28877.119;28878.099;28870.697;28875.664
20260804;05:34;28875.365;28878.699;28870.664;28874.142
20260804;05:35;28873.399;28876.598;28868.087;28874.487
20260804;05:36;28874.799;28875.008;28863.189;28868.108
20260804;05:37;28868.199;28869.689;28863.976;28865.365
20260804;05:38;28864.676;28872.009;28861.51;28865.531
20260804;05:39;28865.676;28868.199;28861.331;28865.821
20260804;05:40;28865.531;28866.676;28851.865;28851.909
20260804;05:41;28851.976;28853.099;28837.62;28843.575
20260804;05:42;28842.943;28843.498;28836.921;28839.386
20260804;05:43;28839.053;28841.964;28835.554;28839.209
20260804;05:44;28839.108;28845.132;28836.098;28844.832
20260804;05:45;28844.553;28846.799;28835.142;28839.398
20260804;05:46;28839.11;28862.589;28838.831;28854.343
20260804;05:47;28854.408;28855.586;28849.586;28854.189
20260804;05:48;28853.899;28861.098;28852.653;28860.086
20260804;05:49;28859.92;28862.197;28856.42;28860.065
20260804;05:50;28859.676;28866.399;28858.343;28860.219
20260804;05:51;28859.942;28863.609;28859.453;28862.676
20260804;05:52;28862.008;28868.289;28861.91;28866.408
20260804;05:53;28866.52;28867.589;28857.031;28863.498
20260804;05:54;28863.531;28866.064;28859.532;28861.454
20260804;05:55;28861.164;28869.689;28859.91;28864.497
20260804;05:56;28864.664;28871.009;28863.198;28870.942
20260804;05:57;28870.81;28872.889;28866.01;28870.043
20260804;05:58;28869.964;28882.699;28869.686;28881.189
20260804;05:59;28880.909;28881.654;28871.132;28872.31
20260804;06:00;28872.699;28877.589;28872.699;28874.02
20260804;06:01;28873.81;28877.899;28870.642;28875.853
20260804;06:02;28876.119;28883.219;28873.909;28879.964
20260804;06:03;28879.889;28881.487;28870.61;28870.61
20260804;06:04;28871.197;28872.508;28860.365;28861.954
20260804;06:05;28862.075;28864.389;28855.132;28858.064
20260804;06:06;28857.887;28863.089;28856.543;28857.821
20260804;06:07;28857.52;28874.699;28855.631;28873.399
20260804;06:08;28873.932;28874.189;28865.932;28867.654
20260804;06:09;28868.165;28871.897;28863.953;28866.997
20260804;06:10;28866.454;28867.189;28857.81;28858.843
20260804;06:11;28858.198;28861.643;28851.61;28853.321
20260804;06:12;28853.121;28853.399;28847.175;28848.697
20260804;06:13;28848.486;28849.919;28845.51;28847.943
20260804;06:14;28847.889;28854.921;28846.643;28853.91
20260804;06:15;28854.042;28863.487;28851.664;28858.397
20260804;06:16;28858.432;28865.975;28854.042;28865.487
20260804;06:17;28865.11;28878.375;28864.676;28877.075
20260804;06:18;28877.054;28879.342;28875.51;28876.532
20260804;06:19;28876.832;28886.699;28876.397;28884.089
20260804;06:20;28884.109;28885.62;28881.186;28881.186
20260804;06:21;28881.108;28883.589;28875.643;28878.976
20260804;06:22;28878.642;28883.664;28878.153;28883.542
20260804;06:23;28883.108;28883.209;28879.187;28882.508
20260804;06:24;28882.165;28884.432;28880.676;28884.432
20260804;06:25;28884.321;28887.321;28881.943;28881.943
20260804;06:26;28882.042;28893.343;28881.497;28890.208
20260804;06:27;28890.108;28891.498;28888.353;28889.854
20260804;06:28;28889.976;28890.464;28882.909;28884.719
20260804;06:29;28884.342;28886.497;28883.398;28884.42
20260804;06:30;28884.676;28889.689;28884.02;28888.332
20260804;06:31;28888.076;28889.887;28886.521;28888.075
20260804;06:32;28887.931;28891.354;28885.632;28885.931
20260804;06:33;28886.032;28887.189;28883.098;28885.342
20260804;06:34;28885.387;28886.708;28882.876;28884.009
20260804;06:35;28883.075;28886.054;28880.032;28882.498
20260804;06:36;28882.699;28884.509;28874.519;28874.942
20260804;06:37;28874.91;28878.608;28874.91;28876.621
20260804;06:38;28875.709;28880.121;28875.054;28879.143
20260804;06:39;28878.964;28880.689;28874.865;28875.108
20260804;06:40;28875.12;28880.897;28873.486;28877.642
20260804;06:41;28879.31;28881.331;28876.353;28876.854
20260804;06:42;28876.698;28879.497;28874.02;28874.086
20260804;06:43;28874.219;28877.197;28872.887;28873.431
20260804;06:44;28873.908;28880.065;28872.864;28876.476
20260804;06:45;28876.186;28886.708;28871.61;28886.599
20260804;06:46;28886.342;28887.31;28878.342;28879.089
20260804;06:47;28878.942;28886.089;28878.876;28884.81
20260804;06:48;28885.209;28886.089;28881.608;28884.076
20260804;06:49;28884.375;28887.686;28881.654;28886.889
20260804;06:50;28886.897;28888.542;28883.598;28883.853
20260804;06:51;28884.142;28892.31;28881.164;28891.497
20260804;06:52;28891.376;28895.289;28891.01;28892.119
20260804;06:53;28892.176;28897.098;28890.131;28895.821
20260804;06:54;28895.575;28899.699;28893.554;28895.397
20260804;06:55;28895.075;28897.789;28894.443;28896.699
20260804;06:56;28896.654;28900.454;28896.654;28897.865
20260804;06:57;28897.609;28898.099;28890.543;28890.832
20260804;06:58;28890.51;28890.976;28885.175;28885.908
20260804;06:59;28885.899;28893.089;28880.099;28893.089
20260804;07:00;28893.119;28898.964;28879.51;28879.921
20260804;07:01;28879.642;28885.664;28876.465;28879.643
20260804;07:02;28879.289;28883.843;28872.086;28882.92
20260804;07:03;28882.02;28885.621;28870.542;28872.219
20260804;07:04;28872.699;28883.199;28872.62;28879.708
20260804;07:05;28879.653;28882.621;28874.076;28875.331
20260804;07:06;28875.432;28877.176;28871.609;28876.208
20260804;07:07;28876.408;28883.508;28875.399;28879.954
20260804;07:08;28879.631;28881.521;28875.92;28879.153
20260804;07:09;28879.42;28885.699;28877.876;28882.943
20260804;07:10;28883.099;28883.432;28867.397;28871.197
20260804;07:11;28870.065;28871.41;28863.042;28865.676
20260804;07:12;28865.219;28865.665;28855.81;28858.387
20260804;07:13;28858.01;28867.189;28856.898;28860.421
20260804;07:14;28860.842;28866.376;28860.832;28864.889
20260804;07:15;28864.542;28877.354;28860.121;28874.689
20260804;07:16;28874.132;28877.142;28866.376;28868.498
20260804;07:17;28868.675;28872.289;28862.91;28872.208
20260804;07:18;28871.921;28873.864;28869.186;28869.931
20260804;07:19;28870.219;28881.432;28868.289;28881.432
20260804;07:20;28881.564;28892.432;28878.91;28889.054
20260804;07:21;28888.843;28889.289;28883.854;28889.289
20260804;07:22;28888.964;28890.443;28885.676;28886.686
20260804;07:23;28886.864;28891.089;28885.186;28886.954
20260804;07:24;28887.186;28896.189;28886.332;28896.189
20260804;07:25;28895.931;28897.689;28888.531;28888.531
20260804;07:26;28888.431;28893.919;28888.354;28893.219
20260804;07:27;28892.976;28895.498;28886.653;28894.964
20260804;07:28;28895.164;28900.32;28883.086;28899.853
20260804;07:29;28899.987;28906.508;28898.887;28903.153
20260804;07:30;28903.431;28914.664;28901.92;28913.398
20260804;07:31;28913.397;28916.31;28910.543;28914.397
20260804;07:32;28914.387;28916.32;28911.31;28915.564
20260804;07:33;28915.509;28916.789;28910.52;28910.632
20260804;07:34;28910.887;28921.975;28910.886;28918.897
20260804;07:35;28918.453;28937.986;28918.386;28930.675
20260804;07:36;28930.31;28943.108;28927.619;28939.031
20260804;07:37;28939.132;28942.875;28938.531;28940.397
20260804;07:38;28940.097;28951.554;28937.431;28941.719
20260804;07:39;28942.443;28942.443;28926.098;28926.619
20260804;07:40;28926.421;28930.008;28923.531;28928.843
20260804;07:41;28929.598;28936.587;28928.343;28929.097
20260804;07:42;28929.01;28934.598;28928.62;28932.642
20260804;07:43;28931.987;28939.199;28931.41;28932.098
20260804;07:44;28930.521;28938.11;28930.42;28934.953
20260804;07:45;28934.842;28935.431;28921.054;28931.076
20260804;07:46;28930.986;28931.886;28925.653;28929.119
20260804;07:47;28929.219;28935.419;28929.154;28929.61
20260804;07:48;28929.476;28930.653;28924.908;28928.353
20260804;07:49;28929.219;28930.343;28926.02;28927.709
20260804;07:50;28926.554;28927.689;28920.61;28923.31
20260804;07:51;28923.042;28936.097;28922.565;28933.897
20260804;07:52;28933.964;28941.032;28933.143;28938.142
20260804;07:53;28938.397;28941.61;28937.332;28937.608
20260804;07:54;28937.864;28938.876;28935.408;28936.397
20260804;07:55;28936.086;28939.589;28931.087;28938.998
20260804;07:56;28939.199;28942.887;28937.31;28937.986
20260804;07:57;28938.332;28946.031;28935.91;28946.031
20260804;07:58;28946.01;28950.508;28943.031;28948.175
20260804;07:59;28948.076;28951.421;28947.62;28950.043
20260804;08:00;28950.299;28957.699;28947.953;28949.408
20260804;08:01;28949.175;28951.189;28944.121;28950.709
20260804;08:02;28950.676;28956.853;28948.119;28953.62
20260804;08:03;28953.942;28957.854;28949.521;28952.353
20260804;08:04;28952.62;28957.208;28950.564;28952.376
20260804;08:05;28952.053;28953.098;28945.443;28946.143
20260804;08:06;28946.409;28959.598;28945.598;28956.431
20260804;08:07;28957.053;28964.643;28952.332;28964.643
20260804;08:08;28965.519;28966.465;28954.576;28957.931
20260804;08:09;28958.01;28960.119;28955.609;28958.619
20260804;08:10;28958.386;28963.342;28956.553;28962.31
20260804;08:11;28962.165;28964.199;28960.975;28962.41
20260804;08:12;28962.531;28967.397;28958.687;28966.32
20260804;08:13;28966.165;28969.099;28963.719;28965.132
20260804;08:14;28965.086;28966.497;28962.61;28966.497
20260804;08:15;28966.109;28970.864;28966.109;28968.009
20260804;08:16;28967.675;28967.876;28961.52;28962.387
20260804;08:17;28963.053;28964.564;28959.175;28959.175
20260804;08:18;28959.11;28961.643;28954.942;28955.386
20260804;08:19;28955.531;28959.587;28953.708;28959.587
20260804;08:20;28959.521;28962.089;28957.01;28961.11
20260804;08:21;28961.799;28967.899;28956.386;28966.997
20260804;08:22;28967.109;28970.899;28966.043;28966.521
20260804;08:23;28967.442;28972.189;28961.376;28961.376
20260804;08:24;28961.554;28963.454;28959.52;28962.821
20260804;08:25;28962.953;28971.009;28961.064;28969.421
20260804;08:26;28969.164;28975.431;28967.053;28968.164
20260804;08:27;28968.097;28970.389;28965.597;28965.976
20260804;08:28;28966.176;28968.387;28958.92;28959.387
20260804;08:29;28959.443;28963.443;28957.054;28959.576
20260804;08:30;28958.543;28958.543;28949.898;28952.421
20260804;08:31;28952.62;28966.353;28950.832;28964.399
20260804;08:32;28964.353;28965.419;28960.01;28960.664
20260804;08:33;28960.853;28961.486;28955.953;28956.442
20260804;08:34;28956.419;28957.186;28946.51;28947.931
20260804;08:35;28948.299;28948.299;28938.186;28938.321
20260804;08:36;28938.497;28939.008;28931.854;28934.564
20260804;08:37;28934.576;28935.998;28932.531;28935.486
20260804;08:38;28935.487;28935.487;28926.875;28932.087
20260804;08:39;28932.299;28938.876;28931.832;28933.354
20260804;08:40;28933.532;28936.942;28926.954;28927.575
20260804;08:41;28927.321;28927.519;28924.121;28924.619
20260804;08:42;28925.099;28925.199;28919.853;28922.643
20260804;08:43;28922.876;28926.898;28922.043;28924.399
20260804;08:44;28924.431;28932.075;28924.431;28931.842
20260804;08:45;28932.31;28932.643;28928.91;28931.587
20260804;08:46;28931.431;28938.998;28930.598;28938.154
20260804;08:47;28937.92;28940.197;28932.087;28934.908
20260804;08:48;28934.599;28937.332;28930.864;28932.965
20260804;08:49;28933.154;28935.81;28932.175;28934.119
20260804;08:50;28934.408;28938.32;28932.31;28937.708
20260804;08:51;28937.442;28938.199;28935.898;28936.908
20260804;08:52;28937.097;28937.887;28933.643;28934.699
20260804;08:53;28934.52;28937.998;28933.831;28933.831
20260804;08:54;28934.008;28941.587;28932.875;28939.054
20260804;08:55;28939.008;28942.699;28938.098;28940.587
20260804;08:56;28940.453;28941.386;28932.853;28933.842
20260804;08:57;28933.976;28936.589;28930.821;28936.098
20260804;08:58;28936.589;28938.132;28930.332;28932.554
20260804;08:59;28932.909;28950.675;28932.82;28949.875
20260804;09:00;28949.554;28956.676;28947.009;28954.031
20260804;09:01;28953.821;28970.419;28952.02;28970.353
20260804;09:02;28970.432;28977.554;28966.842;28973.708
20260804;09:03;28973.608;28973.608;28960.153;28971.121
20260804;09:04;28971.799;28977.399;28969.053;28972.789
20260804;09:05;28972.187;28973.364;28960.842;28972.376
20260804;09:06;28972.431;28972.497;28952.389;28952.389
20260804;09:07;28952.019;28953.543;28940.508;28942.421
20260804;09:08;28942.442;28944.464;28937.986;28937.986
20260804;09:09;28938.289;28938.931;28930.654;28931.509
20260804;09:10;28932.153;28939.875;28929.31;28932.365
20260804;09:11;28931.975;28936.799;28927.31;28929.075
20260804;09:12;28929.121;28929.419;28914.554;28928.587
20260804;09:13;28927.642;28946.299;28925.464;28943.642
20260804;09:14;28943.699;28946.886;28936.053;28946.375
20260804;09:15;28946.453;28952.599;28940.11;28941.586
20260804;09:16;28941.198;28964.532;28940.698;28963.608
20260804;09:17;28962.599;28964.889;28957.887;28962.942
20260804;09:18;28962.909;28963.599;28941.82;28946.943
20260804;09:19;28946.864;28954.375;28945.41;28946.631
20260804;09:20;28946.854;28958.208;28943.064;28958.087
20260804;09:21;28958.519;28960.032;28951.954;28958.932
20260804;09:22;28959.431;28960.709;28951.82;28954.565
20260804;09:23;28954.476;28961.354;28954.476;28957.486
20260804;09:24;28957.419;28968.464;28955.553;28967.92
20260804;09:25;28968.209;28970.699;28965.531;28967.075
20260804;09:26;28966.998;28983.632;28966.998;28981.586
20260804;09:27;28981.442;28985.019;28980.364;28980.899
20260804;09:28;28980.654;28985.699;28978.497;28982.321
20260804;09:29;28982.389;28982.953;28975.342;28976.443
20260804;09:30;28976.187;28986.409;28974.032;28985.554
20260804;09:31;28985.531;28989.065;28980.531;28989.065
20260804;09:32;28987.52;28989.02;28979.119;28982.454
20260804;09:33;28982.52;28994.621;28982.443;28990.332
20260804;09:34;28990.697;28994.608;28980.82;28981.009
20260804;09:35;28980.975;28982.475;28969.053;28969.143
20260804;09:36;28969.187;28972.032;28962.32;28968.042
20260804;09:37;28968.386;28968.564;28959.619;28960.664
20260804;09:38;28960.376;28962.643;28958.31;28959.589
20260804;09:39;28959.432;28965.299;28957.654;28965.089
20260804;09:40;28965.042;28969.699;28964.042;28965.097
20260804;09:41;28965.131;28969.82;28959.409;28962.564
20260804;09:42;28962.686;28963.086;28952.053;28953.089
20260804;09:43;28952.321;28959.589;28951.853;28952.599
20260804;09:44;28951.932;28959.376;28951.631;28958.554
20260804;09:45;28958.909;28962.889;28956.01;28962.064
20260804;09:46;28961.821;28965.976;28959.054;28964.154
20260804;09:47;28964.642;28968.686;28962.509;28966.054
20260804;09:48;28966.353;28981.599;28963.542;28981.31
20260804;09:49;28981.176;28986.109;28979.497;28981.51
20260804;09:50;28981.31;28982.354;28965.886;28966.497
20260804;09:51;28966.564;28971.408;28965.364;28966.543
20260804;09:52;28965.953;28968.031;28958.531;28962.064
20260804;09:53;28962.219;28966.099;28961.987;28964.997
20260804;09:54;28964.81;28965.589;28952.365;28953.886
20260804;09:55;28953.586;28956.032;28950.332;28954.043
20260804;09:56;28953.987;28954.419;28946.109;28946.419
20260804;09:57;28946.575;28950.419;28943.332;28944.054
20260804;09:58;28944.186;28948.409;28944.109;28946.32
20260804;09:59;28946.219;28949.089;28943.189;28948.408
20260804;10:00;28948.509;28954.589;28944.642;28951.41
20260804;10:01;28951.365;28974.665;28949.81;28974.543
20260804;10:02;28975.665;28976.587;28970.986;28975.032
20260804;10:03;28975.186;28994.331;28974.121;28987.476
20260804;10:04;28987.997;28993.442;28984.621;28986.408
20260804;10:05;28986.91;28993.61;28983.908;28993.209
20260804;10:06;28993.198;29000.575;28989.208;28991.199
20260804;10:07;28991.976;29000.631;28991.976;28994.543
20260804;10:08;28994.52;28997.875;28983.31;28994.154
20260804;10:09;28994.189;29000.465;28991.464;28996.487
20260804;10:10;28996.11;28996.121;28981.132;28993.099
20260804;10:11;28992.91;28995.008;28983.654;28987.654
20260804;10:12;28987.986;28993.431;28986.143;28989.043
20260804;10:13;28989.508;28992.098;28981.665;28990.019
20260804;10:14;28989.998;28991.454;28977.197;28985.589
20260804;10:15;28985.664;28997.397;28981.964;28994.897
20260804;10:16;28994.164;29001.375;28993.032;28999.109
20260804;10:17;28998.664;28999.699;28993.964;28997.421
20260804;10:18;28997.997;29000.576;28992.909;28997.143
20260804;10:19;28996.831;29000.119;28992.598;28996.142
20260804;10:20;28996.053;29007.689;28995.61;29004.889
20260804;10:21;29005.208;29008.821;29003.165;29006.498
20260804;10:22;29006.531;29007.699;28992.542;28994.189
20260804;10:23;28994.065;28996.399;28989.153;28990.41
20260804;10:24;28990.675;28991.554;28976.976;28980.889
20260804;10:25;28981.065;28986.153;28979.542;28981.699
20260804;10:26;28982.454;28985.109;28979.097;28984.943
20260804;10:27;28984.898;28985.565;28974.12;28975.687
20260804;10:28;28975.964;28985.02;28973.953;28985.02
20260804;10:29;28985.12;28989.043;28980.943;28988.387
20260804;10:30;28989.01;28989.01;28975.898;28979.542
20260804;10:31;28979.521;28984.142;28974.998;28977.919
20260804;10:32;28977.676;28978.089;28960.021;28960.189
20260804;10:33;28959.908;28962.099;28950.087;28952.065
20260804;10:34;28952.342;28955.399;28940.831;28952.931
20260804;10:35;28953.389;28958.119;28950.31;28951.842
20260804;10:36;28952.121;28952.532;28939.897;28942.409
20260804;10:37;28941.864;28946.919;28937.521;28945.853
20260804;10:38;28945.975;28947.998;28940.019;28947.642
20260804;10:39;28947.575;28952.554;28944.332;28951.51
20260804;10:40;28951.897;28953.609;28941.431;28941.686
20260804;10:41;28941.521;28945.165;28938.943;28943.689
20260804;10:42;28943.564;28944.689;28939.198;28941.889
20260804;10:43;28941.81;28945.789;28937.943;28938.843
20260804;10:44;28938.91;28947.453;28937.521;28946.208
20260804;10:45;28945.976;28946.41;28927.353;28931.219
20260804;10:46;28931.208;28931.589;28915.687;28919.376
20260804;10:47;28919.676;28936.443;28917.342;28934.621
20260804;10:48;28935.189;28943.299;28933.608;28941.586
20260804;10:49;28941.432;28942.199;28937.12;28937.454
20260804;10:50;28937.421;28943.219;28935.41;28939.997
20260804;10:51;28939.843;28942.009;28935.987;28938.189
20260804;10:52;28936.964;28941.687;28934.664;28939.389
20260804;10:53;28939.043;28944.519;28937.419;28937.543
20260804;10:54;28937.631;28942.199;28937.142;28941.799
20260804;10:55;28941.41;28951.376;28940.076;28948.097
20260804;10:56;28947.843;28954.219;28947.087;28953.82
20260804;10:57;28953.51;28954.589;28951.121;28952.687
20260804;10:58;28952.62;28954.399;28948.908;28950.697
20260804;10:59;28950.542;28951.064;28937.854;28946.109
20260804;11:00;28945.654;28945.654;28934.943;28937.62
20260804;11:01;28938.054;28945.832;28927.554;28941.642
20260804;11:02;28942.321;28943.92;28922.198;28925.009
20260804;11:03;28925.219;28929.964;28924.643;28925.086
20260804;11:04;28924.864;28925.853;28917.289;28922.698
20260804;11:05;28922.364;28927.998;28920.154;28920.154
20260804;11:06;28920.421;28922.653;28910.698;28912.164
20260804;11:07;28912.587;28912.931;28899.832;28903.875
20260804;11:08;28903.91;28904.865;28897.532;28897.543
20260804;11:09;28897.653;28902.497;28894.453;28900.075
20260804;11:10;28899.987;28903.699;28897.675;28899.197
20260804;11:11;28899.708;28904.821;28894.608;28894.697
20260804;11:12;28894.576;28907.865;28893.354;28900.842
20260804;11:13;28900.643;28902.189;28889.321;28896.531
20260804;11:14;28896.342;28915.32;28896.02;28910.009
20260804;11:15;28910.421;28912.964;28904.92;28905.965
20260804;11:16;28906.175;28906.175;28891.421;28891.931
20260804;11:17;28891.132;28895.289;28884.632;28894.664
20260804;11:18;28894.554;28896.543;28886.187;28896.187
20260804;11:19;28895.931;28900.098;28891.442;28899.698
20260804;11:20;28900.008;28902.92;28894.653;28901.408
20260804;11:21;28902.019;28902.464;28892.609;28894.697
20260804;11:22;28894.442;28900.008;28892.686;28898.598
20260804;11:23;28898.698;28907.789;28897.987;28904.164
20260804;11:24;28904.053;28907.954;28903.075;28904.331
20260804;11:25;28904.086;28907.386;28898.332;28905.699
20260804;11:26;28905.676;28908.943;28902.998;28908.82
20260804;11:27;28908.642;28916.665;28906.62;28907.12
20260804;11:28;28907.143;28920.675;28904.964;28916.075
20260804;11:29;28916.564;28922.553;28914.375;28922.11
20260804;11:30;28922.843;28927.219;28919.831;28923.586
20260804;11:31;28923.565;28930.919;28922.12;28927.389
20260804;11:32;28927.176;28929.454;28924.043;28928.687
20260804;11:33;28928.586;28933.364;28925.086;28931.209
20260804;11:34;28930.876;28931.865;28927.353;28930.053
20260804;11:35;28931.075;28934.542;28928.009;28931.889
20260804;11:36;28931.832;28935.199;28927.631;28933.186
20260804;11:37;28933.376;28935.876;28928.187;28930.398
20260804;11:38;28930.108;28940.419;28927.897;28939.843
20260804;11:39;28939.643;28943.097;28938.875;28942.609
20260804;11:40;28942.887;28955.387;28942.887;28948.608
20260804;11:41;28948.521;28957.864;28948.521;28957.387
20260804;11:42;28957.399;28957.399;28953.619;28955.086
20260804;11:43;28954.61;28957.608;28953.065;28953.065
20260804;11:44;28952.865;28955.619;28951.332;28953.831
20260804;11:45;28953.921;28962.509;28944.02;28959.532
20260804;11:46;28960.064;28961.054;28938.02;28940.887
20260804;11:47;28940.31;28956.799;28938.621;28951.008
20260804;11:48;28950.932;28956.789;28950.932;28953.719
20260804;11:49;28953.387;28960.899;28952.831;28958.565
20260804;11:50;28958.389;28958.389;28947.442;28947.442
20260804;11:51;28947.208;28948.299;28935.432;28942.154
20260804;11:52;28942.065;28948.521;28939.931;28940.198
20260804;11:53;28940.486;28945.708;28938.508;28939.564
20260804;11:54;28939.342;28945.909;28938.408;28940.187
20260804;11:55;28939.953;28941.899;28936.397;28941.008
20260804;11:56;28940.599;28945.399;28938.442;28942.187
20260804;11:57;28941.621;28944.687;28937.432;28942.219
20260804;11:58;28942.498;28950.909;28941.631;28949.509
20260804;11:59;28949.542;28954.689;28949.01;28954.508
20260804;12:00;28954.843;28957.51;28943.898;28950.619
20260804;12:01;28950.419;28957.689;28949.097;28956.832
20260804;12:02;28956.799;28960.532;28955.953;28959.376
20260804;12:03;28959.386;28964.376;28950.532;28954.597
20260804;12:04;28954.41;28955.409;28951.364;28952.653
20260804;12:05;28953.199;28960.842;28950.187;28960.397
20260804;12:06;28960.42;28967.854;28959.431;28965.498
20260804;12:07;28965.608;28970.799;28964.208;28968.431
20260804;12:08;28968.889;28971.589;28964.932;28969.376
20260804;12:09;28969.486;28973.799;28968.589;28971.953
20260804;12:10;28972.064;28974.164;28967.665;28972.553
20260804;12:11;28972.708;28984.299;28972.475;28983.931
20260804;12:12;28984.31;28987.399;28981.698;28981.82
20260804;12:13;28981.598;28984.889;28977.331;28982.899
20260804;12:14;28982.52;28988.42;28981.331;28983.065
20260804;12:15;28983.142;28984.199;28972.076;28972.076
20260804;12:16;28973.099;28979.008;28969.82;28972.953
20260804;12:17;28973.554;28977.675;28963.997;28975.186
20260804;12:18;28975.675;28978.599;28972.619;28976.597
20260804;12:19;28976.498;28979.475;28972.331;28973.342
20260804;12:20;28973.553;28981.521;28967.364;28976.921
20260804;12:21;28977.543;28985.399;28972.121;28984.91
20260804;12:22;28984.675;28987.289;28981.92;28985.789
20260804;12:23;28985.82;28988.52;28984.421;28987.62
20260804;12:24;28988.076;28992.419;28986.089;28988.031
20260804;12:25;28988.154;28991.189;28985.175;28986.632
20260804;12:26;28986.443;28987.899;28984.719;28986.464
20260804;12:27;28985.931;28989.887;28982.632;28983.397
20260804;12:28;28983.454;28983.454;28972.442;28972.442
20260804;12:29;28971.61;28976.409;28971.565;28972.876
20260804;12:30;28974.01;28987.965;28972.476;28984.919
20260804;12:31;28984.299;28985.443;28973.942;28975.498
20260804;12:32;28975.91;28983.065;28970.887;28980.376
20260804;12:33;28981.132;28982.599;28973.131;28980.399
20260804;12:34;28982.419;28984.12;28970.386;28971.387
20260804;12:35;28970.821;28972.089;28968.32;28971.553
20260804;12:36;28971.476;28973.12;28953.209;28956.854
20260804;12:37;28956.631;28968.454;28956.054;28959.997
20260804;12:38;28959.886;28962.186;28951.053;28953.32
20260804;12:39;28954.643;28963.954;28954.008;28963.954
20260804;12:40;28963.631;28969.421;28962.176;28969.421
20260804;12:41;28969.632;28969.686;28964.12;28966.486
20260804;12:42;28966.709;28966.709;28960.598;28962.699
20260804;12:43;28962.91;28973.919;28962.453;28967.932
20260804;12:44;28968.01;29007.31;28962.054;28998.108
20260804;12:45;28998.508;29016.942;28990.919;29012.597
20260804;12:46;29012.487;29020.019;29003.898;29013.387
20260804;12:47;29013.098;29020.01;29005.92;29012.865
20260804;12:48;29013.419;29018.943;29006.531;29013.065
20260804;12:49;29012.665;29020.41;29005.176;29009.009
20260804;12:50;29009.498;29010.664;28993.553;28994.008
20260804;12:51;28993.976;28997.132;28988.643;28993.843
20260804;12:52;28993.531;29008.62;28990.065;29006.199
20260804;12:53;29006.164;29006.164;28990.92;28992.454
20260804;12:54;28992.642;28997.065;28988.887;28996.654
20260804;12:55;28996.432;29000.799;28994.898;28997.587
20260804;12:56;28997.698;28998.01;28986.675;28988.608
20260804;12:57;28988.686;28994.008;28980.799;28990.187
20260804;12:58;28990.321;28999.686;28990.321;28995.589
20260804;12:59;28995.521;28997.409;28990.042;28993.153
20260804;13:00;28993.219;29010.899;28993.175;29009.198
20260804;13:01;29009.289;29014.599;29000.076;29013.353
20260804;13:02;29013.521;29017.189;29008.632;29013.986
20260804;13:03;29013.831;29023.321;29010.608;29019.354
20260804;13:04;29020.399;29022.619;29015.109;29019.076
20260804;13:05;29018.965;29023.498;29011.564;29021.52
20260804;13:06;29021.875;29021.899;29012.897;29015.165
20260804;13:07;29015.386;29017.875;29009.931;29010.521
20260804;13:08;29010.598;29017.664;29007.376;29010.019
20260804;13:09;29010.431;29010.81;29002.032;29006.41
20260804;13:10;29006.043;29009.142;29001.799;29006.476
20260804;13:11;29006.631;29007.198;28997.476;28997.553
20260804;13:12;28998.464;29006.91;28997.131;29002.109
20260804;13:13;29001.832;29018.543;29001.354;29018.397
20260804;13:14;29018.41;29026.453;29017.831;29021.131
20260804;13:15;29021.165;29025.476;29019.186;29023.054
20260804;13:16;29023.342;29024.521;29016.854;29017.543
20260804;13:17;29017.942;29025.665;29017.608;29023.165
20260804;13:18;29022.932;29027.487;29019.331;29024.598
20260804;13:19;29024.82;29030.91;29024.82;29027.898
20260804;13:20;29027.799;29033.789;29027.031;29031.065
20260804;13:21;29031.342;29042.597;29027.564;29041.176
20260804;13:22;29041.289;29043.832;29039.598;29040.064
20260804;13:23;29040.065;29041.899;29031.908;29037.821
20260804;13:24;29038.032;29038.842;29026.131;29026.886
20260804;13:25;29026.589;29038.909;29026.042;29031.053
20260804;13:26;29030.875;29034.531;29027.42;29032.897
20260804;13:27;29032.986;29038.375;29028.897;29037.854
20260804;13:28;29037.864;29048.189;29035.042;29045.154
20260804;13:29;29045.519;29048.189;29043.976;29047.176
20260804;13:30;29047.953;29048.354;29038.899;29040.965
20260804;13:31;29041.299;29045.899;29038.209;29045.01
20260804;13:32;29045.376;29050.432;29041.521;29047.531
20260804;13:33;29046.987;29050.375;29040.065;29042.343
20260804;13:34;29041.954;29050.789;29041.664;29046.919
20260804;13:35;29046.953;29047.12;29039.431;29047.12
20260804;13:36;29046.91;29050.419;29038.41;29039.643
20260804;13:37;29039.998;29043.042;29037.61;29041.365
20260804;13:38;29041.453;29044.099;29036.12;29040.198
20260804;13:39;29040.065;29050.921;29037.508;29044.908
20260804;13:40;29044.397;29044.475;29028.609;29031.075
20260804;13:41;29030.409;29032.289;29028.342;29030.898
20260804;13:42;29031.008;29037.719;29030.076;29037.554
20260804;13:43;29037.209;29079.887;29037.076;29071.675
20260804;13:44;29070.676;29088.909;29049.331;29080.442
20260804;13:45;29080.619;29082.142;29067.543;29076.91
20260804;13:46;29077.354;29080.921;29070.11;29071.11
20260804;13:47;29070.92;29082.921;29069.387;29074.421
20260804;13:48;29074.853;29084.365;29072.82;29081.508
20260804;13:49;29081.019;29094.042;29076.41;29093.021
20260804;13:50;29092.865;29104.889;29092.343;29093.032
20260804;13:51;29093.143;29113.589;29093.143;29113.589
20260804;13:52;29113.386;29122.486;29111.443;29114.898
20260804;13:53;29115.421;29120.597;29111.789;29117.464
20260804;13:54;29117.132;29119.086;29110.843;29116.889
20260804;13:55;29116.543;29119.689;29108.887;29118.454
20260804;13:56;29118.619;29120.176;29110.419;29115.097
20260804;13:57;29114.832;29115.908;29100.509;29106.176
20260804;13:58;29106.397;29112.709;29104.687;29112.109
20260804;13:59;29112.143;29116.843;29105.32;29114.432
20260804;14:00;29114.186;29114.843;29098.519;29098.519
20260804;14:01;29097.919;29100.843;29092.299;29092.821
20260804;14:02;29092.799;29097.608;29091.398;29097.608
20260804;14:03;29098.098;29100.054;29092.643;29095.475
20260804;14:04;29095.432;29102.389;29093.664;29100.321
20260804;14:05;29100.087;29102.653;29090.375;29092.087
20260804;14:06;29091.909;29094.397;29089.32;29091.453
20260804;14:07;29091.976;29095.053;29080.853;29093.054
20260804;14:08;29093.589;29096.932;29091.576;29094.342
20260804;14:09;29094.554;29096.186;29084.854;29093.31
20260804;14:10;29093.021;29094.699;29087.521;29090.521
20260804;14:11;29090.476;29094.289;29086.153;29090.886
20260804;14:12;29090.887;29092.898;29085.675;29086.431
20260804;14:13;29086.932;29094.832;29086.109;29089.531
20260804;14:14;29089.632;29094.509;29080.697;29083.042
20260804;14:15;29083.099;29086.108;29081.531;29083.865
20260804;14:16;29084.108;29088.876;29083.853;29087.92
20260804;14:17;29087.665;29093.099;29085.365;29086.021
20260804;14:18;29086.186;29095.098;29084.987;29095.042
20260804;14:19;29095.189;29103.565;29091.643;29102.153
20260804;14:20;29102.419;29106.543;29096.331;29098.343
20260804;14:21;29098.454;29109.51;29096.931;29108.043
20260804;14:22;29107.965;29110.419;29101.842;29110.132
20260804;14:23;29110.398;29110.621;29096.432;29098.519
20260804;14:24;29098.409;29100.553;29094.932;29096.82
20260804;14:25;29096.509;29100.089;29095.065;29100.089
20260804;14:26;29099.632;29101.165;29095.843;29100.697
20260804;14:27;29100.642;29102.353;29095.219;29095.543
20260804;14:28;29095.376;29099.209;29093.876;29099.209
20260804;14:29;29100.375;29100.375;29095.008;29098.987
20260804;14:30;29099.789;29103.189;29093.387;29098.843
20260804;14:31;29098.889;29101.399;29077.065;29077.91
20260804;14:32;29077.897;29084.408;29076.543;29081.597
20260804;14:33;29081.31;29091.898;29080.121;29085.609
20260804;14:34;29085.419;29090.875;29080.609;29089.931
20260804;14:35;29090.187;29090.187;29083.719;29089.397
20260804;14:36;29089.121;29094.087;29082.698;29088.186
20260804;14:37;29088.12;29090.642;29084.921;29089.965
20260804;14:38;29090.02;29091.198;29084.332;29088.998
20260804;14:39;29088.975;29098.997;29087.821;29091.61
20260804;14:40;29092.131;29099.665;29090.086;29098.054
20260804;14:41;29097.376;29097.376;29091.386;29092.799
20260804;14:42;29092.576;29093.289;29088.332;29091.332
20260804;14:43;29091.11;29097.687;29091.009;29091.009
20260804;14:44;29090.508;29099.12;29089.698;29096.719
20260804;14:45;29096.82;29099.332;29094.654;29094.931
20260804;14:46;29094.82;29097.389;29083.509;29083.998
20260804;14:47;29083.864;29086.575;29076.142;29078.686
20260804;14:48;29078.919;29080.964;29074.931;29076.019
20260804;14:49;29075.454;29079.675;29072.487;29075.409
20260804;14:50;29075.132;29078.986;29072.799;29077.575
20260804;14:51;29077.631;29083.199;29074.61;29083.199
20260804;14:52;29082.643;29083.109;29073.131;29073.475
20260804;14:53;29073.621;29076.364;29070.12;29076.189
20260804;14:54;29075.675;29075.789;29068.976;29072.01
20260804;14:55;29071.832;29077.421;29065.465;29076.887
20260804;14:56;29076.621;29081.353;29073.987;29077.02
20260804;14:57;29076.897;29084.698;29075.81;29083.697
20260804;14:58;29083.498;29089.642;29075.919;29086.165
20260804;14:59;29086.699;29087.019;29078.409;29079.965
20260804;15:00;29079.997;29087.519;29068.109;29074.487
20260804;15:01;29074.475;29083.089;29072.432;29081.954
20260804;15:02;29082.664;29097.665;29082.565;29097.41
20260804;15:03;29097.597;29103.699;29096.031;29100.009
20260804;15:04;29100.008;29100.099;29088.486;29095.843
20260804;15:05;29095.921;29099.464;29095.098;29096.454
20260804;15:06;29097.186;29103.519;29095.421;29096.154
20260804;15:07;29096.943;29101.62;29095.476;29099.976
20260804;15:08;29100.197;29106.208;29098.432;29104.675
20260804;15:09;29105.299;29108.465;29101.698;29104.621
20260804;15:10;29104.953;29107.189;29101.919;29106.709
20260804;15:11;29106.565;29111.697;29106.019;29107.164
20260804;15:12;29107.519;29111.589;29105.853;29109.998
20260804;15:13;29109.953;29110.899;29102.509;29104.019
20260804;15:14;29103.665;29108.399;29103.498;29108.131
20260804;15:15;29108.008;29113.343;29108.008;29110.454
20260804;15:16;29110.576;29112.432;29104.153;29111.187
20260804;15:17;29110.964;29113.219;29106.653;29107.176
20260804;15:18;29107.464;29107.687;29100.453;29102.676
20260804;15:19;29102.854;29104.02;29099.954;29102.443
20260804;15:20;29101.686;29156.953;29099.332;29147.832
20260804;15:21;29147.11;29156.321;29126.532;29132.543
20260804;15:22;29133.198;29139.698;29120.597;29133.031
20260804;15:23;29132.865;29133.842;29119.587;29128.575
20260804;15:24;29128.343;29128.343;29109.92;29117.821
20260804;15:25;29118.189;29130.987;29110.475;29110.897
20260804;15:26;29110.976;29121.431;29108.553;29117.419
20260804;15:27;29117.599;29121.409;29107.12;29112.132
20260804;15:28;29112.321;29115.32;29099.421;29101.364
20260804;15:29;29101.509;29113.665;29095.908;29113.165
20260804;15:30;29114.053;29181.619;29088.008;29180.053
20260804;15:31;29181.376;29191.887;29171.654;29191.289
20260804;15:32;29192.076;29216.199;29192.076;29214.11
20260804;15:33;29214.119;29246.443;29205.921;29245.92
20260804;15:34;29244.619;29261.486;29228.986;29258.354
20260804;15:35;29259.419;29287.498;29259.419;29280.41
20260804;15:36;29280.887;29290.386;29263.209;29263.209
20260804;15:37;29262.508;29265.689;29236.976;29254.609
20260804;15:38;29255.975;29286.943;29236.289;29238.121
20260804;15:39;29239.408;29269.987;29230.643;29269.987
20260804;15:40;29272.299;29291.943;29261.789;29275.509
20260804;15:41;29277.51;29306.997;29277.51;29304.932
20260804;15:42;29305.31;29329.653;29295.209;29323.476
20260804;15:43;29323.631;29329.165;29297.399;29299.421
20260804;15:44;29299.032;29304.189;29272.432;29289.087
20260804;15:45;29288.675;29333.108;29288.099;29330.009
20260804;15:46;29330.119;29336.853;29312.419;29319.987
20260804;15:47;29319.153;29323.943;29304.575;29312.698
20260804;15:48;29312.631;29338.487;29308.586;29324.632
20260804;15:49;29324.876;29335.909;29315.098;29335.909
20260804;15:50;29338.389;29376.089;29332.643;29362.109
20260804;15:51;29363.187;29378.51;29361.109;29363.121
20260804;15:52;29363.686;29372.02;29357.509;29368.186
20260804;15:53;29368.82;29373.942;29352.289;29367.854
20260804;15:54;29367.689;29380.076;29360.62;29377.676
20260804;15:55;29378.342;29379.386;29338.986;29341.975
20260804;15:56;29341.397;29343.699;29300.064;29309.586
20260804;15:57;29311.41;29335.099;29305.61;29319.664
20260804;15:58;29320.486;29337.875;29317.097;29333.843
20260804;15:59;29333.986;29338.986;29309.643;29338.864
20260804;16:00;29340.886;29343.92;29308.054;29331.564
20260804;16:01;29331.854;29343.897;29310.153;29343.897
20260804;16:02;29343.508;29371.619;29343.154;29357.164
20260804;16:03;29356.664;29371.208;29343.087;29361.931
20260804;16:04;29362.487;29371.321;29359.686;29360.443
20260804;16:05;29360.664;29393.031;29359.465;29389.186
20260804;16:06;29390.387;29397.587;29383.654;29388.199
20260804;16:07;29388.198;29402.699;29384.543;29395.864
20260804;16:08;29396.132;29406.886;29395.075;29405.089
20260804;16:09;29404.842;29405.009;29378.432;29392.664
20260804;16:10;29393.198;29397.153;29381.053;29394.853
20260804;16:11;29394.997;29407.354;29389.909;29405.686
20260804;16:12;29405.142;29412.697;29402.689;29410.475
20260804;16:13;29410.498;29418.12;29399.187;29402.343
20260804;16:14;29402.61;29415.519;29402.443;29415.119
20260804;16:15;29415.597;29420.409;29406.998;29410.476
20260804;16:16;29411.186;29416.799;29391.654;29397.42
20260804;16:17;29397.699;29407.019;29388.621;29404.519
20260804;16:18;29404.887;29410.186;29385.554;29392.889
20260804;16:19;29392.531;29405.821;29376.208;29396.986
20260804;16:20;29397.865;29398.799;29365.454;29377.042
20260804;16:21;29377.442;29379.853;29362.831;29379.853
20260804;16:22;29381.432;29391.497;29370.897;29381.386
20260804;16:23;29381.065;29389.653;29358.487;29388.865
20260804;16:24;29389.043;29391.576;29367.198;29382.186
20260804;16:25;29381.964;29411.689;29380.487;29409.475
20260804;16:26;29410.498;29415.964;29405.299;29411.519
20260804;16:27;29410.509;29423.098;29409.432;29422.386
20260804;16:28;29423.587;29433.376;29422.521;29427.921
20260804;16:29;29428.153;29437.186;29417.52;29434.031
20260804;16:30;29432.708;29435.542;29403.075;29404.975
20260804;16:31;29400.11;29427.599;29400.11;29412.599
20260804;16:32;29412.443;29432.075;29405.486;29431.553
20260804;16:33;29431.699;29441.342;29420.565;29430.543
20260804;16:34;29430.453;29431.42;29415.821;29417.987
20260804;16:35;29417.042;29430.832;29416.864;29424.454
20260804;16:36;29425.321;29427.353;29405.443;29407.476
20260804;16:37;29406.987;29425.943;29393.997;29420.619
20260804;16:38;29420.609;29443.675;29400.921;29401.543
20260804;16:39;29403.197;29408.089;29391.498;29401.676
20260804;16:40;29401.421;29415.998;29396.199;29406.697
20260804;16:41;29409.354;29410.654;29398.62;29404.476
20260804;16:42;29406.931;29425.476;29403.389;29419.109
20260804;16:43;29418.143;29422.364;29408.586;29418.897
20260804;16:44;29419.597;29429.098;29414.942;29428.931
20260804;16:45;29429.121;29430.832;29416.876;29420.709
20260804;16:46;29420.675;29435.031;29416.675;29425.598
20260804;16:47;29425.12;29430.831;29421.097;29430.821
20260804;16:48;29430.597;29431.621;29419.064;29426.132
20260804;16:49;29426.608;29429.587;29417.597;29420.619
20260804;16:50;29420.476;29430.409;29410.986;29414.331
20260804;16:51;29414.419;29418.208;29402.719;29407.51
20260804;16:52;29407.886;29424.389;29405.876;29419.632
20260804;16:53;29420.642;29422.519;29413.42;29415.089
20260804;16:54;29414.153;29424.865;29409.965;29418.709
20260804;16:55;29419.419;29419.419;29400.142;29406.453
20260804;16:56;29406.589;29417.042;29400.709;29403.032
20260804;16:57;29402.087;29415.398;29398.654;29399.032
20260804;16:58;29398.908;29412.075;29398.908;29406.698
20260804;16:59;29406.976;29426.364;29405.353;29423.621
20260804;17:00;29423.61;29431.01;29419.008;29422.532
20260804;17:01;29422.197;29443.599;29420.642;29438.889
20260804;17:02;29438.61;29453.799;29438.61;29452.343
20260804;17:03;29451.854;29463.209;29449.342;29454.919
20260804;17:04;29456.098;29462.131;29456.098;29459.397
20260804;17:05;29459.389;29461.41;29445.389;29448.289
20260804;17:06;29447.698;29454.876;29441.464;29453.064
20260804;17:07;29453.453;29457.532;29446.176;29455.586
20260804;17:08;29454.42;29458.099;29447.443;29455.699
20260804;17:09;29456.41;29469.919;29455.832;29468.375
20260804;17:10;29469.009;29470.454;29462.419;29467.975
20260804;17:11;29468.098;29472.943;29464.31;29472.831
20260804;17:12;29472.631;29488.821;29472.519;29486.932
20260804;17:13;29487.053;29498.854;29487.053;29497.089
20260804;17:14;29496.454;29497.199;29488.853;29493.832
20260804;17:15;29493.699;29498.964;29487.91;29497.964
20260804;17:16;29497.12;29503.108;29494.932;29496.609
20260804;17:17;29496.897;29500.589;29492.431;29495.508
20260804;17:18;29495.81;29500.187;29491.975;29500.187
20260804;17:19;29500.031;29509.043;29498.143;29506.619
20260804;17:20;29508.019;29516.654;29505.065;29514.997
20260804;17:21;29515.887;29523.299;29513.564;29523.299
20260804;17:22;29523.376;29533.919;29521.299;29521.532
20260804;17:23;29521.109;29535.832;29520.854;29532.419
20260804;17:24;29532.789;29534.864;29528.521;29533.189
20260804;17:25;29532.942;29536.81;29528.208;29529.097
20260804;17:26;29529.486;29531.365;29521.098;29527.564
20260804;17:27;29527.208;29529.31;29510.864;29512.686
20260804;17:28;29512.453;29519.465;29508.919;29516.043
20260804;17:29;29516.398;29518.897;29509.11;29513.31
20260804;17:30;29513.842;29519.709;29508.687;29511.031
20260804;17:31;29511.186;29518.575;29505.432;29518.142
20260804;17:32;29518.021;29518.486;29508.165;29510.508
20260804;17:33;29511.12;29513.187;29502.076;29502.076
20260804;17:34;29503.497;29506.899;29496.598;29503.475
20260804;17:35;29503.199;29520.464;29502.853;29515.31
20260804;17:36;29515.942;29518.843;29511.687;29514.186
20260804;17:37;29514.953;29521.953;29513.886;29519.51
20260804;17:38;29519.542;29550.009;29508.453;29545.476
20260804;17:39;29546.064;29555.843;29537.597;29541.421
20260804;17:40;29542.208;29550.886;29536.209;29538.687
20260804;17:41;29538.909;29545.62;29535.008;29539.975
20260804;17:42;29539.62;29544.354;29530.121;29543.42
20260804;17:43;29543.432;29547.008;29541.353;29545.842
20260804;17:44;29546.209;29553.289;29543.165;29550.832
20260804;17:45;29551.087;29559.575;29550.609;29558.586
20260804;17:46;29558.176;29560.799;29555.465;29558.654
20260804;17:47;29558.853;29563.353;29551.132;29561.109
20260804;17:48;29561.398;29565.089;29557.043;29561.864
20260804;17:49;29562.289;29562.289;29554.087;29557.509
20260804;17:50;29557.021;29565.089;29555.92;29561.209
20260804;17:51;29561.086;29567.419;29560.332;29561.697
20260804;17:52;29561.886;29570.965;29561.075;29568.409
20260804;17:53;29567.843;29569.075;29552.653;29554.789
20260804;17:54;29554.164;29555.598;29547.842;29549.597
20260804;17:55;29550.576;29558.821;29545.198;29557.521
20260804;17:56;29557.531;29559.987;29549.121;29551.165
20260804;17:57;29551.509;29554.31;29548.354;29552.143
20260804;17:58;29552.121;29553.821;29548.886;29551.186
20260804;17:59;29551.11;29551.832;29543.354;29547.487
20260804;18:00;29547.031;29570.108;29545.197;29569.987
20260804;18:01;29570.142;29575.009;29564.031;29568.919
20260804;18:02;29568.431;29569.509;29562.031;29564.942
20260804;18:03;29564.386;29566.897;29562.632;29563.376
20260804;18:04;29562.531;29565.909;29559.621;29563.32
20260804;18:05;29563.442;29573.389;29563.442;29568.31
20260804;18:06;29568.842;29568.842;29556.008;29558.008
20260804;18:07;29558.208;29562.119;29556.454;29558.165
20260804;18:08;29558.554;29562.689;29553.632;29555.832
20260804;18:09;29556.121;29557.443;29551.52;29552.019
20260804;18:10;29552.189;29555.431;29547.91;29551.343
20260804;18:11;29551.464;29551.464;29540.654;29540.654
20260804;18:12;29540.454;29551.41;29537.51;29549.532
20260804;18:13;29549.699;29560.789;29547.632;29556.831
20260804;18:14;29557.076;29557.589;29548.876;29550.676
20260804;18:15;29550.565;29558.898;29549.897;29558.532
20260804;18:16;29559.021;29565.098;29556.419;29562.099
20260804;18:17;29561.108;29566.086;29559.142;29563.853
20260804;18:18;29563.675;29572.497;29562.431;29570.642
20260804;18:19;29571.12;29583.153;29569.92;29580.564
20260804;18:20;29581.198;29586.599;29578.476;29585.321
20260804;18:21;29585.554;29592.399;29583.909;29589.409
20260804;18:22;29589.587;29591.899;29587.52;29588.464
20260804;18:23;29588.632;29590.109;29584.321;29588.508
20260804;18:24;29589.453;29595.609;29589.109;29591.321
20260804;18:25;29591.12;29591.865;29581.789;29588.587
20260804;18:26;29588.889;29591.931;29584.554;29589.842
20260804;18:27;29590.076;29591.208;29586.608;29588.953
20260804;18:28;29588.919;29590.52;29585.01;29586.376
20260804;18:29;29586.619;29586.897;29579.889;29581.587
20260804;18:30;29582.599;29586.664;29571.665;29584.953
20260804;18:31;29584.887;29593.089;29581.454;29591.497
20260804;18:32;29591.299;29597.419;29591.054;29592.676
20260804;18:33;29592.986;29599.419;29591.986;29598.832
20260804;18:34;29598.81;29601.475;29596.076;29596.589
20260804;18:35;29597.398;29601.689;29593.332;29599.054
20260804;18:36;29599.789;29605.532;29598.686;29603.875
20260804;18:37;29604.031;29607.097;29601.01;29601.799
20260804;18:38;29601.065;29601.599;29584.019;29591.409
20260804;18:39;29590.609;29595.099;29589.108;29590.576
20260804;18:40;29591.032;29592.399;29583.954;29584.419
20260804;18:41;29585.364;29588.41;29581.387;29581.42
20260804;18:42;29582.453;29589.054;29581.531;29588.032
20260804;18:43;29587.909;29593.608;29586.486;29590.875
20260804;18:44;29591.054;29605.609;29590.565;29602.043
20260804;18:45;29602.189;29610.689;29602.189;29608.931
20260804;18:46;29608.554;29612.419;29608.364;29610.176
20260804;18:47;29610.098;29614.008;29606.11;29613.609
20260804;18:48;29613.576;29617.843;29610.521;29610.521
20260804;18:49;29610.653;29619.097;29608.31;29619.097
20260804;18:50;29618.942;29618.942;29610.676;29613.864
20260804;18:51;29613.687;29619.81;29613.687;29617.032
20260804;18:52;29617.099;29620.442;29611.62;29616.289
20260804;18:53;29615.81;29620.289;29612.92;29618.875
20260804;18:54;29618.565;29620.289;29611.42;29612.043
20260804;18:55;29612.332;29616.42;29609.431;29609.543
20260804;18:56;29609.419;29616.32;29607.908;29616.32
20260804;18:57;29616.519;29619.676;29612.609;29616.564
20260804;18:58;29616.431;29618.375;29613.132;29614.953
20260804;18:59;29615.053;29619.119;29612.375;29618.998
20260804;19:00;29618.51;29639.154;29615.043;29637.521
20260804;19:01;29637.554;29648.343;29636.865;29642.02
20260804;19:02;29642.142;29645.053;29636.31;29638.108
20260804;19:03;29637.954;29647.432;29637.021;29647.399
20260804;19:04;29647.619;29658.587;29647.454;29657.075
20260804;19:05;29657.386;29669.631;29650.432;29650.432
20260804;19:06;29650.82;29656.11;29646.843;29655.632
20260804;19:07;29655.875;29669.575;29655.42;29669.175
20260804;19:08;29669.075;29670.089;29661.831;29667.576
20260804;19:09;29667.708;29668.299;29657.897;29661.687
20260804;19:10;29661.409;29668.589;29660.053;29662.208
20260804;19:11;29662.199;29672.399;29658.043;29668.375
20260804;19:12;29668.476;29675.089;29668.389;29673.109
20260804;19:13;29673.332;29673.953;29663.199;29667.209
20260804;19:14;29666.975;29673.619;29666.108;29672.465
20260804;19:15;29673.053;29677.354;29668.432;29674.332
20260804;19:16;29674.632;29674.632;29661.01;29663.987
20260804;19:17;29664.464;29679.486;29663.32;29672.575
20260804;19:18;29673.343;29674.575;29663.587;29667.709
20260804;19:19;29667.609;29670.589;29663.365;29665.209
20260804;19:20;29666.289;29671.498;29658.876;29659.109
20260804;19:21;29658.565;29667.219;29656.442;29662.642
20260804;19:22;29662.82;29668.089;29659.487;29663.843
20260804;19:23;29664.042;29677.386;29661.41;29676.208
20260804;19:24;29676.32;29681.176;29673.421;29678.353
20260804;19:25;29678.586;29682.189;29676.097;29681.453
20260804;19:26;29681.686;29697.699;29681.686;29692.375
20260804;19:27;29692.389;29699.831;29688.598;29697.086
20260804;19:28;29697.532;29700.119;29691.52;29691.52
20260804;19:29;29692.387;29694.598;29689.019;29693.408
20260804;19:30;29693.654;29693.854;29679.42;29689.053
20260804;19:31;29689.008;29690.553;29678.075;29682.91
20260804;19:32;29682.91;29695.208;29682.91;29695.208
20260804;19:33;29695.375;29698.099;29686.131;29688.789
20260804;19:34;29688.864;29694.053;29683.154;29693.854
20260804;19:35;29693.789;29698.543;29690.032;29693.987
20260804;19:36;29694.498;29703.864;29692.665;29703.864
20260804;19:37;29704.598;29712.919;29704.543;29710.554
20260804;19:38;29711.098;29722.608;29711.021;29718.609
20260804;19:39;29719.143;29722.432;29715.387;29721.019
20260804;19:40;29721.487;29729.454;29720.098;29728.543
20260804;19:41;29729.864;29734.087;29726.12;29729.597
20260804;19:42;29730.51;29734.119;29728.054;29733.509
20260804;19:43;29735.443;29735.443;29725.131;29732.81
20260804;19:44;29733.153;29739.619;29732.331;29739.589
20260804;19:45;29740.419;29757.343;29740.419;29755.343
20260804;19:46;29755.064;29761.543;29751.487;29759.431
20260804;19:47;29759.665;29764.498;29756.853;29760.132
20260804;19:48;29760.108;29770.199;29758.708;29770.199
20260804;19:49;29769.542;29772.654;29751.486;29755.699
20260804;19:50;29754.919;29755.099;29729.831;29732.532
20260804;19:51;29732.032;29735.189;29716.542;29721.719
20260804;19:52;29721.387;29732.365;29716.343;29724.142
20260804;19:53;29724.143;29734.098;29723.153;29732.399
20260804;19:54;29732.009;29733.586;29720.908;29720.909
20260804;19:55;29721.119;29728.089;29708.919;29724.454
20260804;19:56;29724.664;29734.919;29720.531;29726.176
20260804;19:57;29726.431;29732.799;29725.964;29732.443
20260804;19:58;29734.41;29739.199;29727.553;29727.553
20260804;19:59;29727.165;29728.008;29708.587;29709.197
20260804;20:00;29708.997;29715.197;29684.175;29693.976
20260804;20:01;29694.942;29715.475;29692.553;29715.475
20260804;20:02;29716.997;29728.889;29712.219;29720.376
20260804;20:03;29720.954;29724.409;29711.119;29722.009
20260804;20:04;29721.709;29722.608;29689.008;29692.165
20260804;20:05;29692.41;29703.921;29684.898;29703.189
20260804;20:06;29703.042;29707.342;29685.054;29701.408
20260804;20:07;29701.92;29719.419;29701.654;29709.054
20260804;20:08;29709.189;29709.919;29699.965;29708.675
20260804;20:09;29709.189;29721.699;29705.364;29712.953
20260804;20:10;29713.189;29719.042;29704.82;29710.132
20260804;20:11;29709.91;29713.399;29701.408;29703.354
20260804;20:12;29703.519;29712.689;29699.587;29710.675
20260804;20:13;29710.609;29725.643;29705.454;29721.832
20260804;20:14;29720.932;29734.331;29715.198;29733.154
20260804;20:15;29733.709;29741.876;29732.131;29737.443
20260804;20:16;29737.943;29738.519;29729.965;29734.908
20260804;20:17;29735.397;29739.289;29731.187;29732.176
20260804;20:18;29732.687;29742.975;29730.331;29742.832
20260804;20:19;29743.02;29748.289;29738.942;29742.509
20260804;20:20;29742.553;29748.189;29738.81;29747.176
20260804;20:21;29747.853;29748.575;29734.154;29737.542
20260804;20:22;29738.919;29754.597;29738.508;29745.689
20260804;20:23;29745.853;29753.464;29745.453;29747.542
20260804;20:24;29747.675;29749.953;29741.098;29743.932
20260804;20:25;29743.431;29752.089;29743.064;29743.543
20260804;20:26;29742.554;29747.219;29736.442;29740.454
20260804;20:27;29741.354;29745.389;29734.609;29737.289
20260804;20:28;29738.342;29746.698;29736.11;29744.997
20260804;20:29;29745.343;29753.964;29744.11;29753.964
20260804;20:30;29754.397;29766.889;29752.575;29766.299
20260804;20:31;29766.454;29767.187;29754.887;29756.389
20260804;20:32;29756.508;29763.421;29755.197;29760.853
20260804;20:33;29761.389;29761.465;29749.542;29753.698
20260804;20:34;29753.81;29758.189;29743.509;29746.889
20260804;20:35;29745.52;29751.898;29743.431;29746.498
20260804;20:36;29746.976;29750.699;29744.631;29747.676
20260804;20:37;29747.997;29748.686;29729.031;29734.598
20260804;20:38;29734.643;29737.965;29728.431;29730.621
20260804;20:39;29730.931;29733.986;29728.431;29733.664
20260804;20:40;29733.587;29733.587;29716.453;29721.931
20260804;20:41;29721.853;29737.486;29720.875;29735.143
20260804;20:42;29735.943;29735.943;29718.631;29719.987
20260804;20:43;29720.176;29725.699;29715.065;29724.165
20260804;20:44;29724.375;29734.189;29724.375;29728.164
20260804;20:45;29729.108;29748.564;29728.92;29743.932
20260804;20:46;29744.219;29756.353;29743.331;29755.175
20260804;20:47;29754.898;29758.689;29748.543;29758.521
20260804;20:48;29760.099;29764.689;29756.799;29762.353
20260804;20:49;29762.564;29768.431;29754.897;29755.564
20260804;20:50;29755.154;29766.609;29754.089;29765.654
20260804;20:51;29764.575;29768.119;29758.519;29761.364
20260804;20:52;29761.619;29764.332;29755.954;29758.697
20260804;20:53;29759.099;29759.099;29749.454;29755.575
20260804;20:54;29755.653;29760.486;29748.931;29753.364
20260804;20:55;29753.689;29759.799;29749.498;29753.076
20260804;20:56;29753.398;29758.497;29750.198;29753.799
20260804;20:57;29753.943;29755.889;29748.42;29752.099
20260804;20:58;29752.586;29758.176;29750.91;29756.219
20260804;20:59;29755.698;29756.599;29751.431;29754.686
20260804;21:00;29755.109;29776.189;29752.032;29775.589
20260804;21:01;29775.432;29794.889;29775.432;29788.564
20260804;21:02;29789.076;29795.619;29785.109;29795.619
20260804;21:03;29794.965;29798.81;29793.986;29798.109
20260804;21:04;29797.532;29798.597;29784.389;29787.008
20260804;21:05;29787.289;29796.198;29776.898;29779.465
20260804;21:06;29778.209;29791.587;29776.208;29789.02
20260804;21:07;29789.375;29792.099;29784.61;29791.599
20260804;21:08;29791.209;29795.089;29784.431;29795.089
20260804;21:09;29794.354;29804.109;29791.965;29802.697
20260804;21:10;29802.409;29804.865;29796.931;29799.189
20260804;21:11;29799.343;29806.709;29798.51;29805.364
20260804;21:12;29804.532;29806.543;29797.087;29798.609
20260804;21:13;29799.089;29805.099;29795.576;29802.554
20260804;21:14;29802.42;29805.343;29797.687;29799.408
20260804;21:15;29799.398;29808.053;29798.842;29799.475
20260804;21:16;29799.853;29816.586;29796.587;29815.054
20260804;21:17;29815.365;29817.82;29809.542;29812.843
20260804;21:18;29813.397;29815.043;29806.397;29807.365
20260804;21:19;29806.354;29813.32;29803.799;29813.32
20260804;21:20;29813.954;29816.009;29810.431;29812.131
20260804;21:21;29811.419;29813.689;29802.82;29804.132
20260804;21:22;29803.497;29806.153;29796.619;29798.042
20260804;21:23;29798.343;29804.299;29790.01;29797.464
20260804;21:24;29797.52;29803.089;29793.887;29795.419
20260804;21:25;29794.789;29800.097;29779.531;29784.643
20260804;21:26;29784.719;29785.008;29775.575;29778.532
20260804;21:27;29778.364;29785.976;29776.053;29777.487
20260804;21:28;29777.386;29778.354;29766.042;29766.089
20260804;21:29;29766.008;29771.909;29761.575;29771.909
20260804;21:30;29772.831;29776.564;29761.543;29773.719
20260804;21:31;29773.41;29786.197;29765.954;29786.197
20260804;21:32;29785.664;29786.31;29777.01;29781.921
20260804;21:33;29782.486;29788.189;29779.354;29781.553
20260804;21:34;29781.853;29785.665;29774.998;29784.709
20260804;21:35;29785.054;29788.608;29776.92;29784.997
20260804;21:36;29785.419;29788.42;29776.042;29787.986
20260804;21:37;29787.709;29802.954;29787.689;29800.332
20260804;21:38;29799.932;29803.897;29798.032;29798.543
20260804;21:39;29798.52;29802.008;29791.52;29794.543
20260804;21:40;29794.332;29802.097;29792.642;29802.065
20260804;21:41;29802.386;29807.908;29801.52;29803.886
20260804;21:42;29804.664;29814.11;29804.197;29813.52
20260804;21:43;29813.875;29816.554;29802.82;29815.843
20260804;21:44;29816.353;29823.998;29814.942;29820.942
20260804;21:45;29821.62;29822.342;29811.609;29820.554
20260804;21:46;29821.589;29828.043;29810.353;29813.709
20260804;21:47;29813.686;29814.397;29800.01;29801.353
20260804;21:48;29801.52;29801.52;29792.498;29801.443
20260804;21:49;29800.353;29800.899;29791.719;29793.598
20260804;21:50;29793.089;29794.631;29769.687;29779.121
20260804;21:51;29779.175;29783.898;29767.609;29768.008
20260804;21:52;29768.843;29776.289;29757.654;29772.299
20260804;21:53;29770.432;29777.689;29760.11;29764.575
20260804;21:54;29764.708;29764.708;29743.498;29743.632
20260804;21:55;29743.132;29758.576;29735.41;29741.443
20260804;21:56;29741.575;29743.42;29725.032;29727.854
20260804;21:57;29728.554;29734.82;29723.653;29729.986
20260804;21:58;29729.475;29749.153;29726.389;29748.343
20260804;21:59;29748.209;29765.953;29721.132;29736.132
20260804;22:00;29736.076;29773.131;29724.176;29735.932
20260804;22:01;29732.219;29752.931;29731.676;29750.332
20260804;22:02;29748.876;29763.354;29744.564;29761.086
20260804;22:03;29761.019;29765.599;29748.62;29751.175
20260804;22:04;29751.108;29761.599;29748.619;29750.42
20260804;22:05;29750.576;29802.609;29750.576;29802.419
20260804;22:06;29802.121;29820.889;29797.365;29808.61
20260804;22:07;29809.076;29809.886;29793.621;29794.621
20260804;22:08;29794.465;29796.689;29780.343;29782.932
20260804;22:09;29783.575;29789.432;29780.687;29785.987
20260804;22:10;29785.82;29794.976;29780.889;29784.164
20260804;22:11;29785.399;29785.399;29765.554;29766.209
20260804;22:12;29766.209;29777.342;29765.389;29771.909
20260804;22:13;29772.353;29789.875;29770.665;29777.964
20260804;22:14;29778.086;29791.121;29773.864;29787.043
