{
  "timestamp": 1419724800000,
  "multiplier": 0.001,
  "open": 4313.767,
  "high": 4313.767,
  "low": 4312.264,
  "close": 4312.264,
  "shift": 60000,
  "times": [
    1380,
    1,
    1,
    1,
    1,
    1,
    1,
    1,
    1,
    1,
    1,
    2,
    1,
    1,
    1,
    1,
    1,
    2,
    1,
    1,
    1,
    1,
    1,
    1,
    1,
    1,
    1,
    2,
    1,
    3,
    3,
    5,
    2,
    1,
    1,
    1,
    1,
    1,
    1,
    2,
    1,
    2,
    1,
    1,
    1,
    1
  ],
  "opens": [
    0,
    -1179,
    691,
    -248,
    1655,
    -62,
    -1433,
    -1231,
    615,
    455,
    -404,
    -67,
    -288,
    -104,
    -114,
    -254,
    154,
    -118,
    -254,
    196,
    214,
    183,
    -111,
    58,
    -7,
    30,
    238,
    -18,
    183,
    -238,
    291,
    -325,
    205,
    125,
    -30,
    -66,
    570,
    318,
    -178,
    318,
    -17,
    124,
    158,
    191,
    34,
    -286
  ],
  "highs": [
    0,
    -430,
    -58,
    1555,
    323,
    -447,
    -1519,
    -412,
    68,
    183,
    -404,
    79,
    -434,
    -104,
    -114,
    144,
    -76,
    -28,
    -220,
    196,
    -72,
    177,
    -37,
    -16,
    -7,
    30,
    240,
    -3,
    166,
    -62,
    115,
    -291,
    171,
    125,
    84,
    505,
    -7,
    210,
    179,
    -39,
    -17,
    124,
    169,
    287,
    -73,
    -286
  ],
  "lows": [
    0,
    324,
    691,
    -455,
    1862,
    -1399,
    -1714,
    387,
    615,
    -186,
    26,
    144,
    -288,
    -655,
    131,
    -4,
    96,
    -4,
    -254,
    196,
    214,
    -57,
    -21,
    92,
    36,
    103,
    9,
    -22,
    416,
    -238,
    291,
    -459,
    339,
    125,
    -30,
    -66,
    351,
    367,
    -65,
    228,
    130,
    124,
    106,
    243,
    -301,
    49
  ],
  "closes": [
    0,
    1073,
    -58,
    1537,
    -78,
    -1451,
    -1288,
    780,
    68,
    -385,
    143,
    100,
    -434,
    -567,
    43,
    450,
    -358,
    52,
    -18,
    196,
    -72,
    -63,
    -21,
    92,
    36,
    103,
    9,
    228,
    166,
    -62,
    115,
    -291,
    171,
    125,
    84,
    505,
    -155,
    213,
    107,
    31,
    130,
    124,
    169,
    287,
    -308,
    -51
  ],
  "volumes": [
    0.00108,
    0.00169,
    6e-05,
    0.00413,
    0.0009,
    0.00072,
    0.0017,
    0.00085,
    0.00042,
    0.00042,
    0.0003,
    0.00018,
    6e-05,
    0.00048,
    0.00018,
    0.00092,
    0.0003,
    0.00098,
    0.0003,
    0.00055,
    0.00043,
    0.00012,
    0.00036,
    0.00012,
    0.00012,
    6e-05,
    0.00024,
    0.0003,
    6e-05,
    0.00012,
    6e-05,
    0.00018,
    6e-05,
    6e-05,
    0.00012,
    0.0003,
    0.00061,
    0.00018,
    0.0006,
    0.00012,
    6e-05,
    6e-05,
    0.00018,
    0.00043,
    0.00018,
    6e-05
  ]
}