{
  "timestamp": 1415491200000,
  "multiplier": 0.001,
  "open": 4151.521,
  "high": 4157.97,
  "low": 4150.541,
  "close": 4157.97,
  "shift": 60000,
  "times": [
    1380,
    6,
    1,
    1,
    2,
    1,
    1,
    1,
    1,
    1,
    1,
    1,
    2,
    1,
    1,
    1,
    1,
    4,
    2,
    1,
    4,
    3,
    3,
    3,
    1,
    1,
    1,
    1,
    2,
    4,
    1,
    1,
    1,
    1,
    1
  ],
  "opens": [
    0,
    5441,
    19,
    -1069,
    -1019,
    -8,
    -888,
    896,
    -933,
    2948,
    -954,
    -71,
    982,
    -18,
    66,
    43,
    -1045,
    -3923,
    3258,
    594,
    -746,
    -2372,
    -742,
    4044,
    -27,
    -2660,
    -1155,
    1035,
    476,
    -609,
    815,
    3383,
    2656,
    -20,
    -18
  ],
  "highs": [
    0,
    -155,
    -834,
    -1069,
    29,
    -116,
    -854,
    -78,
    1022,
    1060,
    -1,
    -1091,
    982,
    -18,
    66,
    43,
    41,
    -5009,
    4812,
    116,
    -1822,
    -2372,
    -742,
    4044,
    -27,
    -2660,
    -1155,
    3858,
    -2347,
    -609,
    815,
    5021,
    1018,
    -20,
    -18
  ],
  "lows": [
    0,
    5337,
    -66,
    100,
    -1019,
    -8,
    -1041,
    83,
    -122,
    2109,
    -67,
    36,
    18,
    45,
    -35,
    -40,
    28,
    -3911,
    3258,
    594,
    -746,
    -3595,
    481,
    4044,
    -27,
    -2660,
    -1155,
    1035,
    476,
    -609,
    815,
    3383,
    1664,
    -30,
    984
  ],
  "closes": [
    0,
    -2092,
    1022,
    -988,
    29,
    -992,
    -1105,
    1026,
    1045,
    1060,
    -166,
    -926,
    18,
    45,
    -35,
    991,
    -1003,
    -3911,
    4812,
    116,
    -1822,
    -2739,
    -375,
    4044,
    -27,
    -2660,
    -1155,
    3858,
    -2347,
    -609,
    815,
    5021,
    26,
    -30,
    984
  ],
  "volumes": [
    0.00393,
    0.00148,
    0.00259,
    0.00037,
    0.00074,
    0.00111,
    0.00111,
    0.00111,
    0.00259,
    0.00111,
    0.00148,
    0.00037,
    0.00074,
    0.00074,
    0.00074,
    0.00111,
    0.00111,
    0.00099,
    0.00173,
    0.00074,
    0.00099,
    0.00309,
    6e-05,
    0.00099,
    0.00099,
    0.00099,
    6e-05,
    0.00198,
    0.00099,
    6e-05,
    0.00099,
    0.00173,
    0.00074,
    0.00074,
    0.00037
  ]
}