{
  "timestamp": 1428192000000,
  "multiplier": 0.001,
  "open": 4274.97,
  "high": 4275.987,
  "low": 4274.703,
  "close": 4274.938,
  "shift": 60000,
  "times": [
    1380,
    1,
    1,
    1,
    1,
    1,
    1,
    1,
    1,
    2,
    1,
    1,
    2,
    1,
    1,
    5,
    1,
    4,
    1,
    1,
    1,
    1,
    1,
    1,
    1,
    2,
    1,
    1,
    1,
    1,
    1,
    1,
    3,
    8,
    1,
    1,
    2
  ],
  "opens": [
    0,
    1003,
    -1044,
    1067,
    1957,
    -87,
    1100,
    -2066,
    1939,
    133,
    973,
    -1142,
    1148,
    1010,
    -1152,
    -1856,
    1848,
    -856,
    -1057,
    -965,
    1911,
    6,
    -2393,
    90,
    2340,
    1051,
    61,
    936,
    -927,
    957,
    18,
    908,
    1051,
    46,
    -1119,
    129,
    921
  ],
  "highs": [
    0,
    -14,
    26,
    2894,
    25,
    -1052,
    1100,
    -35,
    -92,
    1069,
    37,
    -1142,
    1148,
    1010,
    -1152,
    180,
    -188,
    -856,
    26,
    -2048,
    1911,
    6,
    30,
    -2333,
    2387,
    1004,
    61,
    936,
    -927,
    982,
    1015,
    1001,
    -64,
    46,
    -7,
    -59,
    -3
  ],
  "lows": [
    0,
    -819,
    1018,
    1094,
    1767,
    103,
    -30,
    -936,
    940,
    4,
    2101,
    -1142,
    1115,
    -1076,
    967,
    -1856,
    1848,
    -856,
    -1057,
    -965,
    -432,
    2349,
    -2393,
    90,
    2340,
    -37,
    963,
    1122,
    -927,
    -106,
    1081,
    900,
    1059,
    46,
    -1162,
    172,
    921
  ],
  "closes": [
    0,
    -1054,
    1018,
    3991,
    7,
    -1034,
    987,
    78,
    -1091,
    1098,
    1007,
    -1142,
    1115,
    22,
    -131,
    180,
    -188,
    -856,
    26,
    -2048,
    -432,
    2349,
    30,
    -2333,
    2373,
    -70,
    963,
    1122,
    -927,
    982,
    1015,
    1001,
    -64,
    46,
    -56,
    -10,
    -3
  ],
  "volumes": [
    0.00492,
    0.00441,
    0.00196,
    0.00343,
    0.00294,
    0.00049,
    0.00196,
    0.00098,
    0.00098,
    0.00294,
    0.00049,
    0.00049,
    0.00098,
    0.00245,
    0.00049,
    0.00147,
    0.00049,
    0.00049,
    0.00196,
    0.00049,
    0.00098,
    0.00049,
    0.00098,
    0.00049,
    0.00147,
    0.00098,
    0.00098,
    0.00049,
    0.00049,
    0.00245,
    0.00098,
    0.00196,
    0.00049,
    0.00049,
    0.00196,
    0.00098,
    0.00049
  ]
}