{
  "timestamp": 1424563200000,
  "multiplier": 0.001,
  "open": 4438.829,
  "high": 4438.924,
  "low": 4437.888,
  "close": 4437.888,
  "shift": 60000,
  "times": [
    1382,
    2,
    1,
    1,
    1,
    6,
    27,
    1,
    11,
    1,
    1,
    3
  ],
  "opens": [
    0,
    77,
    953,
    -1984,
    2056,
    1062,
    -32,
    -113,
    991,
    1,
    -907,
    1046
  ],
  "highs": [
    0,
    -18,
    953,
    -870,
    942,
    1062,
    -7,
    -6,
    984,
    -124,
    -907,
    1046
  ],
  "lows": [
    0,
    1018,
    -97,
    -934,
    2056,
    47,
    -159,
    92,
    1008,
    921,
    -907,
    1046
  ],
  "closes": [
    0,
    1018,
    -22,
    105,
    942,
    47,
    -91,
    1093,
    -61,
    921,
    -907,
    1046
  ],
  "volumes": [
    0.000172,
    4.3e-05,
    0.000172,
    8.6e-05,
    4.3e-05,
    8.6e-05,
    0.00043,
    0.000215,
    0.000172,
    4.3e-05,
    4.3e-05,
    4.3e-05
  ]
}