{
  "timestamp": 1425168000000,
  "multiplier": 0.001,
  "open": 4446.986,
  "high": 4446.986,
  "low": 4446.986,
  "close": 4446.986,
  "shift": 60000,
  "times": [
    1380,
    1,
    1,
    2,
    1,
    1,
    1,
    1,
    1,
    1,
    1,
    1,
    1,
    2,
    4,
    3,
    1,
    1,
    7,
    3,
    8,
    1,
    1,
    1,
    5,
    2,
    1
  ],
  "opens": [
    0,
    933,
    899,
    1002,
    1019,
    58,
    995,
    37,
    -1,
    -71,
    -874,
    -131,
    24,
    59,
    908,
    -1014,
    -4,
    70,
    -947,
    962,
    1005,
    995,
    -1021,
    1017,
    -1104,
    1031,
    -940
  ],
  "highs": [
    0,
    976,
    901,
    2025,
    43,
    -34,
    995,
    37,
    -1,
    -71,
    -874,
    -2,
    -105,
    59,
    908,
    -33,
    138,
    -1053,
    -947,
    962,
    1005,
    995,
    73,
    -77,
    -1104,
    1168,
    -1077
  ],
  "lows": [
    0,
    -105,
    1075,
    941,
    913,
    1087,
    45,
    -10,
    9,
    916,
    -1984,
    -28,
    53,
    -52,
    1997,
    -1014,
    -4,
    70,
    -947,
    962,
    1005,
    995,
    -1048,
    1044,
    -1104,
    62,
    29
  ],
  "closes": [
    0,
    902,
    975,
    1127,
    -17,
    924,
    45,
    -10,
    49,
    876,
    -1984,
    -15,
    40,
    989,
    956,
    -33,
    114,
    -1029,
    -947,
    962,
    1005,
    995,
    -955,
    951,
    -1104,
    1168,
    -1077
  ],
  "volumes": [
    0.00019,
    0.00095,
    0.00057,
    0.00095,
    0.00152,
    0.00019,
    0.00038,
    0.00076,
    0.00076,
    0.00019,
    0.00038,
    0.00152,
    0.00038,
    0.00057,
    0.00019,
    0.00038,
    0.00076,
    0.00019,
    0.00019,
    0.00019,
    0.00019,
    0.00019,
    0.00095,
    0.00019,
    0.00019,
    0.00057,
    0.00019
  ]
}