idea_id,description,final_balance,cagr_percent,daily_drawdown,closed_drawdown,dd_improvement_pp,cagr_change_pp,cagr_retention,trades,days_in_position,structural_exits
1,OR15 entry-0.50% persist-1m slow-30m/-0.75%,400466770.1938099,258.30399895123804,0.81819020596521,0.81819020596521,2.8533510953729246,-592.9128459614155,0.303452640176245,376,915,123
2,OR15 entry-0.50% persist-1m slow-30m/-1.00%,11133344885.232744,434.74728331841976,0.6639469698477882,0.6237533217397565,18.2776747071151,-416.4695615942339,0.5107362312161841,376,1031,73
3,OR15 entry-0.50% persist-1m slow-30m/-1.25%,73287883598.93503,570.9698172978038,0.7803662835575484,0.7340123547769564,6.635743336139077,-280.2470276148498,0.6707689359183124,376,1108,38
4,OR15 entry-0.50% persist-1m slow-30m/-1.50%,397168245535.02734,722.405509222272,0.801891488375793,0.801891488375793,4.483222854314617,-128.8113356903816,0.8486738879050268,376,1149,17
5,OR15 entry-0.50% persist-1m slow-45m/-0.75%,39675814.322330035,171.2331512290565,0.7722996105987615,0.7523015976956913,7.44241063201777,-679.9836936835972,0.20116278507931468,376,839,152
6,OR15 entry-0.50% persist-1m slow-45m/-1.00%,1581163185.82262,322.7394188912685,0.6325337483545257,0.6325337483545257,21.418996856441353,-528.4774260213851,0.37915064865097436,376,972,97
7,OR15 entry-0.50% persist-1m slow-45m/-1.25%,8740730701.053427,419.3915280711765,0.7259997488197274,0.7259997488197274,12.072396809921182,-431.82531684147716,0.49269646222075375,376,1055,62
8,OR15 entry-0.50% persist-1m slow-45m/-1.50%,307395142150.4193,697.4174146912911,0.7101062770072282,0.7101062770072282,13.661743991171104,-153.7994302213625,0.8193181547797678,376,1122,33
9,OR15 entry-0.50% persist-1m slow-60m/-0.75%,46008168.043789975,176.11310424260586,0.7505935296233264,0.7286891585951634,9.613018729561285,-675.1037406700477,0.2068956991337236,376,823,160
10,OR15 entry-0.50% persist-1m slow-60m/-1.00%,589300205.62078,275.36598748817636,0.6631179725571904,0.661777081428206,18.360574436174883,-575.8508574244772,0.32349687289897633,376,953,107
11,OR15 entry-0.50% persist-1m slow-60m/-1.25%,15167560627.045683,455.0346638897297,0.7379472644260171,0.7379472644260171,10.877645249292211,-396.18218102292394,0.5345696183167316,376,1027,74
12,OR15 entry-0.50% persist-1m slow-60m/-1.50%,1124559869388.9568,832.2188123293554,0.6716658464166596,0.6716658464166596,17.505787050227962,-18.998032583298254,0.9776813244511771,376,1110,38
13,OR15 entry-0.50% persist-3m slow-30m/-0.75%,1503085415.7787805,320.1692779502829,0.6888964011932073,0.6615734185690239,15.782731572573194,-531.0475669623708,0.3761312759067128,376,925,119
14,OR15 entry-0.50% persist-3m slow-30m/-1.00%,17527634109.922012,464.7854997077174,0.6602461426628015,0.6283132511914046,18.647757425613776,-386.43134520493624,0.5460247908456402,376,1034,72
15,OR15 entry-0.50% persist-3m slow-30m/-1.25%,70879826607.85593,568.2757668779087,0.7803606260419103,0.7340055032366427,6.636309087702896,-282.9410780347449,0.6676039957083104,376,1108,38
16,OR15 entry-0.50% persist-3m slow-30m/-1.50%,384052314044.0665,719.0864776120479,0.8018848193396743,0.8018848193396743,4.483889757926496,-132.1303673006057,0.8447747268039978,376,1149,17
17,OR15 entry-0.50% persist-3m slow-45m/-0.75%,46014132.12089001,176.11741424485768,0.7738621576788189,0.7540013770253325,7.286155924012028,-675.099430667796,0.20690076247601716,376,847,151
18,OR15 entry-0.50% persist-3m slow-45m/-1.00%,1422810178.2656996,317.4013259550493,0.6356933305777346,0.6356933305777346,21.103038634120463,-533.8155189576044,0.3728795169550703,376,974,97
19,OR15 entry-0.50% persist-3m slow-45m/-1.25%,8143926036.830681,414.98694598517307,0.7261265548294462,0.7261265548294462,12.0597162089493,-436.2298989274806,0.4875220085990619,376,1057,61
20,OR15 entry-0.50% persist-3m slow-45m/-1.50%,288951137506.23676,691.4976988872925,0.7168982536767555,0.7168982536767555,12.982546324218369,-159.71914602536117,0.8123637390637511,376,1122,33
21,OR15 entry-0.50% persist-3m slow-60m/-0.75%,40703399.54690999,172.06961330995142,0.7508765233358488,0.7289970065116218,9.584719358309046,-679.1472316027023,0.20214545134807346,376,825,159
22,OR15 entry-0.50% persist-3m slow-60m/-1.00%,512616886.1199801,269.1170514924927,0.6953924487903684,0.6903699873781247,15.133126812857078,-582.099793420161,0.3161556929951354,376,954,107
23,OR15 entry-0.50% persist-3m slow-60m/-1.25%,12816911375.25233,443.89283820560433,0.7374995088847326,0.7374995088847326,10.922420803420662,-407.3240067070493,0.5214803264979486,376,1028,74
24,OR15 entry-0.50% persist-3m slow-60m/-1.50%,713098632090.9092,782.4586409257412,0.6753587597665465,0.6753587597665465,17.136495715239274,-68.75820398691246,0.9192236333222846,376,1110,38
25,OR15 entry-0.50% persist-5m slow-30m/-0.75%,2780052065.953241,352.4654170812447,0.6876893928566699,0.6602604035262544,15.903432406226937,-498.75142783140893,0.4140724178424975,376,938,114
26,OR15 entry-0.50% persist-5m slow-30m/-1.00%,18732431617.915436,469.32497169281027,0.6600418292938852,0.5867875678124214,18.6681887625054,-381.8918732198434,0.5513577116075157,376,1038,70
27,OR15 entry-0.50% persist-5m slow-30m/-1.25%,79308155390.96266,577.3790234054114,0.7823466301685701,0.7364106556404264,6.437708675036912,-273.8378215072422,0.6782983993516462,376,1110,37
28,OR15 entry-0.50% persist-5m slow-30m/-1.50%,378312911098.18085,717.6026452160933,0.8018856768661125,0.8018856768661125,4.483804005282677,-133.61419969656038,0.8430315371516514,376,1149,17
29,OR15 entry-0.50% persist-5m slow-45m/-0.75%,39199997.414150015,170.83936045801056,0.7734694225986786,0.7535741495966249,7.3254294320260644,-680.3774844546431,0.2007001640992443,376,847,151
30,OR15 entry-0.50% persist-5m slow-45m/-1.00%,1185946781.7721004,308.3481725925443,0.6412072061386825,0.6412072061386825,20.551651078025667,-542.8686723201093,0.3622439739478899,376,974,97
31,OR15 entry-0.50% persist-5m slow-45m/-1.25%,6528493270.142319,401.45638728396983,0.7807179132665013,0.7807179132665013,6.6005803652437915,-449.7604576286838,0.47162646002989367,376,1057,61
32,OR15 entry-0.50% persist-5m slow-45m/-1.50%,231446747849.3141,670.6268894449482,0.7133069096064848,0.7133069096064848,13.341680731245443,-180.5899554677054,0.787844946270728,376,1122,33
33,OR15 entry-0.50% persist-5m slow-60m/-0.75%,59127126.55575003,184.58188338202746,0.7475462726953036,0.7253742733002071,9.917744422363562,-666.6349615306262,0.2168447258594466,376,829,158
34,OR15 entry-0.50% persist-5m slow-60m/-1.00%,480547826.31207025,266.25663827123685,0.7080654784843965,0.7032519738178464,13.865823843454272,-584.9602066414168,0.3127953116324412,376,954,107
35,OR15 entry-0.50% persist-5m slow-60m/-1.25%,8058524954.358931,414.33359854817047,0.7372756311140903,0.7372756311140903,10.944808580484889,-436.88324636448317,0.4867544633596704,376,1030,73
36,OR15 entry-0.50% persist-5m slow-60m/-1.50%,605481306620.4735,765.2437924735674,0.6840632705832284,0.6840632705832284,16.266044633571084,-85.97305243908625,0.8989998224859985,376,1110,38
37,OR15 entry-0.50% persist-10m slow-30m/-0.75%,3535372809.4993095,365.75266246645606,0.6505339826766343,0.644771881310706,19.61897342423049,-485.4641824461976,0.4296821246576567,376,948,109
38,OR15 entry-0.50% persist-10m slow-30m/-1.00%,20740185954.195152,476.34844481223064,0.6262531387939321,0.5997538113012436,22.047057812500714,-374.868400100423,0.559608809035153,376,1042,67
39,OR15 entry-0.50% persist-10m slow-30m/-1.25%,172884702350.30588,644.0246313764428,0.7126885199822669,0.6520511274256551,13.403519693667231,-207.19221353621083,0.7565929119301303,376,1113,34
40,OR15 entry-0.50% persist-10m slow-30m/-1.50%,134742580502.0499,622.0236008383106,0.8210468735646151,0.820363185358678,2.5676843354324075,-229.19324407434306,0.730746348073197,376,1151,16
41,OR15 entry-0.50% persist-10m slow-45m/-0.75%,50903780.72085997,179.4958577974033,0.8437905778814843,0.8300713302011364,0.2933139037454957,-671.7209871152504,0.21086972006037075,376,859,147
42,OR15 entry-0.50% persist-10m slow-45m/-1.00%,1183901205.3757298,308.26329017881983,0.6446998007031495,0.6446998007031495,20.202391621578975,-542.9535547338338,0.3621442550405024,376,979,95
43,OR15 entry-0.50% persist-10m slow-45m/-1.25%,15926749511.896788,458.3087496860966,0.7436504880627186,0.739423719794369,10.30732288562206,-392.90809522655707,0.5384159775798671,376,1069,57
44,OR15 entry-0.50% persist-10m slow-45m/-1.50%,319593238949.6197,701.1630718659856,0.7404079718454569,0.7404079718454569,10.63157450734823,-150.05377304666808,0.823718510807824,376,1123,31
45,OR15 entry-0.50% persist-10m slow-60m/-0.75%,87692458.92370997,198.41496195112592,0.6805825794094812,0.6805825794094812,16.6141137509458,-652.8018829615278,0.23309567137558934,376,836,155
46,OR15 entry-0.50% persist-10m slow-60m/-1.00%,344645226.64723,251.88505117740468,0.7216706553528515,0.7170814769564717,12.505306156608775,-599.331793735249,0.2959117323427164,376,955,106
47,OR15 entry-0.50% persist-10m slow-60m/-1.25%,8175232402.218282,415.2249415702781,0.7394397828969655,0.7394397828969655,10.728393402197367,-435.99190334237556,0.48780160314248217,376,1032,71
48,OR15 entry-0.50% persist-10m slow-60m/-1.50%,396234572156.9691,722.1724518588045,0.7084243343955838,0.7084243343955838,13.829938252335538,-129.04439305384915,0.8484000947289867,376,1111,36
49,OR15 entry-0.50% persist-15m slow-30m/-0.75%,1982771627.2192016,334.4199656727641,0.7109509805382995,0.7061850529021386,13.57727363806397,-516.7968792398896,0.3928728239712879,376,955,106
50,OR15 entry-0.50% persist-15m slow-30m/-1.00%,7350349899.200659,408.6678864203943,0.6685527056928675,0.6375035553443598,17.81710112260717,-442.5489584922593,0.4800984483129316,376,1044,66
51,OR15 entry-0.50% persist-15m slow-30m/-1.25%,107313826955.13776,602.502296006624,0.7437066018085676,0.6954888633154453,10.301711511037158,-248.71454890602968,0.7078129381573139,376,1114,33
52,OR15 entry-0.50% persist-15m slow-30m/-1.50%,70860207880.95238,568.2534895196911,0.8298616697215411,0.819380278477632,1.6862047197398145,-282.9633553929625,0.6675778245177956,376,1152,16
53,OR15 entry-0.50% persist-15m slow-45m/-0.75%,61669354.482060015,186.0282213571744,0.7727140633996746,0.7727140633996746,7.400965351926459,-665.1886235554792,0.21854386748686042,376,866,143
54,OR15 entry-0.50% persist-15m slow-45m/-1.00%,2119530712.5530896,337.9232992588382,0.6478752513743974,0.6478752513743974,19.88484655445418,-513.2935456538155,0.396988500965948,376,982,92
55,OR15 entry-0.50% persist-15m slow-45m/-1.25%,32437891804.688972,508.2413630476564,0.704544401397871,0.704544401397871,14.217931552106823,-342.9754818649972,0.5970762515864084,376,1070,55
56,OR15 entry-0.50% persist-15m slow-45m/-1.50%,282555660487.2229,689.3672500588907,0.7212476300710071,0.7212476300710071,12.547608684793211,-161.84959485376294,0.809860911680653,376,1127,29
57,OR15 entry-0.50% persist-15m slow-60m/-0.75%,133723142.06634997,213.9693815957126,0.6932059461254005,0.6932059461254005,15.351777079353868,-637.2474633169411,0.25136882907629576,376,841,151
58,OR15 entry-0.50% persist-15m slow-60m/-1.00%,311778197.82202,247.66362412328124,0.7272808478891645,0.7227841720437458,11.944286902977474,-603.5532207893724,0.2909524471977465,376,955,106
59,OR15 entry-0.50% persist-15m slow-60m/-1.25%,7375436109.63585,408.87663202376115,0.7731048938441816,0.7731048938441816,7.361882307475764,-442.3402128888925,0.48034368030594765,376,1032,71
60,OR15 entry-0.50% persist-15m slow-60m/-1.50%,416545262290.1541,727.1366585902051,0.6867913902853946,0.6867913902853946,15.993232663354462,-124.08018632244853,0.8542319891059242,376,1111,36
61,OR15 entry-1.00% persist-1m slow-30m/-0.75%,824545714.9474804,290.86060532631967,0.8051330805457547,0.7989421082706109,4.15906363731845,-560.3562395863339,0.34169977610836155,376,1000,85
62,OR15 entry-1.00% persist-1m slow-30m/-1.00%,45842499320.778175,534.1109710515252,0.6358846657661433,0.6214894804171849,21.083905115279588,-317.10587386112843,0.6274675768503292,376,1062,56
63,OR15 entry-1.00% persist-1m slow-30m/-1.25%,168021286523.06622,641.4724323593588,0.7327851369902549,0.6763891567659941,11.393857992868428,-209.74441255329486,0.7535946171567863,376,1119,32
64,OR15 entry-1.00% persist-1m slow-30m/-1.50%,395884266250.88727,722.0848861913684,0.8018986944833092,0.8018986944833092,4.482502243563003,-129.1319587212853,0.848297223565241,376,1152,15
65,OR15 entry-1.00% persist-1m slow-45m/-0.75%,262317957.7912299,240.50653120618142,0.7909180157857614,0.7842754272380097,5.580570113317784,-610.7103137064722,0.28254437473081334,376,959,107
66,OR15 entry-1.00% persist-1m slow-45m/-1.00%,2071046007.789392,336.7046454915594,0.7976328111661353,0.791203553398947,4.909090575280395,-514.5121994210942,0.3955568401916551,376,1012,77
67,OR15 entry-1.00% persist-1m slow-45m/-1.25%,30860961226.40533,504.6020704880884,0.7197903189697715,0.719236863235923,12.693339794916769,-346.61477442456527,0.5928008515149479,376,1073,52
68,OR15 entry-1.00% persist-1m slow-45m/-1.50%,314268223501.4901,699.5436675432657,0.7100722338412335,0.7100722338412335,13.665148307770568,-151.673177369388,0.8218160527768319,376,1132,27
69,OR15 entry-1.00% persist-1m slow-60m/-0.75%,51413146.474160016,179.83117708021993,0.7915571626559201,0.7881202941243888,5.5166554263019085,-671.3856678324337,0.21126364939203363,376,942,116
70,OR15 entry-1.00% persist-1m slow-60m/-1.00%,1196996853.3421504,308.8044873513798,0.7535136887190319,0.745682755056116,9.321002819990731,-542.4123575612739,0.3627800474073881,376,1008,82
71,OR15 entry-1.00% persist-1m slow-60m/-1.25%,17475765222.10896,464.5839695718616,0.8012808678527489,0.7714143287959486,4.544284906619033,-386.63287534079205,0.545788035502909,376,1045,63
72,OR15 entry-1.00% persist-1m slow-60m/-1.50%,357990468236.7232,712.1843133520305,0.6716657799068755,0.6716657799068755,17.505793701206372,-139.03253156062317,0.8366661416634796,376,1117,32
73,OR15 entry-1.00% persist-3m slow-30m/-0.75%,770211179.11526,287.6651915747867,0.8051330768291975,0.7989421044359777,4.159064008974167,-563.5516533378669,0.337945839880912,376,1000,85
74,OR15 entry-1.00% persist-3m slow-30m/-1.00%,44850097511.41477,532.4419452108752,0.6331445720331494,0.6214894804973996,21.357914488578977,-318.7748997017784,0.6255068240167533,376,1062,56
75,OR15 entry-1.00% persist-3m slow-30m/-1.25%,162513648070.9231,638.5024836141056,0.7327815500139779,0.6763848127545697,11.394216690496128,-212.71436129854806,0.7501055546893278,376,1119,32
76,OR15 entry-1.00% persist-3m slow-30m/-1.50%,382709000752.1655,718.7409421524746,0.8019012010496994,0.8019012010496994,4.482251586923979,-132.475902760179,0.8443687956224917,376,1152,15
77,OR15 entry-1.00% persist-3m slow-45m/-0.75%,228330184.05406994,234.86382448466733,0.7974856649461254,0.7910517323055875,4.923805197281384,-616.3530204279863,0.2759153861772643,376,961,107
78,OR15 entry-1.00% persist-3m slow-45m/-1.00%,1857179209.370848,331.01016195779323,0.7976328076225803,0.7912035497428123,4.909090929635895,-520.2066829548604,0.3888670248199322,376,1014,77
79,OR15 entry-1.00% persist-3m slow-45m/-1.25%,29333381296.07628,500.9172082068444,0.7205444437525124,0.7205444437525124,12.617927316642685,-350.29963670580923,0.5884719166456878,376,1075,51
80,OR15 entry-1.00% persist-3m slow-45m/-1.50%,303769614672.3334,696.2789215425362,0.7168363900476662,0.7168363900476662,12.988732687127303,-154.93792337011746,0.8179806658008323,376,1132,27
81,OR15 entry-1.00% persist-3m slow-60m/-0.75%,46557092.22573001,176.50774646577676,0.8263600837075835,0.8234970562621355,2.0363633211355703,-674.7090984468769,0.2073593203901984,376,945,115
82,OR15 entry-1.00% persist-3m slow-60m/-1.00%,1058609388.3979895,302.80073029584315,0.7535136801248677,0.7456827461889131,9.321003679407147,-548.4161146168105,0.3557269009718841,376,1009,82
83,OR15 entry-1.00% persist-3m slow-60m/-1.25%,15078079670.04555,454.63932328741635,0.8012808678527489,0.7714143287959486,4.544284906619033,-396.5775216252373,0.534105176612275,376,1046,63
84,OR15 entry-1.00% persist-3m slow-60m/-1.50%,345958523221.3715,708.8474778986214,0.675358529217444,0.675358529217444,17.13651877014952,-142.36936701403226,0.8327460648072099,376,1117,32
85,OR15 entry-1.00% persist-5m slow-30m/-0.75%,801707149.2367003,289.5407272300022,0.8051330830868404,0.7989421108924274,4.159063383209882,-561.6761176826515,0.3401491981279024,376,1003,83
86,OR15 entry-1.00% persist-5m slow-30m/-1.00%,49799493484.864204,540.4647741902157,0.6331445719096891,0.621489480370017,21.357914500925013,-310.7520707224379,0.6349319534973191,376,1064,55
87,OR15 entry-1.00% persist-5m slow-30m/-1.25%,181815432787.50266,648.5510987809223,0.7327779722552092,0.6763804799060187,11.394574466372998,-202.66574613173134,0.7619105550565937,376,1121,31
88,OR15 entry-1.00% persist-5m slow-30m/-1.50%,376989351724.14734,717.2576519202272,0.8018961756966816,0.8018961756966816,4.482754122225763,-133.95919299242644,0.8426262428979863,376,1152,15
89,OR15 entry-1.00% persist-5m slow-45m/-0.75%,203550396.10735,230.26321078795723,0.8079699035255951,0.8018690578479613,3.875381339334416,-620.9536341246965,0.2705106368185011,376,961,107
90,OR15 entry-1.00% persist-5m slow-45m/-1.00%,1689989238.9447694,326.1414929940063,0.7976328061530047,0.7912035482265479,4.909091076593453,-525.0753519186474,0.38314736714059366,376,1014,77
91,OR15 entry-1.00% persist-5m slow-45m/-1.25%,28913029967.185745,499.8736300588255,0.7205444437525124,0.7205444437525124,12.617927316642685,-351.34321485382816,0.5872459327448099,376,1075,51
92,OR15 entry-1.00% persist-5m slow-45m/-1.50%,299240394611.10944,694.8397371296708,0.7133943834948893,0.7133943834948893,13.332933342404996,-156.37710778298288,0.8162899280981343,376,1132,27
93,OR15 entry-1.00% persist-5m slow-60m/-0.75%,68463804.67260998,189.65101174134963,0.8278614367439049,0.8250231640613022,1.886228017503433,-661.565833171304,0.22279988098779976,376,950,114
94,OR15 entry-1.00% persist-5m slow-60m/-1.00%,1058850066.4267498,302.81175722189096,0.7535136805455979,0.7456827466230099,9.321003637334135,-548.4050876907627,0.35573985528089913,376,1009,82
95,OR15 entry-1.00% persist-5m slow-60m/-1.25%,12480145731.468508,442.15168246041713,0.8012808678527489,0.7714143287959486,4.544284906619033,-409.0651624522365,0.5194348362617142,376,1046,63
96,OR15 entry-1.00% persist-5m slow-60m/-1.50%,340940740508.7515,707.425646525498,0.6840631050521315,0.6840631050521315,16.26606118668077,-143.79119838715565,0.8310757132609252,376,1117,32
97,OR15 entry-1.00% persist-10m slow-30m/-0.75%,934042362.3916402,296.77380188238436,0.7979783385294172,0.7915600582556505,4.874537838952198,-554.4430430302693,0.3486465330850418,376,1005,82
98,OR15 entry-1.00% persist-10m slow-30m/-1.00%,45242775168.54872,533.1061990389435,0.6585303210138913,0.6214894801173918,18.81933959050479,-318.11064587371015,0.626287181962015,376,1065,54
99,OR15 entry-1.00% persist-10m slow-30m/-1.25%,237949369371.46637,673.2025142666256,0.7327787925104323,0.6763814732769764,11.39449244085069,-178.01433064602804,0.7908707614165051,376,1123,29
100,OR15 entry-1.00% persist-10m slow-30m/-1.50%,133623587069.83545,621.2988769829853,0.8280799734552058,0.8203642541665437,1.864374346373343,-229.9179679296683,0.7298949506182987,376,1154,14
101,OR15 entry-1.00% persist-10m slow-45m/-0.75%,175912816.48854017,224.5103098896132,0.7987629665190568,0.7923696140788277,4.796075039988246,-626.7065350230405,0.26375219338222916,376,961,107
102,OR15 entry-1.00% persist-10m slow-45m/-1.00%,1395126218.1052203,316.41484650761134,0.797632803057814,0.7912035450330223,4.909091386112518,-534.8019984050422,0.3717206119670714,376,1015,76
103,OR15 entry-1.00% persist-10m slow-45m/-1.25%,54563975861.42073,547.550638176179,0.7385535412279803,0.7342427329589937,10.817017569095889,-303.6662067364747,0.6432563470150371,376,1084,48
104,OR15 entry-1.00% persist-10m slow-45m/-1.50%,297756774608.81287,694.3641415236452,0.7404021158020613,0.7404021158020613,10.632160111687794,-156.8527033890084,0.81573120371566,376,1133,26
105,OR15 entry-1.00% persist-10m slow-60m/-0.75%,98498988.52684997,202.62043429433967,0.8213589043613572,0.818413415958581,2.536481255758205,-648.5964106183139,0.23803621310517095,376,952,113
106,OR15 entry-1.00% persist-10m slow-60m/-1.00%,947752899.58742,297.47067033286163,0.7429378929636368,0.7334894454543646,10.378582395530245,-553.7461745797921,0.34946520632282146,376,1010,81
107,OR15 entry-1.00% persist-10m slow-60m/-1.25%,9598757551.309853,425.2815044534766,0.8012808678527489,0.7714143287959486,4.544284906619033,-425.93534045917704,0.4996159403977916,376,1047,62
108,OR15 entry-1.00% persist-10m slow-60m/-1.50%,220390615986.2812,666.0978144520913,0.7084907375279552,0.7084907375279552,13.8232979390984,-185.11903046056239,0.7825242397786922,376,1118,31
109,OR15 entry-1.00% persist-15m slow-30m/-0.75%,820353399.6769398,290.6207545400208,0.8023444449147942,0.7960648769666386,4.437927200414505,-560.5960903726328,0.34141800209539136,376,1008,80
110,OR15 entry-1.00% persist-15m slow-30m/-1.00%,27004943616.7059,494.9619747245418,0.6670442844820501,0.6371795229023646,17.96794324368891,-356.25487018811185,0.5814757751596558,376,1066,53
111,OR15 entry-1.00% persist-15m slow-30m/-1.25%,168768074404.38214,641.8685165546925,0.7394491867232397,0.6934609065304744,10.727453019569955,-209.34832835796112,0.7540599324259812,376,1124,28
112,OR15 entry-1.00% persist-15m slow-30m/-1.50%,99009753014.43825,595.7218644538287,0.8417546286393024,0.8193738045757106,0.4969088279636824,-255.4949804588249,0.6998473632355782,376,1155,14
113,OR15 entry-1.00% persist-15m slow-45m/-0.75%,194177417.37293008,228.39366082739733,0.8179103492099746,0.8149079999870807,2.881336770896459,-622.8231840852563,0.26831431049844134,376,967,103
114,OR15 entry-1.00% persist-15m slow-45m/-1.00%,1283670180.1669111,312.2605030565238,0.8344737351173099,0.8292149230030379,1.2249981801629284,-538.9563418561298,0.3668401358863686,376,1019,74
115,OR15 entry-1.00% persist-15m slow-45m/-1.25%,58669735225.842926,553.2328493093563,0.7350962426561141,0.7307284294028491,11.162747426282515,-297.98399560329733,0.6499317449082266,376,1084,48
116,OR15 entry-1.00% persist-15m slow-45m/-1.50%,321043050833.4881,701.5998662733671,0.7212949061723428,0.7212949061723428,12.54288107465964,-149.61697863928657,0.8242316519774238,376,1133,26
117,OR15 entry-1.00% persist-15m slow-60m/-0.75%,164574897.42828017,221.9172237251497,0.783270374262903,0.7796968706585703,6.345334265603619,-629.2996211875039,0.2607058648468375,376,957,109
118,OR15 entry-1.00% persist-15m slow-60m/-1.00%,1654740190.6832106,325.06119849179225,0.7525357311912781,0.7363656130818301,9.418798572766107,-526.1556464208613,0.38187824927871106,376,1013,80
119,OR15 entry-1.00% persist-15m slow-60m/-1.25%,10360340408.603682,430.1334314865147,0.8012808678527489,0.7714143287959486,4.544284906619033,-421.0834134261389,0.5053159298447063,376,1047,62
120,OR15 entry-1.00% persist-15m slow-60m/-1.50%,238675400306.08188,673.4862334506656,0.686937733925129,0.686937733925129,15.97859829938102,-177.73061146198802,0.7912040715310027,376,1118,31
121,OR15 entry-1.50% persist-1m slow-30m/-0.75%,2863729702.203788,354.0841269995994,0.8215300010001921,0.8158599631156337,2.5193715918747084,-497.13271791305425,0.41597406009503163,376,1067,56
122,OR15 entry-1.50% persist-1m slow-30m/-1.00%,194818501528.66782,654.803761186844,0.6524898000820993,0.6414493114293982,19.423391683683988,-196.41308372580966,0.7692561127053773,376,1104,37
123,OR15 entry-1.50% persist-1m slow-30m/-1.25%,223006889895.49847,667.1873082978278,0.7443993285425812,0.6904545357624929,10.232438837635804,-184.02953661482582,0.783804164926142,376,1136,23
124,OR15 entry-1.50% persist-1m slow-30m/-1.50%,168155941590.5151,641.5439655034332,0.8400953103783302,0.8200704442818743,0.6628406540609033,-209.6728794092204,0.7536786534919482,376,1153,13
125,OR15 entry-1.50% persist-1m slow-45m/-0.75%,1348159861.0709295,314.70118049684464,0.8145083480885132,0.8086152304805023,3.221536883042597,-536.5156644158089,0.36970741636243964,376,1045,72
126,OR15 entry-1.50% persist-1m slow-45m/-1.00%,30624552844.682236,504.0424447444647,0.775046344613168,0.7678995089799442,7.167737230577121,-347.1744001681889,0.592143409469518,376,1089,47
127,OR15 entry-1.50% persist-1m slow-45m/-1.25%,82600962742.31157,580.7055252592714,0.6536289482058514,0.6536289482058514,19.309476871308785,-270.5113196533822,0.6822063364110935,376,1116,34
128,OR15 entry-1.50% persist-1m slow-45m/-1.50%,323102719671.487,702.2174225161406,0.7100722338412335,0.7100722338412335,13.665148307770568,-148.99942239651307,0.8249571501233597,376,1137,22
129,OR15 entry-1.50% persist-1m slow-60m/-0.75%,672853357.0892403,281.4075585946479,0.8009180130756279,0.7945931270201538,4.5805703843311285,-569.8092863180057,0.33059444285730055,376,1035,78
130,OR15 entry-1.50% persist-1m slow-60m/-1.00%,16386998135.687708,460.2273789246079,0.8350833320552495,0.829843886992873,1.164038486368968,-390.98946598804577,0.5406699616850668,376,1076,54
131,OR15 entry-1.50% persist-1m slow-60m/-1.25%,50916749240.26067,542.1782713168387,0.6283505273756504,0.612717664063467,21.83731895432888,-309.0385735958149,0.6369449506987536,376,1091,44
132,OR15 entry-1.50% persist-1m slow-60m/-1.50%,305535675142.8962,696.8349865638334,0.6716658965842048,0.6716658965842048,17.505782033473437,-154.3818583488203,0.8186339247496189,376,1131,26
133,OR15 entry-1.50% persist-3m slow-30m/-0.75%,3024061810.616612,357.0727697311382,0.826663605732634,0.8211566637940632,2.006011118630524,-494.14407518151546,0.41948508404785934,376,1068,55
134,OR15 entry-1.50% persist-3m slow-30m/-1.00%,188779422329.0116,651.9469720862836,0.6524897999992535,0.6414493113439204,19.423391691968572,-199.26987282637003,0.7658999889190189,376,1104,37
135,OR15 entry-1.50% persist-3m slow-30m/-1.25%,215582115465.8451,664.0653994980016,0.7443938020327734,0.6904478428769292,10.232991488616584,-187.15144541465202,0.7801365814913399,376,1136,23
136,OR15 entry-1.50% persist-3m slow-30m/-1.50%,162560994828.39404,638.5283898104049,0.8400960222453608,0.8200737671502437,0.6627694673578377,-212.68845510224878,0.7501359889981107,376,1153,13
137,OR15 entry-1.50% persist-3m slow-45m/-0.75%,2726049121.138039,351.3978463905831,0.820335031968315,0.8146270296095055,2.6388684950624186,-499.81899852207056,0.41281824777168413,376,1048,70
138,OR15 entry-1.50% persist-3m slow-45m/-1.00%,29601897918.363525,501.5769723411209,0.7750463446204597,0.7678995089874676,7.167737229847948,-349.63987257153275,0.5892470001490507,376,1089,47
139,OR15 entry-1.50% persist-3m slow-45m/-1.25%,69217403839.19276,566.3685306774629,0.6536289694250357,0.6536289694250357,19.309474749390354,-284.84831423519074,0.6653633960164169,376,1116,34
140,OR15 entry-1.50% persist-3m slow-45m/-1.50%,312402353334.94006,698.9705195128437,0.7168363900476662,0.7168363900476662,12.988732687127303,-152.24632539980996,0.8211427249005716,376,1137,22
141,OR15 entry-1.50% persist-3m slow-60m/-0.75%,742099555.97636,285.93331578453393,0.8040700247768293,0.7978452789458106,4.26536921421099,-565.2835291281197,0.3359112516316269,376,1036,77
142,OR15 entry-1.50% persist-3m slow-60m/-1.00%,15551717925.214016,456.708958825202,0.8350833318881334,0.8298438868204476,1.1640385030805778,-394.50788608745165,0.5365365612237931,376,1076,54
143,OR15 entry-1.50% persist-3m slow-60m/-1.25%,48725104971.01178,538.7848260821928,0.6283505273756504,0.6123018232493996,21.83731895432888,-312.43201883046083,0.6329583693065653,376,1091,44
144,OR15 entry-1.50% persist-3m slow-60m/-1.50%,295243332252.60736,693.5536440564082,0.6753587139977318,0.6753587139977318,17.136500292120736,-157.66320085624545,0.8147790403837417,376,1131,26
145,OR15 entry-1.50% persist-5m slow-30m/-0.75%,6479445591.834129,401.0012054370426,0.8257358473228318,0.8201994302603703,2.0987869596107434,-450.21563947561106,0.47109171750259565,376,1072,53
146,OR15 entry-1.50% persist-5m slow-30m/-1.00%,183193193918.83942,649.23191306785,0.6524898000257596,0.6414493113712685,19.42339168931796,-201.98493184480367,0.7627103680431394,376,1104,37
147,OR15 entry-1.50% persist-5m slow-30m/-1.25%,212355076172.7995,662.6789451240415,0.7443924018751715,0.6904461472145806,10.233131504376768,-188.5378997886121,0.7785077904467943,376,1136,23
148,OR15 entry-1.50% persist-5m slow-30m/-1.50%,160128480379.11237,637.1887477207455,0.8400952186240052,0.8200715021809423,0.662849829493406,-214.02809719190816,0.7485621924999964,376,1153,13
149,OR15 entry-1.50% persist-5m slow-45m/-0.75%,2328917250.08989,342.9197554802954,0.8296363444945609,0.8242238472329413,1.70873724243783,-508.29708943235823,0.4028582816820121,376,1048,70
150,OR15 entry-1.50% persist-5m slow-45m/-1.00%,26213300980.96508,492.83408552104675,0.7750463448822965,0.767899509257623,7.16773720366427,-358.3827593916069,0.5789759547951828,376,1089,47
151,OR15 entry-1.50% persist-5m slow-45m/-1.25%,65826061889.291916,562.3494405803078,0.6536289707336327,0.6536289707336327,19.309474618530654,-288.8674043323458,0.6606418140585698,376,1116,34
152,OR15 entry-1.50% persist-5m slow-45m/-1.50%,307694544168.0535,697.5109045296693,0.7133943834948893,0.7133943834948893,13.332933342404996,-153.7059403829843,0.8194279855930757,376,1137,22
153,OR15 entry-1.50% persist-5m slow-60m/-0.75%,1337641201.4913292,314.3101990340973,0.8047454501096141,0.7985421627155681,4.197826680932515,-536.9066458785563,0.3692480957262421,376,1039,76
154,OR15 entry-1.50% persist-5m slow-60m/-1.00%,14469668324.31123,451.8951893275989,0.8350833317305318,0.829843886657839,1.1640385188407376,-399.3216555850547,0.530881398821436,376,1076,54
155,OR15 entry-1.50% persist-5m slow-60m/-1.25%,48131458732.747475,537.8425566420186,0.6283505273756504,0.6125212615326338,21.83731895432888,-313.374288270635,0.6318514017391286,376,1091,44
156,OR15 entry-1.50% persist-5m slow-60m/-1.50%,290787860299.4326,692.1018767894464,0.6840633146101112,0.6840633146101112,16.266040230882805,-159.1149681232073,0.8130735204852124,376,1131,26
157,OR15 entry-1.50% persist-10m slow-30m/-0.75%,5119023443.082452,386.98261824502407,0.83485881364577,0.829612235575635,1.1864903273169247,-464.23422666762957,0.45462283853738084,376,1072,53
158,OR15 entry-1.50% persist-10m slow-30m/-1.00%,182722097728.88806,648.9996312939827,0.6524898000492416,0.6414493113954964,19.423391686969758,-202.21721361867094,0.7624374860210607,376,1105,36
159,OR15 entry-1.50% persist-10m slow-30m/-1.25%,351548095707.45013,710.4101299832715,0.7443984853153459,0.6904535145712554,10.23252316035933,-140.8067149293821,0.8345818509455945,376,1138,21
160,OR15 entry-1.50% persist-10m slow-30m/-1.50%,159509168935.4782,636.8448209242418,0.8401007334413934,0.820073441599188,0.6622983477545863,-214.3720239884118,0.7481581511578178,376,1154,12
161,OR15 entry-1.50% persist-10m slow-45m/-0.75%,2293180174.738109,342.09571938781124,0.829636344269756,0.8242238470009943,1.7087372649183252,-509.1211255248424,0.40189021332503694,376,1051,67
162,OR15 entry-1.50% persist-10m slow-45m/-1.00%,28693875761.732216,499.32424720054513,0.7750463447059974,0.7678995090757229,7.167737221294179,-351.8925977121085,0.5866005239261713,376,1091,45
163,OR15 entry-1.50% persist-10m slow-45m/-1.25%,111964092602.37686,606.1001405927127,0.6630247827332023,0.6630247827332023,18.36989341857369,-245.11670431994094,0.7120396456145165,376,1118,32
164,OR15 entry-1.50% persist-10m slow-45m/-1.50%,306350906514.6951,697.0907186434255,0.7404021158020613,0.7404021158020613,10.632160111687794,-154.12612626922817,0.8189343559277853,376,1138,21
165,OR15 entry-1.50% persist-10m slow-60m/-0.75%,1050982157.8193604,302.4501330570241,0.8098111372320421,0.803768788024002,3.6912579686897096,-548.7667118556295,0.3553150232689058,376,1040,75
166,OR15 entry-1.50% persist-10m slow-60m/-1.00%,11745604423.018763,438.2057957567045,0.83508333146104,0.8298438863797852,1.164038545789925,-413.01104915594914,0.5147992528292487,376,1077,53
167,OR15 entry-1.50% persist-10m slow-60m/-1.25%,37616832570.25256,519.1881976696578,0.6727088648311794,0.6727088648311794,17.40148520877598,-332.0286472429958,0.6099364700929216,376,1092,43
168,OR15 entry-1.50% persist-10m slow-60m/-1.50%,189275383861.18347,652.1845938573841,0.7295621996238792,0.7295621996238792,11.716151729505997,-199.0322510552695,0.7661791443099403,376,1132,25
169,OR15 entry-1.50% persist-15m slow-30m/-0.75%,4191290459.887722,375.3965926607339,0.8346732612283905,0.8294207881101129,1.2050455690548745,-475.8202522519197,0.44101170565915515,376,1073,52
170,OR15 entry-1.50% persist-15m slow-30m/-1.00%,138723509214.21988,624.5596725091626,0.6717977476277525,0.6717977476277525,17.492596929118676,-226.65717240349102,0.7337256966211129,376,1105,36
171,OR15 entry-1.50% persist-15m slow-30m/-1.25%,284574813107.9472,690.0444084104383,0.7454182635632086,0.6916885180998222,10.13054533557306,-161.1724365022153,0.8106564297153286,376,1139,20
172,OR15 entry-1.50% persist-15m slow-30m/-1.50%,159288915870.8225,636.7222229899721,0.8511092613482234,0.8196857130545233,-0.4385544429284183,-214.49462192268152,0.7480141244800066,376,1155,12
173,OR15 entry-1.50% persist-15m slow-45m/-0.75%,1495913690.4016864,319.92735097222436,0.8382006765335368,0.8330602703090051,0.8523040385402414,-531.2894939404293,0.3758470628069552,376,1052,66
174,OR15 entry-1.50% persist-15m slow-45m/-1.00%,26797051775.069107,494.4085414205879,0.7750463453034439,0.7678995096921503,7.167737161549537,-356.80830349206576,0.58082560792288,376,1091,45
175,OR15 entry-1.50% persist-15m slow-45m/-1.25%,118043015890.47025,610.6101043308979,0.6536289609770884,0.6536289609770884,19.309475594185077,-240.60674058175573,0.7173379004189641,376,1118,32
176,OR15 entry-1.50% persist-15m slow-45m/-1.50%,328061092872.9658,703.690022075512,0.7212949061723428,0.7212949061723428,12.54288107465964,-147.5268228371416,0.826687143565304,376,1138,21
177,OR15 entry-1.50% persist-15m slow-60m/-0.75%,837305873.5836394,291.5840958217696,0.835325445147474,0.8300936920804634,1.139827177146524,-559.6327490908841,0.3425497246259149,376,1041,74
178,OR15 entry-1.50% persist-15m slow-60m/-1.00%,11605269308.491636,437.4273300824086,0.8350833317594492,0.829843886687675,1.1640385159490063,-413.789514830245,0.5138847200883279,376,1077,53
179,OR15 entry-1.50% persist-15m slow-60m/-1.25%,38513531185.4196,520.9472730292019,0.6573462093352359,0.6573462093352359,18.93775075837033,-330.2695718834517,0.6120030120910709,376,1092,43
180,OR15 entry-1.50% persist-15m slow-60m/-1.50%,204897671113.77136,659.4026804619357,0.7095175584752432,0.7095175584752432,13.720615844369599,-191.81416445071795,0.7746588714766321,376,1132,25
181,OR15 entry-2.00% persist-1m slow-30m/-0.75%,2289150748.4430795,342.0021003604789,0.797540741054096,0.791108558195709,4.9182975864843215,-509.21474455217475,0.4017802307419949,376,1088,47
182,OR15 entry-2.00% persist-1m slow-30m/-1.00%,67601496046.13503,564.4756444164321,0.8073352617398672,0.8065991884905631,3.938845517907197,-286.7412004962215,0.663139654472363,376,1125,31
183,OR15 entry-2.00% persist-1m slow-30m/-1.25%,50132846034.89028,540.9795355973807,0.8819952145621703,0.8570901794493695,-3.527149764323112,-310.2373093152729,0.6355366894235893,376,1141,22
184,OR15 entry-2.00% persist-1m slow-30m/-1.50%,103389428460.74767,599.3577139790381,0.8803746580587529,0.8551276027772772,-3.3650941139813706,-251.85913093361557,0.7041187184689,376,1157,12
185,OR15 entry-2.00% persist-1m slow-45m/-0.75%,1564876167.2212,322.2126498211575,0.7643433061390922,0.7411564237839929,8.238041077984704,-529.0041950914961,0.3785318062569837,376,1081,52
186,OR15 entry-2.00% persist-1m slow-45m/-1.00%,15394070016.253893,456.0263228711381,0.8612920897171998,0.8607621578617495,-1.456837279826062,-395.1905220415155,0.5357346081631321,376,1107,38
187,OR15 entry-2.00% persist-1m slow-45m/-1.25%,42910424873.1894,529.0837805657974,0.8168229673308804,0.816123141743426,2.9900749588058773,-322.13306434685626,0.6215616898653933,376,1128,29
188,OR15 entry-2.00% persist-1m slow-45m/-1.50%,91065846342.86644,588.7500116339348,0.8424099068916924,0.8091503506141233,0.4313810027246845,-262.4668332787188,0.6916569087567206,376,1143,19
189,OR15 entry-2.00% persist-1m slow-60m/-0.75%,804329015.2138596,289.6939173402569,0.86668869303948,0.8644906158993496,-1.9964976120540823,-561.5229275723967,0.3403291641508615,376,1072,56
190,OR15 entry-2.00% persist-1m slow-60m/-1.00%,25405509491.650806,490.60370694311405,0.7769539309385034,0.7698676998146836,6.976978598043582,-360.6131379695396,0.5763557310634009,376,1102,41
191,OR15 entry-2.00% persist-1m slow-60m/-1.25%,85943014832.7661,583.9645727068303,0.7000168808066739,0.6367051253635573,14.670683611226531,-267.2522722058234,0.6860350287907577,376,1115,33
192,OR15 entry-2.00% persist-1m slow-60m/-1.50%,257939703296.95557,680.7501726163371,0.6970528027135976,0.6716659598804342,14.967091420534162,-170.46667229631657,0.7997376657720997,376,1140,22
193,OR15 entry-2.00% persist-3m slow-30m/-0.75%,2431478934.228259,345.22437192871143,0.7975407364376078,0.7911085534325538,4.91829804813314,-505.9924729839422,0.40556571923119794,376,1089,46
194,OR15 entry-2.00% persist-3m slow-30m/-1.00%,66054680224.770164,562.6260359292849,0.8073273713218205,0.806591267927272,3.9396345597118687,-288.5908089833688,0.6609667551715543,376,1125,31
195,OR15 entry-2.00% persist-3m slow-30m/-1.25%,48466410787.728714,538.3754601920232,0.881982365881103,0.8570746190405365,-3.5258648962163797,-312.84138472063046,0.6324774508512784,376,1141,22
196,OR15 entry-2.00% persist-3m slow-30m/-1.50%,99948224130.96913,596.5126925052168,0.8803769490897908,0.8551303773328452,-3.365323217085159,-254.70415240743682,0.7007764191584192,376,1157,12
197,OR15 entry-2.00% persist-3m slow-45m/-0.75%,2746497646.6884813,351.80425825484434,0.7643650625650057,0.749287249353461,8.235865435393352,-499.4125866578093,0.41329569587047377,376,1083,51
198,OR15 entry-2.00% persist-3m slow-45m/-1.00%,14865908107.636599,453.6936048310353,0.8613084198907701,0.860778550424546,-1.4584702971830898,-397.5232400816183,0.5329941571792912,376,1107,38
199,OR15 entry-2.00% persist-3m slow-45m/-1.25%,35853579640.26718,515.6188376628548,0.8168246433274504,0.8161248241431202,2.98990735914888,-335.5980072497988,0.6057432259999088,376,1128,29
200,OR15 entry-2.00% persist-3m slow-45m/-1.50%,88038577568.23094,585.9516694290982,0.8424105071111556,0.8091510775105407,0.43132098077836023,-265.2651754835555,0.6883694477277699,376,1143,19
201,OR15 entry-2.00% persist-3m slow-60m/-0.75%,1005116102.9747901,300.2933708928279,0.8106081789328463,0.8074854293183769,3.6115537986092905,-550.9234740198258,0.3527812832741134,376,1073,55
202,OR15 entry-2.00% persist-3m slow-60m/-1.00%,24188503083.401604,487.12273195492617,0.7769539317314479,0.7698677006328201,6.976978518749133,-364.0941129577275,0.572266320698707,376,1102,41
203,OR15 entry-2.00% persist-3m slow-60m/-1.25%,82163746092.67467,580.2706237211122,0.7000141264222366,0.6367017896633634,14.670959049670262,-270.94622119154144,0.6816954189630209,376,1115,33
204,OR15 entry-2.00% persist-3m slow-60m/-1.50%,249358555286.87628,677.5755798437808,0.6970556325525621,0.675358598930013,14.966808436637713,-173.64126506887283,0.7960081897971711,376,1140,22
205,OR15 entry-2.00% persist-5m slow-30m/-0.75%,4278106651.512868,376.57174090388264,0.7975407423329267,0.7911085595151686,4.91829745860125,-474.645104008771,0.4423922566317681,376,1091,45
206,OR15 entry-2.00% persist-5m slow-30m/-1.00%,61609297098.77991,557.0899692793297,0.807324489959164,0.806588375556405,3.939922695977527,-294.12687563332395,0.6544630461777277,376,1125,31
207,OR15 entry-2.00% persist-5m slow-30m/-1.25%,47726905631.00618,537.1945524507171,0.8819935235639477,0.8570881315641785,-3.526980664500845,-314.02229246193656,0.6310901336848432,376,1141,22
208,OR15 entry-2.00% persist-5m slow-30m/-1.50%,98455199847.28578,595.2514506948443,0.8803756694537239,0.8551288276282294,-3.36519525347847,-255.96539421780938,0.699294726428875,376,1157,12
209,OR15 entry-2.00% persist-5m slow-45m/-0.75%,2422896122.7892413,345.03482354479047,0.7695870045273376,0.762266724251962,7.713671239160158,-506.1820213678632,0.40534303991622217,376,1083,51
210,OR15 entry-2.00% persist-5m slow-45m/-1.00%,13154695152.13749,445.5992943574897,0.8613091048376569,0.8607792379882638,-1.4585387918717663,-405.6175505551639,0.5234850520412507,376,1107,38
211,OR15 entry-2.00% persist-5m slow-45m/-1.25%,34158312931.649014,512.0384178884257,0.816818654455,0.8161188123902566,2.9905062463939203,-339.178427024228,0.6015369890159631,376,1128,29
212,OR15 entry-2.00% persist-5m slow-45m/-1.50%,86704767625.00725,584.6917782367389,0.8424142998585928,0.809155670721347,0.43094170603463766,-266.5250666759148,0.6868893416891159,376,1143,19
213,OR15 entry-2.00% persist-5m slow-60m/-0.75%,2082922135.3711503,337.0054519398991,0.8131649761808439,0.8100843838125295,3.3558740738095283,-514.2113929727545,0.39591022423255784,376,1078,53
214,OR15 entry-2.00% persist-5m slow-60m/-1.00%,22058172416.300224,480.6404011015771,0.7769539317307732,0.7698677006321241,6.976978518816601,-370.57644381107656,0.5646509511344284,376,1102,41
215,OR15 entry-2.00% persist-5m slow-60m/-1.25%,81188239038.90562,579.2928969276652,0.7000106283919021,0.636697553370017,14.671308852703714,-271.92394798498844,0.6805467964947386,376,1115,33
216,OR15 entry-2.00% persist-5m slow-60m/-1.50%,245624545765.11887,676.1640880758391,0.6970545359029063,0.684063311128938,14.966918101603287,-175.05275683681452,0.7943499851030588,376,1140,22
217,OR15 entry-2.00% persist-10m slow-30m/-0.75%,3405600906.0789537,363.65987268518876,0.7975407405103935,0.791108557634733,4.918297640854574,-487.5569722274649,0.42722353870065294,376,1091,45
218,OR15 entry-2.00% persist-10m slow-30m/-1.00%,96552609905.39157,593.6196179930412,0.8071889210058149,0.8064522886635466,3.9534795913124365,-257.59722691961247,0.697377667677564,376,1127,29
219,OR15 entry-2.00% persist-10m slow-30m/-1.25%,76404185544.32738,574.3429449055662,0.8837839770293415,0.8592564621322512,-3.706026011040231,-276.8739000070874,0.6747316483903718,376,1143,20
220,OR15 entry-2.00% persist-10m slow-30m/-1.50%,116452158956.36841,609.4499455841558,0.8803808093992491,0.8551350523647087,-3.3657092480309903,-241.76689932849786,0.7159749589385694,376,1159,10
221,OR15 entry-2.00% persist-10m slow-45m/-0.75%,1917281684.4909897,332.6664340502562,0.7773066489896553,0.7736348136796929,6.941706792928393,-518.5504108623975,0.3908127946932163,376,1083,51
222,OR15 entry-2.00% persist-10m slow-45m/-1.00%,11296448529.086939,435.6846551978798,0.8706306004047022,0.8701363462138183,-2.3906883485762975,-415.53218971477384,0.5118374451842373,376,1108,37
223,OR15 entry-2.00% persist-10m slow-45m/-1.25%,57860779744.777466,552.1415751808338,0.8154144296158617,0.8147092227274905,3.130928730307747,-299.07526973181984,0.648649728304532,376,1130,27
224,OR15 entry-2.00% persist-10m slow-45m/-1.50%,75178448871.2045,573.030889739106,0.863007007112411,0.8340944906800108,-1.6283290193471744,-278.18595517354765,0.6731902607001471,376,1144,18
225,OR15 entry-2.00% persist-10m slow-60m/-0.75%,1699887851.1523998,326.44129536570637,0.8163463858200364,0.8133182494958546,3.037733109890284,-524.7755495469473,0.38349957160352444,376,1078,53
226,OR15 entry-2.00% persist-10m slow-60m/-1.00%,19288049050.991734,471.3324501320483,0.7769539315419863,0.7698677004373393,6.976978537695288,-379.88439478060536,0.5537160747569714,376,1103,40
227,OR15 entry-2.00% persist-10m slow-60m/-1.25%,62991639139.0046,558.848112109206,0.7000015497427596,0.636686558662345,14.672216717617959,-292.36873280344764,0.6565284926504849,376,1116,32
228,OR15 entry-2.00% persist-10m slow-60m/-1.50%,159391807934.41266,636.7795136304655,0.6970562461100764,0.6777187442394963,14.966747080886279,-214.4373312821881,0.7480814288817413,376,1141,21
229,OR15 entry-2.00% persist-15m slow-30m/-0.75%,2754465630.5636663,351.9619006423074,0.7973132598891455,0.7908738498954948,4.941045702979374,-499.25494427034624,0.4134808923787492,376,1094,44
230,OR15 entry-2.00% persist-15m slow-30m/-1.00%,79791418776.5441,577.8747517424284,0.8088388001079434,0.8081084711083761,3.7884916810995817,-273.3420931702252,0.6788807754406295,376,1127,29
231,OR15 entry-2.00% persist-15m slow-30m/-1.25%,74445057484.4305,572.2368265694379,0.8831369750262956,0.8584729096703054,-3.6413258107356405,-278.98001834321576,0.672257404196644,376,1145,18
232,OR15 entry-2.00% persist-15m slow-30m/-1.50%,125374166651.29826,615.7849467461256,0.8797171793221464,0.8543313624560422,-3.299346240320722,-235.43189816652807,0.7234172472342385,376,1159,10
233,OR15 entry-2.00% persist-15m slow-45m/-0.75%,1254999105.404291,311.1406154898167,0.7811700623155229,0.7753594692355085,6.555365460341633,-540.076229422837,0.36552450453649554,376,1084,50
234,OR15 entry-2.00% persist-15m slow-45m/-1.00%,10967455736.03292,433.78143008913275,0.8665323203478389,0.8660224087286925,-1.9808603428899674,-417.4354148235209,0.509601557677873,376,1108,37
235,OR15 entry-2.00% persist-15m slow-45m/-1.25%,65066943493.5378,561.4249153518051,0.8117283016675658,0.8110090119729646,3.4995415251373396,-289.79192956084853,0.6595556921919407,376,1130,27
236,OR15 entry-2.00% persist-15m slow-45m/-1.50%,97580577183.04764,594.504771958435,0.838711756701512,0.8046717019043521,0.8011960217427228,-256.7120729542187,0.6984175366259806,376,1144,18
237,OR15 entry-2.00% persist-15m slow-60m/-0.75%,1311374316.5845006,313.32191368373856,0.8272495453821781,0.8244011836497782,1.947417153676112,-537.8949312289151,0.36808706918375145,376,1078,53
238,OR15 entry-2.00% persist-15m slow-60m/-1.00%,17923709047.67842,466.30733501779685,0.7769539307334128,0.7698676996030772,6.976978618552643,-384.9095098948568,0.5478126258951634,376,1103,40
239,OR15 entry-2.00% persist-15m slow-60m/-1.25%,67340500673.70223,564.166186883698,0.7000135215765446,0.6367010571643466,14.67101953423946,-287.0506580289557,0.6627761072345661,376,1116,32
240,OR15 entry-2.00% persist-15m slow-60m/-1.50%,172575037502.2289,643.8640216133116,0.6970547356482686,0.6576205303757185,14.966898127067063,-207.35282329934205,0.7564042293822096,376,1141,21
241,OR15 entry-2.50% persist-1m slow-30m/-0.75%,79504275344.63654,577.5805214162903,0.8650522744636655,0.8470843257941656,-1.8328557544726287,-273.6363234963634,0.6785351169543148,376,1127,29
242,OR15 entry-2.50% persist-1m slow-30m/-1.00%,133668152907.35039,621.3278422434433,0.8209281665111722,0.8202440247864058,2.5795550407767043,-229.8890026692103,0.729928978681337,376,1142,21
243,OR15 entry-2.50% persist-1m slow-30m/-1.25%,88555007442.8734,586.434974181093,0.8468542213244212,0.8182947069135638,-0.013050440548201259,-264.7818707315606,0.6889372287284437,376,1152,16
244,OR15 entry-2.50% persist-1m slow-30m/-1.50%,80216877068.95685,578.3090028826126,0.8452365856781452,0.8163809579986222,0.14871312407940263,-272.907842030041,0.6793909288084576,376,1162,9
245,OR15 entry-2.50% persist-1m slow-45m/-0.75%,112305663252.131,606.3591962306257,0.8426430028549259,0.8256421636688779,0.40807140640133355,-244.85764868202796,0.7123439812717126,376,1123,31
246,OR15 entry-2.50% persist-1m slow-45m/-1.00%,68875031199.2726,565.9707425667572,0.9047020615986957,0.8905724061247661,-5.797834467975649,-285.2461023458965,0.6648960790065584,376,1127,29
247,OR15 entry-2.50% persist-1m slow-45m/-1.25%,96219198135.47212,593.3307458389284,0.8688847967285356,0.8412127940281178,-2.2161079809596362,-257.8860990737253,0.6970383039116338,376,1136,24
248,OR15 entry-2.50% persist-1m slow-45m/-1.50%,116699333441.59401,609.6311128501029,0.8550063239052422,0.8244052547971042,-0.8282606986303009,-241.58573206255073,0.7161877922101734,376,1149,16
249,OR15 entry-2.50% persist-1m slow-60m/-0.75%,43660829668.868774,530.3984955044797,0.8023614055347703,0.7810093985609933,4.436231138416891,-320.81834940817396,0.6231062022261856,376,1114,35
250,OR15 entry-2.50% persist-1m slow-60m/-1.00%,50169943929.10165,541.0366356746786,0.8257778820786272,0.8069571223489944,2.0945834840311983,-310.1802092379751,0.6356037699538197,376,1119,32
251,OR15 entry-2.50% persist-1m slow-60m/-1.25%,136778415787.9563,623.3286530038995,0.81044289623388,0.8097186956637196,3.6280820685059223,-227.88819190875415,0.7322795087165614,376,1129,27
252,OR15 entry-2.50% persist-1m slow-60m/-1.50%,187734636184.71295,651.444599022587,0.8372966797819369,0.8366750737596467,0.9427037137002325,-199.77224589006664,0.7653098066796763,376,1148,18
253,OR15 entry-2.50% persist-3m slow-30m/-0.75%,73871654449.77896,571.6111799389096,0.8650559416820225,0.8470842168598034,-1.8332224763083271,-279.60566497374407,0.6715224015539362,376,1127,29
254,OR15 entry-2.50% persist-3m slow-30m/-1.00%,131365086581.05916,619.8197348893814,0.8209254120716633,0.8202412598235946,2.5798304847275966,-231.39711002327226,0.7281572710805356,376,1142,21
255,OR15 entry-2.50% persist-3m slow-30m/-1.25%,85579781703.94504,583.6158148223556,0.8468548427537288,0.8182943437285097,-0.013112583478958051,-267.6010300902981,0.6856253119406283,376,1152,16
256,OR15 entry-2.50% persist-3m slow-30m/-1.50%,77559285751.59268,575.5625529832223,0.8452345523615807,0.8163732370021362,0.148916455735848,-275.65429192943134,0.6761644302777899,376,1162,9
257,OR15 entry-2.50% persist-3m slow-45m/-0.75%,102283641538.60442,598.4527040505117,0.8426404440825286,0.8256402584629206,0.4083272836410634,-252.76414086214197,0.70305552295775,376,1123,31
258,OR15 entry-2.50% persist-3m slow-45m/-1.00%,66582893696.57482,563.2618921303737,0.9046947135838531,0.8905631392508199,-5.797099666491389,-287.95495278228,0.6617137519032203,376,1127,29
259,OR15 entry-2.50% persist-3m slow-45m/-1.25%,92966473173.09628,590.465378416977,0.8688803107937468,0.8412073613320346,-2.2156593874807617,-260.7514664956766,0.6936721024095415,376,1136,24
260,OR15 entry-2.50% persist-3m slow-45m/-1.50%,112798347868.68076,606.7316423561177,0.8550054185824487,0.824404158404975,-0.82817016635095,-244.4852025565359,0.712781526801642,376,1149,16
261,OR15 entry-2.50% persist-3m slow-60m/-0.75%,56787046261.82275,550.6722008232546,0.8023479506016374,0.7809960617262635,4.4375766317301775,-300.54464408939907,0.6469235237934712,376,1115,34
262,OR15 entry-2.50% persist-3m slow-60m/-1.00%,47176117386.59659,536.3045012794678,0.8257830356304804,0.8069639683243055,2.094068128845883,-314.91234363318586,0.6300445115539272,376,1119,32
263,OR15 entry-2.50% persist-3m slow-60m/-1.25%,107690359033.39276,602.7986643241179,0.8443334315770332,0.8437387093779332,0.23902853419059955,-248.41818058853573,0.7081611083318884,376,1129,27
264,OR15 entry-2.50% persist-3m slow-60m/-1.50%,181427965661.1817,648.3588162247256,0.8372986634535347,0.8366770650098372,0.9425053465404565,-202.85802868792803,0.7616846636667017,376,1148,18
265,OR15 entry-2.50% persist-5m slow-30m/-0.75%,72807116575.4426,570.4382372147792,0.8650616020250904,0.8470917595130024,-1.8337885106151197,-280.77860769787446,0.6701444416003232,376,1127,29
266,OR15 entry-2.50% persist-5m slow-30m/-1.00%,121627370402.08821,613.1744685250961,0.8209296271098041,0.8202454909652367,2.5794089809135112,-238.0423763875575,0.7203504867059064,376,1142,21
267,OR15 entry-2.50% persist-5m slow-30m/-1.25%,84306800992.59554,582.3831980678921,0.8468389487661434,0.8182818177065057,-0.01152318472041891,-268.8336468447616,0.684177247605635,376,1152,16
268,OR15 entry-2.50% persist-5m slow-30m/-1.50%,76392593764.01901,574.3306237989196,0.8452335501680424,0.8163764742615992,0.14901667508968597,-276.886221113734,0.674717173692508,376,1162,9
269,OR15 entry-2.50% persist-5m slow-45m/-0.75%,93778670502.22044,591.1890162921253,0.8426360180117581,0.8256368968967429,0.4087698907181081,-260.02782862052834,0.694522224067111,376,1123,31
270,OR15 entry-2.50% persist-5m slow-45m/-1.00%,64375906851.94444,560.5750200342817,0.9046970154549685,0.8905678554675052,-5.797329853602928,-290.64182487837195,0.658557244707492,376,1127,29
271,OR15 entry-2.50% persist-5m slow-45m/-1.25%,88458200677.44533,586.3445659847898,0.8688791731158814,0.8412059835460489,-2.2155456196942147,-264.8722789278638,0.6888310181936739,376,1136,24
272,OR15 entry-2.50% persist-5m slow-45m/-1.50%,111123784500.08878,605.4598592079441,0.8550038959653691,0.824402314437946,-0.8280179046429859,-245.75698570470956,0.7112874502267075,376,1149,16
273,OR15 entry-2.50% persist-5m slow-60m/-0.75%,68415912589.97881,565.4345734242992,0.8089132612255456,0.7882635338065204,3.7810455693393585,-285.78227148835447,0.6642661935130295,376,1118,33
274,OR15 entry-2.50% persist-5m slow-60m/-1.00%,45610365171.816475,533.7234350078686,0.8257848465927888,0.8069610151276891,2.0938870326150383,-317.49340990478504,0.6270123038538269,376,1119,32
275,OR15 entry-2.50% persist-5m slow-60m/-1.25%,106409982615.1727,601.7871300362127,0.8443223824900243,0.843727618078024,0.24013344289148808,-249.42971487644093,0.706972769198387,376,1129,27
276,OR15 entry-2.50% persist-5m slow-60m/-1.50%,178734100794.16577,647.0118967969863,0.8372977165270726,0.8366761144656544,0.9426000391866585,-204.20494811566732,0.7601023178334523,376,1148,18
277,OR15 entry-2.50% persist-10m slow-30m/-0.75%,69082311940.30104,566.2117803433629,0.8651834081485518,0.8472286748772992,-1.8459691229612551,-285.00506456929077,0.6651792474824249,376,1128,28
278,OR15 entry-2.50% persist-10m slow-30m/-1.00%,204561041322.08154,659.2523286787001,0.8208002888541358,0.8201156585743625,2.592342806480341,-191.96451623395353,0.7744822398884132,376,1144,19
279,OR15 entry-2.50% persist-10m slow-30m/-1.25%,137966989878.6843,624.0826982261304,0.8491729371335901,0.8210487521515546,-0.24492202146508824,-227.1341466865232,0.733165352584358,376,1154,14
280,OR15 entry-2.50% persist-10m slow-30m/-1.50%,76146530678.9063,574.0686903038968,0.8452397324812708,0.8163807806832257,0.14839844376683953,-277.14815460875684,0.6744094571610645,376,1163,8
281,OR15 entry-2.50% persist-10m slow-45m/-0.75%,93901196116.37555,591.2977031813741,0.8428084267331867,0.8258273944353415,0.391529018575254,-259.9191417312795,0.6946499082052932,376,1124,30
282,OR15 entry-2.50% persist-10m slow-45m/-1.00%,58284226867.000755,552.7144636313386,0.9102360490150425,0.8969273451488253,-6.35123320961033,-298.502381281315,0.6493227512292178,376,1128,28
283,OR15 entry-2.50% persist-10m slow-45m/-1.25%,150927396368.95673,631.9539924363258,0.8678690347038917,0.8399826543509392,-2.1145317784952433,-219.2628524763278,0.7424124607181298,376,1138,22
284,OR15 entry-2.50% persist-10m slow-45m/-1.50%,96380485283.89064,593.4705968067645,0.8739466774104909,0.847342989996213,-2.7222960491551706,-257.7462481058891,0.6972025992597253,376,1150,15
285,OR15 entry-2.50% persist-10m slow-60m/-0.75%,60885156152.88595,556.1550709911179,0.8103867660370141,0.7899044101230852,3.6336950881925123,-295.06177392153575,0.6533647381569228,376,1119,32
286,OR15 entry-2.50% persist-10m slow-60m/-1.00%,40930719126.54689,525.5156968012116,0.8252305441196562,0.8063532605560998,2.149317279928298,-325.7011481114421,0.6173699450874196,376,1120,31
287,OR15 entry-2.50% persist-10m slow-60m/-1.25%,83211340313.41734,581.3092966219283,0.8443273872683993,0.8437326419770929,0.239632965053993,-269.90754829072534,0.6829156402345145,376,1130,26
288,OR15 entry-2.50% persist-10m slow-60m/-1.50%,142168350462.82382,626.7030787700288,0.8372985335836611,0.8366769346437974,0.9425183335278087,-224.51376614262483,0.7362437462505068,376,1149,17
289,OR15 entry-2.50% persist-15m slow-30m/-0.75%,57883325769.22359,552.1721708598034,0.8655262980382608,0.8476230727889867,-1.8802581119321538,-299.04467405285027,0.648685671764947,376,1128,28
290,OR15 entry-2.50% persist-15m slow-30m/-1.00%,164140119775.68555,639.3886428068423,0.8222379126888886,0.8215587748331928,2.4485804230050645,-211.82820210581133,0.7511466045675497,376,1144,19
291,OR15 entry-2.50% persist-15m slow-30m/-1.25%,112795650256.06003,606.7296069884173,0.8483377134466418,0.8200599613856341,-0.16139965277025548,-244.4872379242363,0.7127791356745014,376,1155,13
292,OR15 entry-2.50% persist-15m slow-30m/-1.50%,81943578535.89528,580.0508508425576,0.8443809482245166,0.8153642801438402,0.23427686944226256,-271.1659940700961,0.681437232250824,376,1163,8
293,OR15 entry-2.50% persist-15m slow-45m/-0.75%,75966128669.19228,573.8761794274717,0.8411475868156969,0.8239877768374796,0.5576130103242316,-277.34066548518194,0.6741832975431298,376,1124,30
294,OR15 entry-2.50% persist-15m slow-45m/-1.00%,58466212857.6016,552.9595513039999,0.9053067526704137,0.891263338706919,-5.85830357514745,-298.25729360865375,0.6496106774775363,376,1128,28
295,OR15 entry-2.50% persist-15m slow-45m/-1.25%,166586253182.30322,640.7069475304417,0.8652385840147631,0.836797044254231,-1.851486709582384,-210.509897382212,0.7526953341673905,376,1138,22
296,OR15 entry-2.50% persist-15m slow-45m/-1.50%,121228548861.23866,612.8924503278403,0.8516022738488114,0.8202827763662087,-0.48785569298721576,-238.32439458481338,0.7200191748916004,376,1150,15
297,OR15 entry-2.50% persist-15m slow-60m/-0.75%,46295355470.700264,534.8620488704607,0.8089129288808372,0.7882721888984241,3.7810788038102006,-316.3547960421929,0.6283499346460241,376,1119,32
298,OR15 entry-2.50% persist-15m slow-60m/-1.00%,38677634875.94195,521.2652928858871,0.8240536189952061,0.8050400622123469,2.267009792373309,-329.95155202676654,0.6123766182509887,376,1120,31
299,OR15 entry-2.50% persist-15m slow-60m/-1.25%,93045841313.85043,590.5363371222048,0.8342237714317804,0.8335904254011496,1.2499945487158826,-260.6805077904488,0.6937554639003906,376,1130,26
300,OR15 entry-2.50% persist-15m slow-60m/-1.50%,162327986924.49942,638.4008333805868,0.8284774577438798,0.8278221579928849,1.8246259175059398,-212.8160115320668,0.7499861371353563,376,1149,17
301,OR30 entry-0.50% persist-1m slow-30m/-0.75%,254368900.18685994,239.24708259237258,0.8389028672252101,0.8389028672252101,0.7820849693729093,-611.969762320281,0.2810647886284752,376,933,116
302,OR30 entry-0.50% persist-1m slow-30m/-1.00%,8162507907.538292,415.1283049540944,0.7012920207915591,0.6601176934326644,14.543169612738016,-436.08853995855924,0.48768807552991056,376,1044,68
303,OR30 entry-0.50% persist-1m slow-30m/-1.25%,68335512842.84176,565.3403553098341,0.8038451571246248,0.7624464695101217,4.287855979431443,-285.87648960281956,0.6641555071291448,376,1116,34
304,OR30 entry-0.50% persist-1m slow-30m/-1.50%,415785217322.5912,726.9547680776027,0.8018986944833092,0.8018986944833092,4.482502243563003,-124.26207683505095,0.8540183061722634,376,1152,16
305,OR30 entry-0.50% persist-1m slow-45m/-0.75%,19277265.393000003,148.65244572918135,0.8126767442733354,0.7962248932470034,3.4046972645603857,-702.5643991834722,0.17463522558042788,376,854,148
306,OR30 entry-0.50% persist-1m slow-45m/-1.00%,962065710.1910199,298.18875384621487,0.7893082613758451,0.7893082613758451,5.741545554309413,-553.0280910664387,0.350308802778466,376,985,93
307,OR30 entry-0.50% persist-1m slow-45m/-1.25%,13840295767.092083,448.9475711344393,0.7807179132665013,0.7807179132665013,6.6005803652437915,-402.26927377821437,0.527418570036061,376,1064,59
308,OR30 entry-0.50% persist-1m slow-45m/-1.50%,234886739623.83655,671.9972524193641,0.7100877627748007,0.7100877627748007,13.663595414413853,-179.2195924932895,0.789454833319611,376,1122,33
309,OR30 entry-0.50% persist-1m slow-60m/-0.75%,24380624.197199997,155.78539144484657,0.7526972018176946,0.7309775878898486,9.40265151012446,-695.431453467807,0.18301493018601184,376,838,155
310,OR30 entry-0.50% persist-1m slow-60m/-1.00%,294809626.6750901,245.32856151987446,0.7466535046212448,0.7346814449985102,10.007021229769443,-605.8882833927792,0.2882092418472387,376,964,103
311,OR30 entry-0.50% persist-1m slow-60m/-1.25%,9137626699.40463,422.1764561273786,0.778543766835815,0.778543766835815,6.817995008312416,-429.04038878527507,0.49596816445837555,376,1029,73
312,OR30 entry-0.50% persist-1m slow-60m/-1.50%,415090326538.1466,726.7882138663392,0.6753586754665518,0.6753586754665518,17.13650414523874,-124.42863104631442,0.8538226401533648,376,1110,38
313,OR30 entry-0.50% persist-3m slow-30m/-0.75%,1506504664.6094992,320.28426374315575,0.7335594107067596,0.7335594107067596,11.316430621217965,-530.9325811694979,0.37626635992620805,376,947,110
314,OR30 entry-0.50% persist-3m slow-30m/-1.00%,11800372096.394285,438.50738462980496,0.7012920207915591,0.6563491472832393,14.543169612738016,-412.7094602828487,0.5151535560539826,376,1053,64
315,OR30 entry-0.50% persist-3m slow-30m/-1.25%,41181714777.19214,525.9763707281957,0.8158926073761649,0.7805185125455363,3.083110954277435,-325.240474184458,0.6179111396487553,376,1116,34
316,OR30 entry-0.50% persist-3m slow-30m/-1.50%,173223666991.51437,644.2001478532446,0.8019012010496994,0.8019012010496994,4.482251586923979,-207.016697059409,0.75679910671804,376,1153,16
317,OR30 entry-0.50% persist-3m slow-45m/-0.75%,42150366.40532999,173.2165018578285,0.7528565302672181,0.7528565302672181,9.386718665172111,-678.0003430548252,0.20349280314771362,376,863,145
318,OR30 entry-0.50% persist-3m slow-45m/-1.00%,628698943.19791,278.30277217084165,0.7977825408485532,0.7977825408485532,4.894117607038606,-572.914072741812,0.3269469745977587,376,985,93
319,OR30 entry-0.50% persist-3m slow-45m/-1.25%,9787936127.416777,426.5175130132058,0.7870342588241809,0.7870342588241809,5.968945809475834,-424.6993318994478,0.5010679893875599,376,1064,59
320,OR30 entry-0.50% persist-3m slow-45m/-1.50%,134749093267.00133,622.027803356813,0.7168434666931103,0.7168434666931103,12.988025022582894,-229.18904155584062,0.7307512851447876,376,1123,33
321,OR30 entry-0.50% persist-3m slow-60m/-0.75%,53161155.271199964,180.96010623696773,0.7399167453149388,0.7397169521215403,10.680697160400044,-670.2567386756859,0.2125899027004531,376,842,152
322,OR30 entry-0.50% persist-3m slow-60m/-1.00%,446772494.0487699,263.05641604735473,0.7678417978683713,0.7568710053430139,7.888191905056797,-588.1604288652989,0.3090357264656198,376,968,101
323,OR30 entry-0.50% persist-3m slow-60m/-1.25%,7262553995.961303,407.93235706471006,0.778543766835815,0.778543766835815,6.817995008312416,-443.2844878479436,0.4792343566774333,376,1029,73
324,OR30 entry-0.50% persist-3m slow-60m/-1.50%,311458599128.9449,698.679474613237,0.684063400283383,0.684063400283383,16.266031663555623,-152.5373702994167,0.8208008086176102,376,1110,38
325,OR30 entry-0.50% persist-5m slow-30m/-0.75%,2802620376.1971507,352.9061677868084,0.7406768119134688,0.7406768119134688,10.604690500547044,-498.31067712584525,0.41459020682681785,376,958,106
326,OR30 entry-0.50% persist-5m slow-30m/-1.00%,9568225030.920813,425.08001375611934,0.7006467537205717,0.6556067949036262,14.60769631983675,-426.1368311565343,0.49937923138696616,376,1054,63
327,OR30 entry-0.50% persist-5m slow-30m/-1.25%,65092783383.91394,561.4565411795197,0.8250903962503615,0.8065752342379827,2.1633320668577705,-289.7603037331339,0.6595928458595445,376,1119,31
328,OR30 entry-0.50% persist-5m slow-30m/-1.50%,145738086237.79395,628.8765281086689,0.8313379855301053,0.8203640117772443,1.5385731388833923,-222.3403168039847,0.7387970901506303,376,1154,15
329,OR30 entry-0.50% persist-5m slow-45m/-0.75%,50581556.26776999,179.28220778947136,0.7634344506064932,0.7634344506064932,8.328926631244604,-671.9346371231823,0.21061872642789176,376,873,143
330,OR30 entry-0.50% persist-5m slow-45m/-1.00%,648166186.7974002,279.6945412897922,0.7969904970480151,0.7969904970480151,4.973321987092416,-571.5223036228615,0.3285820093450954,376,989,91
331,OR30 entry-0.50% persist-5m slow-45m/-1.25%,7604133345.359701,410.75138274353515,0.7885943563908229,0.7885943563908229,5.812936052811635,-440.4654621691185,0.4825461164195873,376,1065,58
332,OR30 entry-0.50% persist-5m slow-45m/-1.50%,121377750200.43253,612.9980503006299,0.7133295705244784,0.7133295705244784,13.33941463944608,-238.21879461202377,0.7201432325549569,376,1124,32
333,OR30 entry-0.50% persist-5m slow-60m/-0.75%,81236864.33261001,195.67967908591476,0.7494706850331116,0.7492782310747137,9.725303188582757,-655.5371658267388,0.22988229175139754,376,851,150
334,OR30 entry-0.50% persist-5m slow-60m/-1.00%,602884478.7466497,276.39755957351684,0.7621237123281533,0.7508827078114556,8.460000459078588,-574.8192853391367,0.32470875221210993,376,972,99
335,OR30 entry-0.50% persist-5m slow-60m/-1.25%,7737654433.896697,411.8231156998772,0.778543766835815,0.778543766835815,6.817995008312416,-439.39372921277646,0.4838051762734275,376,1035,70
336,OR30 entry-0.50% persist-5m slow-60m/-1.50%,338848645756.2122,706.8273908020011,0.6782141992924751,0.6782141992924751,16.850951762646417,-144.38945411065254,0.830372889148512,376,1114,35
337,OR30 entry-0.50% persist-10m slow-30m/-0.75%,1591348964.4235303,323.0664356605639,0.7895073005242984,0.7895073005242984,5.721641639464082,-528.1504092520897,0.37953482428289453,376,971,101
338,OR30 entry-0.50% persist-10m slow-30m/-1.00%,19443494466.92859,471.88497416836606,0.7203875218750693,0.7203875218750693,12.633619504386996,-379.3318707442876,0.554365173796329,376,1066,58
339,OR30 entry-0.50% persist-10m slow-30m/-1.25%,75944146581.71803,573.8526943906746,0.856181974253748,0.8538106591572339,-0.9458257334808762,-277.364150521979,0.6741557075853681,376,1125,29
340,OR30 entry-0.50% persist-10m slow-30m/-1.50%,161763833748.1131,638.0913285202926,0.8307809545152478,0.8203642541665437,1.5942762403691413,-213.12551639236108,0.7496225342976728,376,1158,13
341,OR30 entry-0.50% persist-10m slow-45m/-0.75%,37901467.57025,169.74288608975186,0.7637655498103686,0.7637655498103686,8.295816710857062,-681.4739588229017,0.19941203831224671,376,884,139
342,OR30 entry-0.50% persist-10m slow-45m/-1.00%,423294594.35604006,260.7040106041421,0.8008071711818046,0.8008071711818046,4.591654573713466,-590.5128343085115,0.30627214694146926,376,990,91
343,OR30 entry-0.50% persist-10m slow-45m/-1.25%,11620264030.758163,437.51090255044846,0.7704498632957619,0.7666649712299087,7.627385362317729,-413.7059423622052,0.5139829000862207,376,1075,55
344,OR30 entry-0.50% persist-10m slow-45m/-1.50%,114990865398.46625,608.371923494003,0.7403482608615907,0.7403482608615907,10.637545605734855,-242.84492141865064,0.7147085106808831,376,1127,29
345,OR30 entry-0.50% persist-10m slow-60m/-0.75%,106028995.09017998,205.31694333924136,0.7547102788784447,0.7497210373323391,9.201343804049456,-645.8999015734123,0.24120404168024853,376,865,146
346,OR30 entry-0.50% persist-10m slow-60m/-1.00%,451792956.2591799,263.5452955002018,0.7750028869901875,0.7643704965643023,7.172082992875173,-587.6715494124519,0.3096100565623148,376,972,99
347,OR30 entry-0.50% persist-10m slow-60m/-1.25%,4889741497.329921,384.3027217797805,0.7841278211696227,0.7841278211696227,6.259589574931656,-466.91412313287316,0.45147452623451684,376,1035,70
348,OR30 entry-0.50% persist-10m slow-60m/-1.50%,342516782317.5242,707.8742029128288,0.6990224060109738,0.6990224060109738,14.770131090796546,-143.34264199982488,0.8316026722726172,376,1114,34
349,OR30 entry-0.50% persist-15m slow-30m/-0.75%,2026848579.1317692,335.57168742865474,0.8007765583368013,0.8007765583368013,4.594715858213794,-515.6451574839989,0.39422585376948094,376,989,94
350,OR30 entry-0.50% persist-15m slow-30m/-1.00%,14297025125.2261,451.0980312716391,0.7306773590164317,0.7272717877176322,11.60463579025075,-400.1188136410145,0.5299449064802375,376,1073,55
351,OR30 entry-0.50% persist-15m slow-30m/-1.25%,94727271218.5858,592.0272382420336,0.7588105552813247,0.7548337507854099,8.791316163761454,-259.18960667062004,0.6955069578102435,376,1135,26
352,OR30 entry-0.50% persist-15m slow-30m/-1.50%,97919472126.30548,594.7947876338321,0.8661217040940593,0.8378665477628271,-1.939798717512009,-256.4220572788215,0.6987582437878871,376,1160,12
353,OR30 entry-0.50% persist-15m slow-45m/-0.75%,73221690.89787999,192.00401228071885,0.7830356339210376,0.7727828363726725,6.368808299790163,-659.2128326319348,0.22556415962423895,376,900,131
354,OR30 entry-0.50% persist-15m slow-45m/-1.00%,2054424666.9966211,336.28109134116534,0.7997577022033993,0.7997577022033993,4.696601471553996,-514.9357535714882,0.39505925352742793,376,1001,84
355,OR30 entry-0.50% persist-15m slow-45m/-1.25%,28485387983.056705,498.79816687421317,0.7156894914147658,0.7110016937787775,13.103422550417342,-352.4186780384405,0.5859824906606454,376,1077,52
356,OR30 entry-0.50% persist-15m slow-45m/-1.50%,135188147491.56125,622.3107025123745,0.7212949061723428,0.7212949061723428,12.54288107465964,-228.90614240027912,0.731083631899028,376,1131,26
357,OR30 entry-0.50% persist-15m slow-60m/-0.75%,195599803.21387994,228.68241312432187,0.776532844576144,0.7712444750906695,7.019087234279519,-622.5344317883317,0.26865353345749143,376,872,141
358,OR30 entry-0.50% persist-15m slow-60m/-1.00%,514639238.06395,269.29210973134377,0.7704385110375455,0.7595904279455197,7.628520588139375,-581.9247351813099,0.3163613494502412,376,973,98
359,OR30 entry-0.50% persist-15m slow-60m/-1.25%,5424804189.5818205,390.39692111410903,0.7793917886943085,0.7793917886943085,6.733192822463074,-460.8199237985446,0.45863392324451596,376,1037,69
360,OR30 entry-0.50% persist-15m slow-60m/-1.50%,385205529194.1654,719.3822678361332,0.6686409235369764,0.6686409235369764,17.808279338196286,-131.83457707652042,0.8451222178409211,376,1114,34
361,OR30 entry-1.00% persist-1m slow-30m/-0.75%,566421634.9674093,273.5803671495671,0.8051330880097962,0.7989421159717869,4.1590628909143,-577.6364777630865,0.32139914615721704,376,1004,83
362,OR30 entry-1.00% persist-1m slow-30m/-1.00%,25996932907.896973,492.2426690761257,0.6953360718208805,0.6953360718208805,15.138764509805869,-358.97417583652793,0.5782811653905139,376,1065,55
363,OR30 entry-1.00% persist-1m slow-30m/-1.25%,115679724676.4485,608.8815993149565,0.751504123953904,0.7059861515133822,9.521959296503525,-242.33524559769717,0.7153072721175249,376,1123,30
364,OR30 entry-1.00% persist-1m slow-30m/-1.50%,274460865313.69965,686.6090578415341,0.8018986944833092,0.8018986944833092,4.482502243563003,-164.60778707111956,0.8066206184065701,376,1153,15
365,OR30 entry-1.00% persist-1m slow-45m/-0.75%,225299663.49357024,234.32545816185976,0.7963408884061381,0.789870585919758,5.0382828512801066,-616.8913867507939,0.27528291946090977,376,962,106
366,OR30 entry-1.00% persist-1m slow-45m/-1.00%,1415754664.1118498,317.1515264903558,0.7976328064148563,0.7912035484967187,4.909091050408287,-534.0653184222979,0.3725860553463317,376,1014,77
367,OR30 entry-1.00% persist-1m slow-45m/-1.25%,27089804746.90449,495.18680885697506,0.7205444437525124,0.7205444437525124,12.617927316642685,-356.0300360556786,0.5817399077761295,376,1075,51
368,OR30 entry-1.00% persist-1m slow-45m/-1.50%,305278823003.5282,696.7542895986151,0.7100722338412335,0.7100722338412335,13.665148307770568,-154.46255531403858,0.8185391228601819,376,1132,27
369,OR30 entry-1.00% persist-1m slow-60m/-0.75%,47867303.57643,177.43341431200997,0.8297844612048686,0.8269778959310666,1.6939255714070622,-673.7834306006437,0.20844678459131885,376,946,114
370,OR30 entry-1.00% persist-1m slow-60m/-1.00%,1069124937.3021097,303.2804678886504,0.7593857711145094,0.7456827405865167,8.733794580442977,-547.9363770240033,0.3562904913139625,376,1010,81
371,OR30 entry-1.00% persist-1m slow-60m/-1.25%,13932095960.764128,449.3847635017883,0.8012808678527489,0.7714143287959486,4.544284906619033,-401.8320814108653,0.5279321787245661,376,1046,63
372,OR30 entry-1.00% persist-1m slow-60m/-1.50%,274319561297.9027,686.5602782340106,0.6753586078580118,0.6753586078580118,17.136510906092738,-164.656566678643,0.8065633126708871,376,1117,32
373,OR30 entry-1.00% persist-3m slow-30m/-0.75%,1270252528.9678397,311.73918032889816,0.8051330944898509,0.7989421226577145,4.159062242908829,-539.4776645837555,0.36622769179442966,376,1007,81
374,OR30 entry-1.00% persist-3m slow-30m/-1.00%,20950032934.044018,477.04757416877885,0.6925523667429746,0.6925523667429746,15.417135017596461,-374.1692707438748,0.5604301383600208,376,1067,54
375,OR30 entry-1.00% persist-3m slow-30m/-1.25%,72082133611.16618,569.6307618206445,0.7501522262001336,0.7141776756082717,9.657149071880566,-281.5860830920092,0.6691958285659823,376,1123,30
376,OR30 entry-1.00% persist-3m slow-30m/-1.50%,114506191149.57628,608.0117089117617,0.8019012010496994,0.8019012010496994,4.482251586923979,-243.2051360008919,0.714285334630745,376,1154,15
377,OR30 entry-1.00% persist-3m slow-45m/-0.75%,311745210.85287017,247.65919433406034,0.8079699236371451,0.8018690785984606,3.875379328179407,-603.5576505785933,0.2909472431310655,376,964,105
378,OR30 entry-1.00% persist-3m slow-45m/-1.00%,1004446909.5337905,300.26126771908423,0.7976327992607906,0.7912035411153664,4.909091765814866,-550.9555771935694,0.3527435688257498,376,1014,77
379,OR30 entry-1.00% persist-3m slow-45m/-1.25%,20565625837.232822,475.76212104661204,0.726542100601439,0.7220332440673563,12.018161631750024,-375.4547238660416,0.5589200024529962,376,1075,51
380,OR30 entry-1.00% persist-3m slow-45m/-1.50%,284475320433.7172,690.0111409336401,0.7168363900476662,0.7168363900476662,12.988732687127303,-161.2057039790135,0.8106173474567983,376,1132,27
381,OR30 entry-1.00% persist-3m slow-60m/-0.75%,75584677.74637002,193.12301941345441,0.8279063108297118,0.8250687780446049,1.881740608922744,-658.0938254991993,0.22687875665015939,376,948,113
382,OR30 entry-1.00% persist-3m slow-60m/-1.00%,914570098.3926295,295.7684554098981,0.7795360154007922,0.7464059347772516,6.718770151814701,-555.4483895027556,0.3474654633276764,376,1010,81
383,OR30 entry-1.00% persist-3m slow-60m/-1.25%,11155812222.106695,434.87711967721543,0.8012808678527489,0.7714143287959486,4.544284906619033,-416.3397252354382,0.5108887615139239,376,1046,63
384,OR30 entry-1.00% persist-3m slow-60m/-1.50%,205016947994.29947,659.4559019661452,0.6840630317866765,0.6840630317866765,16.266068513226273,-191.7609429465084,0.7747213955027104,376,1117,32
385,OR30 entry-1.00% persist-5m slow-30m/-0.75%,1006588149.4255898,300.3639231722294,0.8051330829476157,0.7989421107487795,4.159063397132357,-550.8529217404242,0.3528641673004613,376,1008,80
386,OR30 entry-1.00% persist-5m slow-30m/-1.00%,19065743454.15849,470.5354293236207,0.6928597071716203,0.6928597071716203,15.386400974731895,-380.68141558903295,0.5527797436526342,376,1068,53
387,OR30 entry-1.00% persist-5m slow-30m/-1.25%,82788026278.25974,580.8909800623173,0.7507924293555696,0.7355722378961294,9.593128756336966,-270.3258648503363,0.6824242066331813,376,1125,28
388,OR30 entry-1.00% persist-5m slow-30m/-1.50%,96415368896.75336,593.5008170677221,0.8431287808188445,0.8203640117772443,0.3594936100094759,-257.71602784493155,0.6972381016832712,376,1155,14
389,OR30 entry-1.00% persist-5m slow-45m/-0.75%,411715892.9739803,259.50130700867527,0.8107416349208653,0.8047288478643166,3.5982081998073956,-591.7155379039784,0.30485922425008355,376,968,103
390,OR30 entry-1.00% persist-5m slow-45m/-1.00%,1081870249.2933695,303.8563984887239,0.7976327984399091,0.7912035402684052,4.909091847903014,-547.3604464239297,0.35696708812183303,376,1018,75
391,OR30 entry-1.00% persist-5m slow-45m/-1.25%,15749089279.665247,457.5550736349582,0.7269671465837747,0.7224652983363751,11.975657033516452,-393.66177127769544,0.5375305674101286,376,1076,50
392,OR30 entry-1.00% persist-5m slow-45m/-1.50%,249126218304.00934,677.4882984564465,0.7133943834948893,0.7133943834948893,13.332933342404996,-173.72854645620714,0.7959056526024999,376,1133,26
393,OR30 entry-1.00% persist-5m slow-60m/-0.75%,136194644.5690001,214.66255977745868,0.7595361589992294,0.7533986991166756,8.718755791970977,-636.554285135195,0.2521831670277695,376,954,111
394,OR30 entry-1.00% persist-5m slow-60m/-1.00%,952359583.9684,297.7028257435458,0.7756628208352989,0.7456827461272668,7.10608960836403,-553.5140191691078,0.34973793989485036,376,1011,80
395,OR30 entry-1.00% persist-5m slow-60m/-1.25%,8182014061.922533,415.27639108780363,0.8012808678527489,0.7714143287959486,4.544284906619033,-435.94045382485,0.48786204545848316,376,1047,62
396,OR30 entry-1.00% persist-5m slow-60m/-1.50%,221909637580.97348,666.7317560356616,0.6779937666044933,0.6779937666044933,16.872995031444592,-184.485088876992,0.7832689872391768,376,1121,29
397,OR30 entry-1.00% persist-10m slow-30m/-0.75%,747220342.5119098,286.25304286358426,0.8012639901956965,0.7949500959225331,4.545972672324272,-564.9638020490694,0.33628686341722674,376,1014,78
398,OR30 entry-1.00% persist-10m slow-30m/-1.00%,24536120551.250732,488.1324484764433,0.7204911460001356,0.7204911460001356,12.623257091880358,-363.08439643621034,0.5734525243406482,376,1076,50
399,OR30 entry-1.00% persist-10m slow-30m/-1.25%,105981535146.61751,601.4462529338871,0.8064120634118019,0.8032201269757909,4.031165350713728,-249.77059197876656,0.7065723106027155,376,1131,26
400,OR30 entry-1.00% persist-10m slow-30m/-1.50%,106955891551.36696,602.2197159082218,0.8426134784358946,0.8203642541665437,0.41102384830445926,-248.99712900443183,0.707480966227845,376,1159,12
401,OR30 entry-1.00% persist-10m slow-45m/-0.75%,291990750.0135396,244.92925422604102,0.8209813232805625,0.8152938537633815,2.5742393638376715,-606.2875906866126,0.2877401401180848,376,971,102
402,OR30 entry-1.00% persist-10m slow-45m/-1.00%,810968442.44454,290.0798895951487,0.7976327926799132,0.7912035343254127,4.909092423902606,-561.136955317505,0.3407826000258663,376,1018,75
403,OR30 entry-1.00% persist-10m slow-45m/-1.25%,24538272234.43258,488.13865913635925,0.7507211651222611,0.746610980315316,9.600255179667815,-363.0781857762944,0.573459820554243,376,1086,47
404,OR30 entry-1.00% persist-10m slow-45m/-1.50%,177896460227.76837,646.5894407275632,0.7404021158020613,0.7404021158020613,10.632160111687794,-204.62740418509043,0.7596060211824309,376,1136,24
405,OR30 entry-1.00% persist-10m slow-60m/-0.75%,165681540.51675004,222.17712852775713,0.7659048084871054,0.7500052725913661,8.08189084318338,-629.0397163848966,0.26101119809319034,376,959,109
406,OR30 entry-1.00% persist-10m slow-60m/-1.00%,1290077849.5735998,312.50777442408133,0.7898356799947981,0.7582533747097789,5.688803692414113,-538.7090704885723,0.36713062751495346,376,1014,79
407,OR30 entry-1.00% persist-10m slow-60m/-1.25%,5284886698.677569,388.85620962344376,0.8084208678134422,0.7796274367427094,3.830284910549697,-462.3606352892099,0.4568239126698035,376,1047,62
408,OR30 entry-1.00% persist-10m slow-60m/-1.50%,185098536447.67493,650.1660461568994,0.698944081901228,0.698944081901228,14.777963501771119,-201.05079875575427,0.7638077771165527,376,1121,29
409,OR30 entry-1.00% persist-15m slow-30m/-0.75%,1042960885.5631796,302.0790003837836,0.8023444615146702,0.7960648940938969,4.437925540426901,-549.1378445288701,0.3548790207679466,376,1020,76
410,OR30 entry-1.00% persist-15m slow-30m/-1.00%,21716125383.453274,479.548681638936,0.7272716334539153,0.7272716334539153,11.94520834650239,-371.66816327371765,0.5633684113572073,376,1083,47
411,OR30 entry-1.00% persist-15m slow-30m/-1.25%,103181423661.55891,599.1881287221305,0.7709173245515384,0.7671401401282224,7.580639236740083,-252.02871619052314,0.7039194916115826,376,1137,24
412,OR30 entry-1.00% persist-15m slow-30m/-1.50%,91252650496.3685,588.9199956470889,0.8754811413558639,0.8492013041845831,-2.875742443692464,-262.2968492655648,0.6918566040684028,376,1161,11
413,OR30 entry-1.00% persist-15m slow-45m/-0.75%,515268531.09988976,269.3464589811411,0.8198998052380229,0.814177975613774,2.6823911680916357,-581.8703859315126,0.3164251983391843,376,979,97
414,OR30 entry-1.00% persist-15m slow-45m/-1.00%,1809369220.1119394,329.65862333883143,0.8344737362883798,0.8292149242113129,1.2249980630559376,-521.5582215738223,0.38727925241265504,376,1029,70
415,OR30 entry-1.00% persist-15m slow-45m/-1.25%,28521269024.533077,498.8889468009636,0.7503226665137133,0.7462059111412117,9.640105040522595,-352.32789811169005,0.5860891379001744,376,1087,46
416,OR30 entry-1.00% persist-15m slow-45m/-1.50%,199372927094.02603,656.9071577293512,0.7212949061723428,0.7212949061723428,12.54288107465964,-194.30968718330246,0.7717271593664934,376,1136,24
417,OR30 entry-1.00% persist-15m slow-60m/-0.75%,494676202.90130013,267.5368995937671,0.7913613738227994,0.7652452433368233,5.536234309613985,-583.6799453188866,0.31429934827149714,376,966,104
418,OR30 entry-1.00% persist-15m slow-60m/-1.00%,1613195560.65261,323.7616621164021,0.7916319054314422,0.7603221497923282,5.509181148749698,-527.4551827962516,0.38035156852379304,376,1015,78
419,OR30 entry-1.00% persist-15m slow-60m/-1.25%,6094091850.114248,397.3155777553946,0.8082861508330519,0.7794724724418272,3.843756608588733,-453.90126715725904,0.4667618834495275,376,1049,61
420,OR30 entry-1.00% persist-15m slow-60m/-1.50%,206897297452.98294,660.2913376514045,0.6685500231828607,0.6685500231828607,17.81736937360785,-190.9255072612491,0.7757028559733911,376,1121,29
421,OR30 entry-1.50% persist-1m slow-30m/-0.75%,4475565624.334839,379.168346142758,0.821530003279381,0.8158599654672329,2.5193713639558246,-472.0484987698956,0.44544271933630003,376,1071,54
422,OR30 entry-1.50% persist-1m slow-30m/-1.00%,117705501226.42535,610.3651205103614,0.6822820614559517,0.6631162218077156,16.44416554629875,-240.85172440229223,0.7170500961749566,376,1105,37
423,OR30 entry-1.50% persist-1m slow-30m/-1.25%,161033818014.0408,637.6894161705156,0.7584152698356303,0.7074285563295919,8.830844708330886,-213.527428742138,0.7491503721780215,376,1138,22
424,OR30 entry-1.50% persist-1m slow-30m/-1.50%,159406344548.08948,636.7876050422456,0.8468511793070546,0.8200704442818743,-0.012746238811534027,-214.42923987040808,0.7480909345815268,376,1154,13
425,OR30 entry-1.50% persist-1m slow-45m/-0.75%,2518797691.253969,347.1200383054809,0.8193193704221878,0.8135791002341819,2.7404346496751386,-504.09680660717277,0.40779272682403284,376,1050,68
426,OR30 entry-1.50% persist-1m slow-45m/-1.00%,21326710356.43336,478.2872101345453,0.7750463453782591,0.7678995097693424,7.167737154068011,-372.9296347781083,0.5618864487857076,376,1089,47
427,OR30 entry-1.50% persist-1m slow-45m/-1.25%,66730169181.437225,563.4383892727303,0.6536289721354502,0.6536289721354502,19.309474478348896,-287.7784556399233,0.6619210987660221,376,1116,34
428,OR30 entry-1.50% persist-1m slow-45m/-1.50%,313884689483.679,699.4261004594912,0.7100722338412335,0.7100722338412335,13.665148307770568,-151.79074445316246,0.8216779362857437,376,1137,22
429,OR30 entry-1.50% persist-1m slow-60m/-0.75%,1395744713.09449,316.4370730116834,0.8010147044184046,0.7977337746952451,4.570901250053461,-534.7797719009702,0.37174672341470655,376,1040,74
430,OR30 entry-1.50% persist-1m slow-60m/-1.00%,12100909040.332558,440.14075988712847,0.83508333175941,0.8298438866876345,1.1640385159529254,-411.0760850255252,0.5170724269822138,376,1076,54
431,OR30 entry-1.50% persist-1m slow-60m/-1.25%,42656272087.59822,528.6339163334048,0.6329874500664054,0.6329874500664054,21.373626685253377,-322.5829285792488,0.6210331944119948,376,1091,44
432,OR30 entry-1.50% persist-1m slow-60m/-1.50%,238757839657.48566,673.5184011840945,0.6753586717441906,0.6753586717441906,17.13650451747486,-177.69844372855914,0.7912418618233602,376,1131,26
433,OR30 entry-1.50% persist-3m slow-30m/-0.75%,6148331531.858296,397.84652735363295,0.8266636062860658,0.8211566643650776,2.0060110632873385,-453.3703175590207,0.4673856370810629,376,1073,52
434,OR30 entry-1.50% persist-3m slow-30m/-1.00%,94199326478.15665,591.5616409252474,0.6823232033245862,0.6647965854254878,16.440051359435305,-259.65520398740625,0.6949599793058014,376,1107,36
435,OR30 entry-1.50% persist-3m slow-30m/-1.25%,132002884832.33997,620.2396954877588,0.7571059416592386,0.7058428930530072,8.96177752597006,-230.97714942489483,0.728650636080168,376,1138,22
436,OR30 entry-1.50% persist-3m slow-30m/-1.50%,151713870917.76978,632.4122547333899,0.8468518878305453,0.8200737671502437,-0.012817091160610694,-218.80459017926376,0.7429508221236903,376,1154,13
437,OR30 entry-1.50% persist-3m slow-45m/-0.75%,2141370796.885552,338.4642524559864,0.8296363429179867,0.824223845606279,1.7087374000952504,-512.7525924566672,0.397624006713257,376,1050,68
438,OR30 entry-1.50% persist-3m slow-45m/-1.00%,15242120516.771856,455.36251716518893,0.775046344326825,0.767899508684504,7.167737259211426,-395.8543277474647,0.5349547766667085,376,1089,47
439,OR30 entry-1.50% persist-3m slow-45m/-1.25%,53296185099.0111,545.7199997422944,0.7021988185253538,0.7021988185253538,14.45248983935854,-305.4968451703593,0.6411057335199852,376,1116,34
440,OR30 entry-1.50% persist-3m slow-45m/-1.50%,293284131107.8564,692.917650054936,0.7168363900476662,0.7168363900476662,12.988732687127303,-158.29919485771768,0.8140318817657312,376,1137,22
441,OR30 entry-1.50% persist-3m slow-60m/-0.75%,1298638784.3158302,312.8364597248085,0.808738303569253,0.8055847228843717,3.7985413349686192,-538.3803851878451,0.36751676331888117,376,1040,74
442,OR30 entry-1.50% persist-3m slow-60m/-1.00%,10385976850.878448,430.29123028993075,0.8350833318344555,0.8298438867650644,1.1640385084483729,-420.9256146227229,0.5055013101086885,376,1076,54
443,OR30 entry-1.50% persist-3m slow-60m/-1.25%,34734606107.3328,513.272750472223,0.6365204042513295,0.6365204042513295,21.020331266760973,-337.9440944404306,0.6029870690880087,376,1091,44
444,OR30 entry-1.50% persist-3m slow-60m/-1.50%,182958728891.98233,649.1163719634458,0.704975795049577,0.704975795049577,14.174792186936225,-202.10047294920787,0.7625746316498869,376,1131,26
445,OR30 entry-1.50% persist-5m slow-30m/-0.75%,5473448161.77668,390.92438553506133,0.8257358448906902,0.820199427750959,2.0987872028249033,-460.2924593775923,0.45925358252887427,376,1074,52
446,OR30 entry-1.50% persist-5m slow-30m/-1.00%,98335838188.59856,595.1498944372395,0.6822842954315819,0.6631185905444452,16.443942148735736,-256.06695047541416,0.6991754192767531,376,1108,35
447,OR30 entry-1.50% persist-5m slow-30m/-1.25%,225508629263.10062,668.2186419147316,0.7571010775911846,0.705837002418232,8.96226393277546,-182.99820299792202,0.7850157640892315,376,1140,20
448,OR30 entry-1.50% persist-5m slow-30m/-1.50%,168126828196.69592,641.5285037934989,0.8468512023145864,0.8200715021809423,-0.012748539564721995,-209.68834111915476,0.753660489248575,376,1155,12
449,OR30 entry-1.50% persist-5m slow-45m/-0.75%,2690111397.054331,350.67704627492293,0.8320953098410429,0.8267609345424956,1.4628407077896366,-500.5397986377307,0.41197145988212575,376,1051,67
450,OR30 entry-1.50% persist-5m slow-45m/-1.00%,15841104145.225346,457.94635032715183,0.7750463439165012,0.7678995082611441,7.167737300243804,-393.2704945855018,0.5379902348785677,376,1090,46
451,OR30 entry-1.50% persist-5m slow-45m/-1.25%,92453704260.6338,590.0056514164422,0.6986204384922409,0.6986204384922409,14.810327842669835,-261.2111934962114,0.6931320202867752,376,1118,32
452,OR30 entry-1.50% persist-5m slow-45m/-1.50%,330872606544.05035,704.5163449653334,0.7133943834948893,0.7133943834948893,13.332933342404996,-146.70049994732028,0.8276578984261364,376,1138,21
453,OR30 entry-1.50% persist-5m slow-60m/-0.75%,1492195014.6606076,319.8015053407153,0.8186479781611989,0.8128863776679509,2.8075738757740276,-531.4153395719384,0.3756992207708616,376,1042,73
454,OR30 entry-1.50% persist-5m slow-60m/-1.00%,9737738965.856499,426.19160926203676,0.8350833311231496,0.8298438860311601,1.1640385795789632,-425.0252356506169,0.5006851213168482,376,1077,53
455,OR30 entry-1.50% persist-5m slow-60m/-1.25%,30548108764.978764,503.86067326882784,0.6932647841604,0.6932647841604,15.345893275853918,-347.3561716438258,0.591929866379149,376,1092,43
456,OR30 entry-1.50% persist-5m slow-60m/-1.50%,196339395103.61197,655.5109302529579,0.7013804017282306,0.7013804017282306,14.534331519070864,-195.70591465969574,0.7700868869908492,376,1135,23
457,OR30 entry-1.50% persist-10m slow-30m/-0.75%,4344380551.126386,377.45479188403743,0.8348588135192838,0.8296122354451303,1.1864903399655402,-473.7620530286162,0.4434296550167183,376,1075,52
458,OR30 entry-1.50% persist-10m slow-30m/-1.00%,84179096748.39157,582.2586412606969,0.7442364706207227,0.7442364706207227,10.248724629821648,-268.95820365195675,0.6840309196658867,376,1109,34
459,OR30 entry-1.50% persist-10m slow-30m/-1.25%,147785395077.52676,630.1019997935654,0.7612073368981175,0.7191818085406976,8.551638002082173,-221.11484511908827,0.7402367605380534,376,1142,19
460,OR30 entry-1.50% persist-10m slow-30m/-1.50%,176218210280.74884,645.7377402231028,0.8551577969656204,0.8245886964075151,-0.8434080046681225,-205.4791046895508,0.7586054529846202,376,1159,10
461,OR30 entry-1.50% persist-10m slow-45m/-0.75%,1996499459.7790291,334.78106552100934,0.845940363493677,0.8410458491194538,0.07833534252622565,-516.4357793916442,0.3932970400219963,376,1052,66
462,OR30 entry-1.50% persist-10m slow-45m/-1.00%,16221683617.331673,459.5437544284631,0.7750463441605158,0.7678995085129111,7.167737275842345,-391.67309048419054,0.5398668472962591,376,1091,45
463,OR30 entry-1.50% persist-10m slow-45m/-1.25%,76081144799.99452,573.9989620175252,0.7270603303989287,0.7270603303989287,11.966338652001053,-277.21788289512847,0.6743275411524842,376,1120,31
464,OR30 entry-1.50% persist-10m slow-45m/-1.50%,242599479376.4771,675.006676612448,0.7404021158020613,0.7404021158020613,10.632160111687794,-176.21016830020562,0.7929902711003244,376,1140,20
465,OR30 entry-1.50% persist-10m slow-60m/-0.75%,1131218403.4848793,306.0314766981259,0.8260776725321861,0.8205521153447614,2.0646044386753104,-545.1853682145277,0.35952234560105406,376,1042,73
466,OR30 entry-1.50% persist-10m slow-60m/-1.00%,9430269812.674751,424.16250700169593,0.8329204892832384,0.8276123301483321,1.3803227635700854,-427.0543379109577,0.49830135474494835,376,1077,53
467,OR30 entry-1.50% persist-10m slow-60m/-1.25%,21055801249.778996,477.3976217881427,0.7529345691392311,0.7529345691392311,9.378914777970815,-373.8192231245109,0.560841370376229,376,1092,43
468,OR30 entry-1.50% persist-10m slow-60m/-1.50%,170212468395.9259,642.6302451518916,0.7178752599851502,0.7178752599851502,12.8848456933789,-208.58659976076206,0.7549548026364941,376,1135,23
469,OR30 entry-1.50% persist-15m slow-30m/-0.75%,4258852471.5899034,376.3129375967785,0.8346732622192199,0.8294207891324212,1.2050454699719326,-474.90390731587513,0.4420882174099754,376,1076,51
470,OR30 entry-1.50% persist-15m slow-30m/-1.00%,83832618142.54568,581.9198629521848,0.7270409428906915,0.7270409428906915,11.968277402824768,-269.2969819604689,0.6836329267096419,376,1109,34
471,OR30 entry-1.50% persist-15m slow-30m/-1.25%,183754406145.40356,649.5079432620082,0.7536765505822824,0.70168972535233,9.304716633665677,-201.70890165064543,0.763034645218583,376,1145,18
472,OR30 entry-1.50% persist-15m slow-30m/-1.50%,162961763741.6929,638.747408611408,0.875278970087363,0.8489564644554588,-2.8555253168423778,-212.46943630124565,0.7503932898284598,376,1161,9
473,OR30 entry-1.50% persist-15m slow-45m/-0.75%,1525486135.2190504,320.918447568204,0.8471128943594669,0.8422556315931727,-0.03891774405276882,-530.2983973444497,0.3770113919692632,376,1053,65
474,OR30 entry-1.50% persist-15m slow-45m/-1.00%,16307786430.365782,459.90057573654764,0.7750463451002949,0.7678995094825473,7.167737181864431,-391.316269176106,0.5402860369659856,376,1093,44
475,OR30 entry-1.50% persist-15m slow-45m/-1.25%,80283692627.47018,578.3770151614668,0.7067632299185085,0.7067632299185085,13.996048700043072,-272.8398297511868,0.6794708288706577,376,1120,31
476,OR30 entry-1.50% persist-15m slow-45m/-1.50%,270083538835.48895,685.0875979226716,0.7212949061723428,0.7212949061723428,12.54288107465964,-166.129246989982,0.8048332243624372,376,1140,20
477,OR30 entry-1.50% persist-15m slow-60m/-0.75%,1134692940.3499398,306.1814559469879,0.839698776558043,0.834605965357557,0.7024940360896181,-545.0353889656658,0.35969853954007014,376,1043,72
478,OR30 entry-1.50% persist-15m slow-60m/-1.00%,8037653044.693487,414.1729955424886,0.8394630845976346,0.8343627854027961,0.7260632321304583,-437.04384937016505,0.48656578875032525,376,1079,52
479,OR30 entry-1.50% persist-15m slow-60m/-1.25%,21677319753.13238,479.42387123066766,0.7152899624151845,0.7152899624151845,13.143375450375473,-371.792973681986,0.5632217854897632,376,1094,42
480,OR30 entry-1.50% persist-15m slow-60m/-1.50%,180514919004.56836,647.9042797622042,0.6970524939367884,0.6970524939367884,14.967122298215084,-203.31256515044947,0.7611506793297634,376,1135,23
481,OR30 entry-2.00% persist-1m slow-30m/-0.75%,2843392144.6788306,353.69457057026403,0.7975407410727785,0.791108558214985,4.918297584616072,-497.5222743423896,0.4155164135720997,376,1090,46
482,OR30 entry-2.00% persist-1m slow-30m/-1.00%,43493191956.59329,530.106526781848,0.8069608742142442,0.8062233706220296,3.976284270469499,-321.1103181308057,0.6227632006462983,376,1125,31
483,OR30 entry-2.00% persist-1m slow-30m/-1.25%,38325516066.61589,520.5814463669294,0.8819769108575982,0.857068012728536,-3.5253193938659,-330.63539854572423,0.6115732430322712,376,1142,21
484,OR30 entry-2.00% persist-1m slow-30m/-1.50%,102244404406.75092,598.4204333581031,0.8803746580587529,0.8551276027772772,-3.3650941139813706,-252.79641155455056,0.7030176117103382,376,1157,12
485,OR30 entry-2.00% persist-1m slow-45m/-0.75%,1722896029.7582808,327.1322620205705,0.7733278922848027,0.7695904540311855,7.339582463413652,-524.0845828920831,0.38431131147802733,376,1083,51
486,OR30 entry-2.00% persist-1m slow-45m/-1.00%,10840431499.756119,433.03313360650975,0.8613076564022596,0.8607777840191371,-1.4583939483320374,-418.1837113061439,0.5087224673648755,376,1107,38
487,OR30 entry-2.00% persist-1m slow-45m/-1.25%,34515726329.320984,512.8060797832707,0.8168218912134368,0.816122061514689,2.990182570550237,-338.410765129383,0.6024388295979874,376,1128,29
488,OR30 entry-2.00% persist-1m slow-45m/-1.50%,90057319562.69585,587.8269615075008,0.8424099068916924,0.8091503506141233,0.4313810027246845,-263.3898834051529,0.6905725198234531,376,1143,19
489,OR30 entry-2.00% persist-1m slow-60m/-0.75%,1591957868.199129,323.08592628126434,0.8205419180636924,0.8175829589437982,2.618179885524685,-528.1309186313892,0.3795577216454373,376,1077,53
490,OR30 entry-2.00% persist-1m slow-60m/-1.00%,18050695629.37644,466.788994101708,0.7769539310855117,0.7698676999663624,6.976978583342753,-384.42785081094564,0.5483784735834344,376,1102,41
491,OR30 entry-2.00% persist-1m slow-60m/-1.25%,73587950363.04346,571.3000460719925,0.7000132027837833,0.6367006710900349,14.67105141351559,-279.91679884066116,0.6711568849775472,376,1115,33
492,OR30 entry-2.00% persist-1m slow-60m/-1.50%,203631234697.25784,658.8359077609942,0.6970538076720798,0.6753587347217305,14.966990924685941,-192.3809371516594,0.7739930332659238,376,1140,22
493,OR30 entry-2.00% persist-3m slow-30m/-0.75%,3644721804.350846,367.4642821204991,0.7975407392199436,0.7911085563032851,4.91829776989956,-483.75256279215455,0.43169291622536665,376,1092,44
494,OR30 entry-2.00% persist-3m slow-30m/-1.00%,33560140885.305153,510.7376970822707,0.8064081610706034,0.8056685458446604,4.03155558483358,-340.47914783038294,0.6000089168050702,376,1127,30
495,OR30 entry-2.00% persist-3m slow-30m/-1.25%,31250696622.466244,505.516472536548,0.8819734576588849,0.8570638307285721,-3.524974073994569,-345.70037237610563,0.5938750807832296,376,1142,21
496,OR30 entry-2.00% persist-3m slow-30m/-1.50%,97309923935.38364,594.2725183983143,0.8803769490897908,0.8551303773328452,-3.365323217085159,-256.9443265143393,0.6981446877490949,376,1157,12
497,OR30 entry-2.00% persist-3m slow-45m/-0.75%,1252744581.6094203,311.05160276760284,0.7867866641654944,0.783271138212339,5.993705275344485,-540.1652421450508,0.3654199333890308,376,1083,51
498,OR30 entry-2.00% persist-3m slow-45m/-1.00%,7703905467.354505,411.55376846557095,0.8612665996465267,0.8607365704065767,-1.4542882727587525,-439.6630764470827,0.4834887501642451,376,1107,38
499,OR30 entry-2.00% persist-3m slow-45m/-1.25%,27336084213.84023,495.83582057197157,0.8167995026982895,0.8160995874644965,2.9924214220649725,-355.3810243406821,0.5825023594579487,376,1128,29
500,OR30 entry-2.00% persist-3m slow-45m/-1.50%,85714650101.2122,583.7454602615803,0.8424105071111556,0.8091510775105407,0.43132098077836023,-267.4713846510733,0.685777617948198,376,1143,19
501,OR30 entry-2.00% persist-3m slow-60m/-0.75%,1562648831.9229786,322.1402369441058,0.8275606902782384,0.8247174587969693,1.9163026640700798,-529.0766079685478,0.3784467364213895,376,1077,53
502,OR30 entry-2.00% persist-3m slow-60m/-1.00%,15247215150.300425,455.38486766396267,0.7769539307048883,0.7698676995736465,6.976978621405094,-395.831977248691,0.5349810337819282,376,1102,41
503,OR30 entry-2.00% persist-3m slow-60m/-1.25%,59776581807.37157,554.7047288582111,0.7000051334544126,0.636690898720143,14.671858346452659,-296.5121160544426,0.6516608924898935,376,1115,33
504,OR30 entry-2.00% persist-3m slow-60m/-1.50%,155887694330.1518,634.8098428981666,0.6970536953090396,0.6840631939646611,14.967002160989962,-216.40700201448703,0.7457674818022506,376,1140,22
505,OR30 entry-2.00% persist-5m slow-30m/-0.75%,3195872995.3594866,360.12448609076097,0.7975407425652911,0.7911085597549151,4.918297435364815,-491.0923588218927,0.4230702061913667,376,1092,44
506,OR30 entry-2.00% persist-5m slow-30m/-1.00%,57871531376.56864,552.156166798064,0.8064209831921724,0.8056814169529862,4.030273372676685,-299.0606781145897,0.6486668703727575,376,1129,28
507,OR30 entry-2.00% persist-5m slow-30m/-1.25%,53277845676.1675,545.6932384896186,0.8819898016421988,0.8570836241268974,-3.526608472325954,-305.52360642303506,0.6410742947005638,376,1144,19
508,OR30 entry-2.00% persist-5m slow-30m/-1.50%,107838304777.38342,602.9148630213913,0.8803756694537239,0.8551288276282294,-3.36519525347847,-248.30198189126236,0.7082976172578663,376,1158,11
509,OR30 entry-2.00% persist-5m slow-45m/-0.75%,1648989012.5972211,324.88302210033953,0.7729126898747731,0.7656980674803735,7.381102704416609,-526.3338228123141,0.38166892965290994,376,1084,50
510,OR30 entry-2.00% persist-5m slow-45m/-1.00%,7837828836.974509,412.61655635677295,0.8612539546879248,0.8607238771380669,-1.4530237768985543,-438.6002885558807,0.48473730145590926,376,1108,37
511,OR30 entry-2.00% persist-5m slow-45m/-1.25%,47312155518.76143,536.5251799034965,0.81686961480538,0.8161699674340249,2.985410211355921,-314.6916650091572,0.6303037623257458,376,1130,27
512,OR30 entry-2.00% persist-5m slow-45m/-1.50%,94968091990.31195,592.2388617795302,0.8424142998585928,0.809155670721347,0.43094170603463766,-258.9779831331234,0.6957555707679891,376,1144,18
513,OR30 entry-2.00% persist-5m slow-60m/-0.75%,1462034240.8397794,318.7705011165459,0.7822030322230018,0.7822030322230018,6.452068469593741,-532.4463437961077,0.37448800857466125,376,1079,52
514,OR30 entry-2.00% persist-5m slow-60m/-1.00%,14482516339.897133,451.95417838873436,0.7769539316229684,0.7698677005208943,6.976978529597078,-399.2626665239193,0.5309506985086873,376,1103,40
515,OR30 entry-2.00% persist-5m slow-60m/-1.25%,53562259495.98584,546.1073523878391,0.7000109452097839,0.6366979370526489,14.67127717091553,-305.1094925248145,0.6415607910624432,376,1116,32
516,OR30 entry-2.00% persist-5m slow-60m/-1.50%,200136494560.62784,657.2556558301413,0.6970513535902159,0.657620556139201,14.967236332872336,-193.9611890825123,0.7721365710256646,376,1142,20
517,OR30 entry-2.00% persist-10m slow-30m/-0.75%,2755003817.6579065,351.97253392500556,0.7975407409255657,0.7911085580630953,4.918297599337351,-499.2443109876481,0.41349338423997317,376,1093,44
518,OR30 entry-2.00% persist-10m slow-30m/-1.00%,41690964152.116615,526.9035012403342,0.8320408537230384,0.8055397429103177,1.4682863195900842,-324.31334367231943,0.6190003221733724,376,1132,26
519,OR30 entry-2.00% persist-10m slow-30m/-1.25%,38336072781.708,520.6020286667607,0.8837788710915075,0.8710959721887236,-3.7055154172568328,-330.61481624589294,0.6115974228872098,376,1146,18
520,OR30 entry-2.00% persist-10m slow-30m/-1.50%,134111220017.76506,621.6153495888045,0.8803808093992491,0.8551350523647087,-3.3657092480309903,-229.60149532384912,0.730266739085257,376,1161,9
521,OR30 entry-2.00% persist-10m slow-45m/-0.75%,1314980731.6361604,313.4586298008227,0.7916378102629953,0.7850180897713757,5.508590665594393,-537.758215111831,0.36824768174434774,376,1084,50
522,OR30 entry-2.00% persist-10m slow-45m/-1.00%,6158021452.746673,397.940947471749,0.8705974850937573,0.8701031043862375,-2.387376817481812,-453.27589744090466,0.46749656077657054,376,1108,37
523,OR30 entry-2.00% persist-10m slow-45m/-1.25%,41642406002.631676,526.8155280430531,0.8152044306896966,0.8144984215030255,3.1519286229242605,-324.4013168696006,0.6188969722481367,376,1132,26
524,OR30 entry-2.00% persist-10m slow-45m/-1.50%,74936255974.83467,572.7694171985161,0.863007007112411,0.8340944906800108,-1.6283290193471744,-278.4474277141376,0.6728830856928001,376,1144,18
525,OR30 entry-2.00% persist-10m slow-60m/-0.75%,1200058301.4306407,308.9302548672901,0.787460065752962,0.787460065752962,5.9263651165977205,-542.2865900453635,0.3629277976741526,376,1079,52
526,OR30 entry-2.00% persist-10m slow-60m/-1.00%,12572753234.794113,442.6345647051824,0.7740287361155974,0.7668495707980277,7.269498080334181,-408.58228020747123,0.5200021209056345,376,1103,40
527,OR30 entry-2.00% persist-10m slow-60m/-1.25%,46412832524.57444,535.0558327961112,0.7061482297187793,0.7061482297187793,14.057548720015989,-316.16101211654245,0.6285775898279071,376,1116,32
528,OR30 entry-2.00% persist-10m slow-60m/-1.50%,182852467207.75473,649.0639647902817,0.6970529135989123,0.663823079743211,14.967080332002691,-202.15288012237193,0.7625130642907854,376,1142,20
529,OR30 entry-2.00% persist-15m slow-30m/-0.75%,2407351277.8091793,344.6900125230469,0.7973132560576207,0.7908738459422415,4.94104608613185,-506.52683238960674,0.4049379597961513,376,1096,43
530,OR30 entry-2.00% persist-15m slow-30m/-1.00%,48767022261.03165,538.8509772748987,0.8338070443171006,0.8075819754663821,1.2916672601838597,-312.36586763775495,0.633036082985637,376,1134,25
531,OR30 entry-2.00% persist-15m slow-30m/-1.25%,54477591628.35564,547.4270970047259,0.8831439771554697,0.8584813896062675,-3.6420260236530444,-303.7897479079278,0.6431112122327646,376,1149,16
532,OR30 entry-2.00% persist-15m slow-30m/-1.50%,144388203306.9971,628.0602094319634,0.8797171793221464,0.8543313624560422,-3.299346240320722,-223.15663548069028,0.7378380881271338,376,1161,9
533,OR30 entry-2.00% persist-15m slow-45m/-0.75%,882581545.487479,294.07527521828547,0.7932236440318954,0.7866543058880017,5.350007288704384,-557.1415696943682,0.34547633423356605,376,1085,49
534,OR30 entry-2.00% persist-15m slow-45m/-1.00%,6120318125.366172,397.57282224169177,0.8665573248333659,0.8660475087435472,-1.9833607914426676,-453.6440226709619,0.467064091386124,376,1110,36
535,OR30 entry-2.00% persist-15m slow-45m/-1.25%,44377225969.940735,531.6352121956758,0.8115218604547937,0.8108017820540927,3.520185646414553,-319.5816327169779,0.6245590831208571,376,1132,26
536,OR30 entry-2.00% persist-15m slow-45m/-1.50%,99094512196.22037,595.7935592952106,0.838711756701512,0.8046717019043521,0.8011960217427228,-255.42328561744307,0.6999315895309227,376,1144,18
537,OR30 entry-2.00% persist-15m slow-60m/-0.75%,1215143647.06872,309.54588565752294,0.7914964954051399,0.77630829802651,5.5227221513799325,-541.6709592551307,0.36365103382004443,376,1080,51
538,OR30 entry-2.00% persist-15m slow-60m/-1.00%,11013913124.333923,434.0532064169878,0.7828774496133264,0.7759794102051135,6.3846267305612825,-417.16363849566585,0.5099208374589057,376,1105,39
539,OR30 entry-2.00% persist-15m slow-60m/-1.25%,47442321168.91632,536.73581041643,0.6999932352245277,0.660666184950142,14.673048169441149,-314.48103449622363,0.630551208689375,376,1118,31
540,OR30 entry-2.00% persist-15m slow-60m/-1.50%,194051666224.4151,654.4453629313952,0.6970557371233048,0.65762042742375,14.96679797956344,-196.7714819812585,0.7688350704555783,376,1142,20
541,OR30 entry-2.50% persist-1m slow-30m/-0.75%,58881203703.23148,553.5159357257505,0.86414665421106,0.8460554896437382,-1.7422937292120744,-297.7009091869031,0.6502643116543926,376,1127,29
542,OR30 entry-2.50% persist-1m slow-30m/-1.00%,88201823547.16724,586.104713330759,0.8204901620216868,0.8198043469061863,2.623355489725243,-265.1121315818947,0.6885492419865131,376,1142,21
543,OR30 entry-2.50% persist-1m slow-30m/-1.25%,67736804717.95859,564.6356640735482,0.846838679964074,0.8182831495648013,-0.011496304513480826,-286.5811808391054,0.6633276437703574,376,1153,15
544,OR30 entry-2.50% persist-1m slow-30m/-1.50%,79328529797.44359,577.3999769126576,0.8452365856781452,0.8163809579986222,0.14871312407940263,-273.816867999996,0.6783230152968914,376,1162,9
545,OR30 entry-2.50% persist-1m slow-45m/-0.75%,80419074800.22171,578.5146696364961,0.8414404273343973,0.8243103209896809,0.5283289584541939,-272.7021752761575,0.679632543803641,376,1123,31
546,OR30 entry-2.50% persist-1m slow-45m/-1.00%,54959467667.29551,548.1140575978804,0.9043777889282492,0.8901966285832237,-5.765407200930994,-303.1027873147732,0.6439182458309132,376,1127,29
547,OR30 entry-2.50% persist-1m slow-45m/-1.25%,89627379537.56813,587.4306938780986,0.8688795500942885,0.8412064400861488,-2.2155833175349304,-263.786151034555,0.6901069890579726,376,1136,24
548,OR30 entry-2.50% persist-1m slow-45m/-1.50%,115407042933.814,608.6801665561965,0.8550063239052422,0.8244052547971042,-0.8282606986303009,-242.53667835645717,0.7150706311723134,376,1149,16
549,OR30 entry-2.50% persist-1m slow-60m/-0.75%,58638404809.7956,553.190831926732,0.7998140960926311,0.7781840396078468,4.690962082630811,-298.0260129859216,0.6498823833584929,376,1117,33
550,OR30 entry-2.50% persist-1m slow-60m/-1.00%,38981818891.08846,521.8516512973931,0.8246282454817337,0.805671932349695,2.209547143720547,-329.3651936152605,0.6130654655347453,376,1119,32
551,OR30 entry-2.50% persist-1m slow-60m/-1.25%,117854330174.52913,610.4732235315147,0.8104575611538526,0.8097334166108375,3.6266155765086627,-240.74362138113895,0.7171770943914503,376,1129,27
552,OR30 entry-2.50% persist-1m slow-60m/-1.50%,148385044409.01602,630.4581084999511,0.8372977906734328,0.8366761888952898,0.9425926245506422,-220.75873641270255,0.7406551130512985,376,1148,18
553,OR30 entry-2.50% persist-3m slow-30m/-0.75%,46237474725.00189,534.7664127598842,0.8635334215969311,0.8453628607418135,-1.6809704677991921,-316.4504321527694,0.6282375824162156,376,1127,29
554,OR30 entry-2.50% persist-3m slow-30m/-1.00%,69830240933.03966,567.076258298175,0.8198421306857399,0.8191538397745364,2.688158623319936,-284.1405866144786,0.6661948264855646,376,1144,20
555,OR30 entry-2.50% persist-3m slow-30m/-1.25%,55302196053.27521,548.5994331193953,0.8468540880881613,0.818287423860629,-0.01303711692220988,-302.6174117932584,0.6444884595483881,376,1153,15
556,OR30 entry-2.50% persist-3m slow-30m/-1.50%,75512022059.91019,573.3898065103414,0.8452345523615807,0.8163732370021362,0.148916455735848,-277.82703840231227,0.6736119120964752,376,1162,9
557,OR30 entry-2.50% persist-3m slow-45m/-0.75%,58810476866.55083,553.421355531953,0.8406366987038405,0.8234197377971161,0.6087018215098716,-297.7954893807006,0.6501531999037702,376,1123,31
558,OR30 entry-2.50% persist-3m slow-45m/-1.00%,38630492274.29563,521.1740559750232,0.9040795612342714,0.8898562171289397,-5.735584431533214,-330.04278893763046,0.6122694341516499,376,1127,29
559,OR30 entry-2.50% persist-3m slow-45m/-1.25%,72837482180.71326,570.4719034201405,0.8688733570719457,0.8411989400198726,-2.2149640153006467,-280.74494149251314,0.6701839922806963,376,1136,24
560,OR30 entry-2.50% persist-3m slow-45m/-1.50%,109820794423.95938,604.4585605545378,0.8550054185824487,0.824404158404975,-0.82817016635095,-246.75828435811582,0.7101111358017868,376,1149,16
561,OR30 entry-2.50% persist-3m slow-60m/-0.75%,46628480522.23509,535.4104341847706,0.7980887160484303,0.7762721013770503,4.8635000870508875,-315.8064107278831,0.6289941715611971,376,1117,33
562,OR30 entry-2.50% persist-3m slow-60m/-1.00%,31865520568.6081,506.9387882250977,0.8224799202713335,0.8032870624318788,2.4243796647605675,-344.27805668755593,0.5955460012978437,376,1119,32
563,OR30 entry-2.50% persist-3m slow-60m/-1.25%,80536838718.69693,578.6342444793121,0.8443265395540849,0.8437317910240965,0.23971773648543415,-272.58260043334155,0.679773018987527,376,1129,27
564,OR30 entry-2.50% persist-3m slow-60m/-1.50%,138938642733.8674,624.6948931806367,0.8372967591686509,0.8366751534496566,0.9426957750288345,-226.521951732017,0.7338845523489832,376,1148,18
565,OR30 entry-2.50% persist-5m slow-30m/-0.75%,46373789332.20776,534.991477127088,0.8630313138507562,0.8447856756577613,-1.6307596931816937,-316.2253677855656,0.6285019855099148,376,1128,28
566,OR30 entry-2.50% persist-5m slow-30m/-1.00%,123623943601.1199,614.5741913314268,0.8198490304268993,0.8191607658760716,2.6874686492039945,-236.6426535812268,0.7219948653559487,376,1146,18
567,OR30 entry-2.50% persist-5m slow-30m/-1.25%,94689033476.28676,591.9935929390983,0.8468523659185477,0.8182978666757105,-0.012864899960851606,-259.2232519735553,0.695467431685806,376,1155,13
568,OR30 entry-2.50% persist-5m slow-30m/-1.50%,83673084878.45685,581.763460974523,0.8452335501680424,0.8163764742615992,0.14901667508968597,-269.4533839381306,0.6834491874208855,376,1163,8
569,OR30 entry-2.50% persist-5m slow-45m/-0.75%,60323015385.34536,555.4225548840311,0.8399694758595918,0.8226835833175198,0.675424105934741,-295.7942900286225,0.6525041864520726,376,1124,30
570,OR30 entry-2.50% persist-5m slow-45m/-1.00%,40186975464.67367,524.1358986834925,0.9037103011519161,0.8894310871368443,-5.698658423297687,-327.0809462291611,0.6157489737380326,376,1128,28
571,OR30 entry-2.50% persist-5m slow-45m/-1.25%,129753017731.89607,618.7502123265028,0.8689912505289867,0.8413417150160503,-2.226753361004752,-232.4666325861508,0.726900807972139,376,1138,22
572,OR30 entry-2.50% persist-5m slow-45m/-1.50%,121714195490.4529,613.2357572132167,0.8550038959653691,0.824402314437946,-0.8280179046429859,-237.9810876994369,0.7204224879691414,376,1150,15
573,OR30 entry-2.50% persist-5m slow-60m/-0.75%,40660584910.47727,525.0171116909266,0.8033270506108846,0.7820717717891212,4.339666630805461,-326.199733221727,0.6167842128932499,376,1119,32
574,OR30 entry-2.50% persist-5m slow-60m/-1.00%,30575317310.678192,503.92541653723504,0.8224706084912443,0.8032800826893077,2.4253108427694903,-347.2914283754186,0.5920059260445493,376,1120,31
575,OR30 entry-2.50% persist-5m slow-60m/-1.25%,74287792611.92377,572.0656560710117,0.8444659293598051,0.8438717133668452,0.22577875591340835,-279.1511888416419,0.6720563150153748,376,1130,26
576,OR30 entry-2.50% persist-5m slow-60m/-1.50%,177913000767.9619,646.597799709672,0.8372954604220952,0.8366738497412558,0.9428256496843979,-204.61904520298162,0.7596158412208368,376,1150,16
577,OR30 entry-2.50% persist-10m slow-30m/-0.75%,44892892713.72845,532.5145854240174,0.8644099524598545,0.8463495874290631,-1.7686235540915307,-318.7022594886363,0.6255921609242361,376,1129,28
578,OR30 entry-2.50% persist-10m slow-30m/-1.00%,107697909468.17792,602.8045979423509,0.8197103479827825,0.8190215535973926,2.701336893615669,-248.4122469703027,0.708168079080022,376,1147,17
579,OR30 entry-2.50% persist-10m slow-30m/-1.25%,67183053087.31931,563.9789935623946,0.8491679442261193,0.8210391426668847,-0.24442273071800802,-287.237851350259,0.6625561946207332,376,1157,12
580,OR30 entry-2.50% persist-10m slow-30m/-1.50%,87751465915.00893,585.6818942691547,0.8452397324812708,0.8163807806832257,0.14839844376683953,-265.534950643499,0.6880525188963496,376,1165,7
581,OR30 entry-2.50% persist-10m slow-45m/-0.75%,53856775811.37032,546.534142357542,0.8409576963581161,0.8237757150805737,0.5766020560823093,-304.68270255511163,0.6420621791308933,376,1124,30
582,OR30 entry-2.50% persist-10m slow-45m/-1.00%,36900536290.54277,517.7563213230441,0.9098193817329094,0.8964487334637802,-6.309566481397022,-333.4605235896096,0.6082543178244703,376,1128,28
583,OR30 entry-2.50% persist-10m slow-45m/-1.25%,116968560731.14583,609.828060161949,0.8679437797296017,0.8400731743935939,-2.1220062810662466,-241.38878475070464,0.7164191637026703,376,1140,21
584,OR30 entry-2.50% persist-10m slow-45m/-1.50%,96454094144.80092,593.5343541398075,0.8739466774104909,0.847342989996213,-2.7222960491551706,-257.6824907728461,0.6972775006593205,376,1150,15
585,OR30 entry-2.50% persist-10m slow-60m/-0.75%,35758838730.49717,515.4227144042088,0.8064471038683882,0.7855275803758555,4.027661305055097,-335.7941305084448,0.6055128225958665,376,1119,32
586,OR30 entry-2.50% persist-10m slow-60m/-1.00%,27960292121.140797,497.45802320689194,0.8236580362573215,0.8046093376821353,2.306568066161774,-353.7588217057617,0.5844081049147211,376,1120,31
587,OR30 entry-2.50% persist-10m slow-60m/-1.25%,66253880076.73622,562.866353517903,0.8450960887254272,0.8445042802485287,0.16276281935120318,-288.35049139475063,0.6612490775786524,376,1130,26
588,OR30 entry-2.50% persist-10m slow-60m/-1.50%,166833148219.1407,640.8390599483408,0.8372943127007055,0.8366726976350107,0.9429404218233683,-210.3777849643128,0.7528505383538311,376,1150,16
589,OR30 entry-2.50% persist-15m slow-30m/-0.75%,39101968906.70986,522.0821494737904,0.8654175121680062,0.847494455351206,-1.8693795249067002,-329.1346954388632,0.6133362522065258,376,1129,28
590,OR30 entry-2.50% persist-15m slow-30m/-1.00%,97867498689.92929,594.7503677674456,0.8216012853821303,0.820919715299684,2.512243153680893,-256.46647714520805,0.6987060598271819,376,1151,15
591,OR30 entry-2.50% persist-15m slow-30m/-1.25%,85867809981.30782,583.8924714223471,0.8483367100564527,0.820056289820553,-0.16129931375135076,-267.3243734903066,0.6859503250106174,376,1159,11
592,OR30 entry-2.50% persist-15m slow-30m/-1.50%,94435564626.13237,591.7702636190427,0.8443809482245166,0.8153642801438402,0.23427686944226256,-259.44658129361096,0.6952050669060318,376,1165,7
593,OR30 entry-2.50% persist-15m slow-45m/-0.75%,43466920174.0996,530.060680453137,0.8386846681966438,0.821249949812635,0.8039048722295439,-321.1561644595166,0.6227093408936573,376,1124,30
594,OR30 entry-2.50% persist-15m slow-45m/-1.00%,38008738224.758354,519.9614965787854,0.9047423478383406,0.890618984424647,-5.80186309194014,-331.25534833386826,0.6108449329760861,376,1130,27
595,OR30 entry-2.50% persist-15m slow-45m/-1.25%,108444375408.22105,603.3894205247911,0.8638014194559434,0.8350565645911341,-1.7077702537004136,-247.8274243878625,0.7088551220890219,376,1141,20
596,OR30 entry-2.50% persist-15m slow-45m/-1.50%,127812506019.1026,617.4471724818018,0.8516022738488114,0.8202827763662087,-0.48785569298721576,-233.76967243085187,0.7253700113807783,376,1150,15
597,OR30 entry-2.50% persist-15m slow-60m/-0.75%,26331605681.941044,493.15564399332504,0.8072489609709861,0.7864121708485284,3.9474755947953133,-358.0612009193286,0.5793537180810014,376,1119,32
598,OR30 entry-2.50% persist-15m slow-60m/-1.00%,24808621449.494614,488.91521525274777,0.8224568489347791,0.8032625078152489,2.426686798416011,-362.30162965990587,0.5743721099679566,376,1122,30
599,OR30 entry-2.50% persist-15m slow-60m/-1.25%,73470626897.75067,571.1710707884032,0.8344755322194891,0.8338431480378334,1.2248184699450104,-280.04577412425044,0.6710053662612998,376,1132,25
600,OR30 entry-2.50% persist-15m slow-60m/-1.50%,193541150040.52972,654.2060699943075,0.828475352989922,0.8278200451977408,1.8248363929017186,-197.0107749183461,0.7685539517976032,376,1150,16
