idea_id,description,final_balance,cagr_percent,daily_drawdown,closed_drawdown,dd_improvement_pp,cagr_change_pp,cagr_retention,trades,days_in_position,structural_exits
1,OR5 entry-0.50% persist-1m slow-30m/-0.75%,380074662.64148986,256.05604381836406,0.8161537848991692,0.8161537848991692,3.0569932019769985,-595.1608010942896,0.3008117677049012,376,904,127
2,OR5 entry-0.50% persist-1m slow-30m/-1.00%,10665676080.884966,431.99094909592617,0.6706981932483098,0.6282599795482399,17.60255236706294,-419.2258958167275,0.5074981206936222,376,1024,76
3,OR5 entry-0.50% persist-1m slow-30m/-1.25%,229609709019.80432,669.8877281048195,0.6242218760519171,0.6242218760519171,22.250184086702205,-181.3291168078341,0.7869765878206499,376,1105,39
4,OR5 entry-0.50% persist-1m slow-30m/-1.50%,830361848390.015,798.7862417257251,0.8018817834791688,0.8018817834791688,4.484193343977038,-52.43060318692858,0.9384051155703942,376,1146,18
5,OR5 entry-0.50% persist-1m slow-45m/-0.75%,30296513.88312002,162.56529450669407,0.7707687996043646,0.7506363417049612,7.59549173145746,-688.6515504059596,0.19097988424251106,376,835,155
6,OR5 entry-0.50% persist-1m slow-45m/-1.00%,3037722929.627832,357.32092679436107,0.6185008653928903,0.6143741262047506,22.82228515260489,-493.89591811829257,0.41977661618177564,376,968,98
7,OR5 entry-0.50% persist-1m slow-45m/-1.25%,14470821949.237741,451.9004878449934,0.7176655837899903,0.7176655837899903,12.905813312894887,-399.31635706766025,0.5308876234602294,376,1052,62
8,OR5 entry-0.50% persist-1m slow-45m/-1.50%,403875396893.4471,724.0656808795936,0.6716656852981242,0.6716656852981242,17.505803162081502,-127.15116403306001,0.8506242389433595,376,1119,33
9,OR5 entry-0.50% persist-1m slow-60m/-0.75%,54707633.19039997,181.93197879308607,0.7859865127451677,0.7671905656200553,6.073720417377149,-669.2848661195676,0.2137316476763976,376,820,162
10,OR5 entry-0.50% persist-1m slow-60m/-1.00%,743624809.4359901,286.0287505941472,0.6703943393351008,0.6649597015351756,17.63293775838384,-565.1880943185065,0.3360233673753221,376,950,108
11,OR5 entry-0.50% persist-1m slow-60m/-1.25%,22076804223.021755,480.69944001393264,0.6812012046503813,0.6759447537135778,16.552251226855795,-370.517404898721,0.5647203093863338,376,1023,75
12,OR5 entry-0.50% persist-1m slow-60m/-1.50%,1514548209975.5354,866.2478248583009,0.6716658798580357,0.6716658798580357,17.505783706090348,15.030979945647232,1.0176582266146172,376,1107,38
13,OR5 entry-0.50% persist-3m slow-30m/-0.75%,757544245.7723601,286.8918207639775,0.6829088341833236,0.6776805391586161,16.381488273561562,-564.3250241486762,0.33703729252845843,376,910,125
14,OR5 entry-0.50% persist-3m slow-30m/-1.00%,15643143519.756657,457.10206004893195,0.6706918487649396,0.6279833863162989,17.60318681539996,-394.1147848637217,0.5369983721314124,376,1027,75
15,OR5 entry-0.50% persist-3m slow-30m/-1.25%,214805083507.71408,663.7332351275421,0.6242251638280476,0.6242251638280476,22.249855309089163,-187.48360978511153,0.7797463585153206,376,1105,39
16,OR5 entry-0.50% persist-3m slow-30m/-1.50%,777651699644.0626,791.7159117994826,0.8018937414007157,0.8018937414007157,4.482997551822354,-59.50093311317107,0.9300989712917668,376,1146,18
17,OR5 entry-0.50% persist-3m slow-45m/-0.75%,28278550.8371,160.39486654105735,0.7707690754593669,0.7506366417872031,7.595464145957232,-690.8219783715963,0.18843008981749654,376,837,155
18,OR5 entry-0.50% persist-3m slow-45m/-1.00%,2760755761.13882,352.0860645285012,0.6186301384605263,0.6186301384605263,22.809357845841294,-499.13078038415244,0.41362675871931315,376,970,97
19,OR5 entry-0.50% persist-3m slow-45m/-1.25%,10688214565.971348,432.1262012645266,0.7176655837899903,0.7176655837899903,12.905813312894887,-419.090643648127,0.5076570134239632,376,1052,62
20,OR5 entry-0.50% persist-3m slow-45m/-1.50%,378093057604.6149,717.5454127516642,0.6753586094388151,0.6753586094388151,17.136510748012412,-133.6714321609894,0.8429643010945044,376,1119,33
21,OR5 entry-0.50% persist-3m slow-60m/-0.75%,44493233.61787998,175.0020690745239,0.7860805972899894,0.767292913233492,6.064311962894986,-676.2147758381298,0.20559046748244447,376,820,162
22,OR5 entry-0.50% persist-3m slow-60m/-1.00%,712947244.8638601,284.07527260397234,0.6704305917824728,0.6649965517238617,17.629312513646646,-567.1415723086814,0.33372844334762,376,950,108
23,OR5 entry-0.50% persist-3m slow-60m/-1.25%,21050472285.798466,477.38002224982614,0.681185343974413,0.6759286315219882,16.553837294452624,-373.8368226628275,0.5608206946360558,376,1023,75
24,OR5 entry-0.50% persist-3m slow-60m/-1.50%,1423540219572.3396,859.0639361995143,0.6753586647828136,0.6753586647828136,17.136505213612562,7.847091286860632,1.0092186748109595,376,1107,38
25,OR5 entry-0.50% persist-5m slow-30m/-0.75%,1365383678.4180996,315.3356381642057,0.7363026615338902,0.7319547400798815,11.042105538504899,-535.881206748448,0.37045277011237177,376,923,122
26,OR5 entry-0.50% persist-5m slow-30m/-1.00%,15065080520.586357,454.581719477303,0.6631511794033951,0.6379590311293453,18.357253751554413,-396.63512543535063,0.5340375043023841,376,1027,75
27,OR5 entry-0.50% persist-5m slow-30m/-1.25%,205070965798.8564,659.4799958235683,0.6242250549610975,0.6242250549610975,22.249866195784172,-191.73684908908535,0.7747497006961133,376,1105,39
28,OR5 entry-0.50% persist-5m slow-30m/-1.50%,743238103335.4432,786.868757505725,0.8018881438395552,0.8018881438395552,4.483557307938401,-64.3480874069287,0.9244045888054158,376,1146,18
29,OR5 entry-0.50% persist-5m slow-45m/-0.75%,32809873.794129997,165.09733754382782,0.7706778601717652,0.750537415426352,7.604585674717401,-686.1195073688258,0.19395449999673003,376,841,154
30,OR5 entry-0.50% persist-5m slow-45m/-1.00%,2655792393.0415783,349.9807626789454,0.6288555924542375,0.6288555924542375,21.786812446470172,-501.23608223370826,0.4111534737248511,376,970,97
31,OR5 entry-0.50% persist-5m slow-45m/-1.25%,10211850051.2633,429.2126216925414,0.7176655837899903,0.7176655837899903,12.905813312894887,-422.00422322011224,0.5042341728288805,376,1052,62
32,OR5 entry-0.50% persist-5m slow-45m/-1.50%,351590649846.8975,710.4219425896611,0.6896583661627955,0.6896583661627955,15.706535075614369,-140.79490232299258,0.8345957282630608,376,1119,33
33,OR5 entry-0.50% persist-5m slow-60m/-0.75%,44918732.087,175.3174441956919,0.749962063941416,0.7280022338124237,9.676165297752327,-675.8994007169617,0.20596096663674676,376,821,161
34,OR5 entry-0.50% persist-5m slow-60m/-1.00%,628155637.4851803,278.2633887798877,0.684081741546023,0.6788727857725779,16.264197537291626,-572.953456132766,0.3269007074318898,376,950,108
35,OR5 entry-0.50% persist-5m slow-60m/-1.25%,19859610607.419487,473.34514403188274,0.6784282603670396,0.6639576660380105,16.82954565518996,-377.8717008807709,0.5560805649710261,376,1025,74
36,OR5 entry-0.50% persist-5m slow-60m/-1.50%,1319625097717.9038,850.3495153821541,0.6840632965073082,0.6840632965073082,16.266042041163097,-0.8673295304995463,0.9989810709977331,376,1107,38
37,OR5 entry-0.50% persist-10m slow-30m/-0.75%,1501335761.8338306,320.1103498885309,0.7515513680653069,0.7474548718955254,9.517234885363235,-531.1064950241228,0.3760620478808529,376,928,120
38,OR5 entry-0.50% persist-10m slow-30m/-1.00%,10916803336.518215,433.4839565822766,0.6751274044463564,0.607657828082015,17.15963124725828,-417.732888330377,0.5092520891392345,376,1028,74
39,OR5 entry-0.50% persist-10m slow-30m/-1.25%,174137478966.0838,644.6718206991269,0.6450622208810962,0.6450622208810962,20.1661496037843,-206.54502421352674,0.7573532226859055,376,1106,38
40,OR5 entry-0.50% persist-10m slow-30m/-1.50%,720719957939.685,783.5890866577801,0.8019005472435174,0.8019005472435174,4.482316967542177,-67.62775825487358,0.9205516682863424,376,1147,17
41,OR5 entry-0.50% persist-10m slow-45m/-0.75%,23339167.61028999,154.4442234296861,0.7989792564210721,0.7813244099166493,4.774446049786707,-696.7726214829676,0.18143934104773757,376,844,153
42,OR5 entry-0.50% persist-10m slow-45m/-1.00%,3119559618.339561,358.78727755941134,0.6143730135590341,0.6143730135590341,23.235070335990514,-492.4295673532423,0.4214992686102538,376,975,95
43,OR5 entry-0.50% persist-10m slow-45m/-1.25%,12719336156.940653,443.3925330155996,0.7176655837899903,0.7176655837899903,12.905813312894887,-407.82431189705403,0.5208925735734209,376,1056,60
44,OR5 entry-0.50% persist-10m slow-45m/-1.50%,349653151528.44696,709.882833035993,0.7187647939388047,0.7187647939388047,12.795892298013456,-141.3340118766606,0.8339623884074294,376,1120,32
45,OR5 entry-0.50% persist-10m slow-60m/-0.75%,80871189.52957007,195.5190842355534,0.7550822275696903,0.7335720808978643,9.164148934924887,-655.6977606771002,0.2296936267228315,376,830,158
46,OR5 entry-0.50% persist-10m slow-60m/-1.00%,741693552.3808403,285.9078831456264,0.6456982778693888,0.6456982778693888,20.102543904955038,-565.3089617670273,0.33588137365275517,376,952,106
47,OR5 entry-0.50% persist-10m slow-60m/-1.25%,16577436739.57183,461.00742025080865,0.6669590508094179,0.65199095048548,17.976466610952137,-390.209424661845,0.5415863454841688,376,1027,73
48,OR5 entry-0.50% persist-10m slow-60m/-1.50%,1331404605612.5967,851.3670942943071,0.6576206346100919,0.6576206346100919,18.91030823088473,0.15024938165345247,1.000176511287989,376,1109,36
49,OR5 entry-0.50% persist-15m slow-30m/-0.75%,832594775.7792804,291.3181169919363,0.8143478070291517,0.8112867175335311,3.2375909889787557,-559.8987279207174,0.3422372556805187,376,934,118
50,OR5 entry-0.50% persist-15m slow-30m/-1.00%,12076938719.423525,440.01180186073594,0.6427239542532586,0.6313732021605697,20.399976266568064,-411.2050430519177,0.5169209285395275,376,1029,73
51,OR5 entry-0.50% persist-15m slow-30m/-1.25%,240575357479.40884,674.2251240536427,0.6153807056602356,0.6153807056602356,23.13430112587036,-176.9917208590109,0.7920721119221124,376,1107,37
52,OR5 entry-0.50% persist-15m slow-30m/-1.50%,439579803730.9934,732.5152630628356,0.8018981915074077,0.8018981915074077,4.482552541153151,-118.70158184981801,0.8605507133003243,376,1147,17
53,OR5 entry-0.50% persist-15m slow-45m/-0.75%,20797149.28160001,150.9352423391275,0.8123131151860294,0.7958293280738655,3.4410601732909774,-700.2816025735261,0.17731702942816588,376,845,152
54,OR5 entry-0.50% persist-15m slow-45m/-1.00%,3189558246.254099,360.0149072859597,0.6100988016804789,0.6100988016804789,23.66249152384603,-491.20193762669396,0.4229414742407995,376,977,94
55,OR5 entry-0.50% persist-15m slow-45m/-1.25%,19792013318.31247,473.1097840460497,0.7213058174735991,0.7213058174735991,12.54178994453401,-378.10706086660394,0.555804066700063,376,1060,59
56,OR5 entry-0.50% persist-15m slow-45m/-1.50%,303264399869.93054,696.119325632563,0.6889613595550902,0.6889613595550902,15.776235736384903,-155.09751928009064,0.8177931743162276,376,1124,30
57,OR5 entry-0.50% persist-15m slow-60m/-0.75%,131921547.08754003,213.45695429566538,0.7603875841464098,0.7393433856864231,8.633613277252937,-637.7598906169883,0.25076683523288235,376,832,155
58,OR5 entry-0.50% persist-15m slow-60m/-1.00%,803921454.79595,289.6701333006964,0.6801410709777836,0.6801410709777836,16.658264594115558,-561.5467116119572,0.34030122292800785,376,952,106
59,OR5 entry-0.50% persist-15m slow-60m/-1.25%,23009875540.287056,483.60145638145104,0.6419215911457004,0.6419215911457004,20.480212577323886,-367.6153885312026,0.568129565658531,376,1028,72
60,OR5 entry-0.50% persist-15m slow-60m/-1.50%,1445665946467.5996,860.8468578319771,0.6576206500322466,0.6576206500322466,18.910306688669266,9.630012919323462,1.0113132311430135,376,1109,36
61,OR5 entry-1.00% persist-1m slow-30m/-0.75%,859601604.2665699,292.8252847239451,0.764980224932718,0.7611051478156137,8.17434919862212,-558.3915601887086,0.3440078594238733,376,991,88
62,OR5 entry-1.00% persist-1m slow-30m/-1.00%,65447446756.26154,561.8895067586138,0.6331445720949601,0.621489480561174,21.35791448239791,-289.3273381540398,0.6601014889646261,376,1060,56
63,OR5 entry-1.00% persist-1m slow-30m/-1.25%,487868278367.4298,743.0301402988501,0.6203526882633578,0.6140929485888573,22.637102865558145,-108.1867046138035,0.8729034731157078,376,1116,33
64,OR5 entry-1.00% persist-1m slow-30m/-1.50%,832569654018.5796,799.0736832498918,0.8019041204554409,0.8019041204554409,4.481959646349831,-52.14316166276183,0.9387427986483133,376,1149,16
65,OR5 entry-1.00% persist-1m slow-45m/-0.75%,170202592.3403196,223.22332207945732,0.7909179894171823,0.784275400031694,5.580572750175694,-627.9935228331963,0.26224025454097194,376,949,111
66,OR5 entry-1.00% persist-1m slow-45m/-1.00%,2852965502.525842,353.878248026282,0.797632810184201,0.7912035523858163,4.909090673473826,-497.33859688637165,0.4157321957868382,376,1008,78
67,OR5 entry-1.00% persist-1m slow-45m/-1.25%,40946280187.34714,525.5443295051492,0.719236863235923,0.719236863235923,12.748685368301626,-325.6725154075044,0.6174035824667887,376,1069,53
68,OR5 entry-1.00% persist-1m slow-45m/-1.50%,417956131452.6789,727.4735288757262,0.6716658408854813,0.6716658408854813,17.50578760334579,-123.74331603692747,0.8546277405381643,376,1128,28
69,OR5 entry-1.00% persist-1m slow-60m/-0.75%,40955172.25954999,172.271722693928,0.8313262654619294,0.828545121922932,1.539745145700977,-678.9451222187256,0.20238288718499858,376,936,119
70,OR5 entry-1.00% persist-1m slow-60m/-1.00%,1721166748.1284208,327.08061232743677,0.7535136849300667,0.7456827511467743,9.321003198887256,-524.1362325852169,0.38425063399796755,376,1006,82
71,OR5 entry-1.00% persist-1m slow-60m/-1.25%,21779556860.29831,479.7522742917102,0.8012808678527489,0.7714143287959486,4.544284906619033,-371.46457062094345,0.5636075897216758,376,1044,63
72,OR5 entry-1.00% persist-1m slow-60m/-1.50%,490052201189.8635,743.4836966929856,0.6716658651417369,0.6716658651417369,17.505785177720234,-107.73314821966801,0.8734363060793012,376,1115,32
73,OR5 entry-1.00% persist-3m slow-30m/-0.75%,797400699.6981201,289.28815149984024,0.7649779931562963,0.7611028792409875,8.174572376264289,-561.9286934128133,0.339852474993637,376,991,88
74,OR5 entry-1.00% persist-3m slow-30m/-1.00%,61245214548.09506,556.621137752918,0.6331445719212774,0.6214894803819733,21.357914499766185,-294.59570715973564,0.6539122681601007,376,1060,56
75,OR5 entry-1.00% persist-3m slow-30m/-1.25%,456525426737.949,736.3160096189839,0.6203527470039971,0.61409300829803,22.63709699149421,-114.90083529366973,0.8650157877156905,376,1116,33
76,OR5 entry-1.00% persist-3m slow-30m/-1.50%,779789355056.147,792.0107349461043,0.8019016325479738,0.8019016325479738,4.4822084370965465,-59.20610996654932,0.9304453262169352,376,1149,16
77,OR5 entry-1.00% persist-3m slow-45m/-0.75%,158064009.70466003,220.35620375249567,0.7909179197561564,0.7842753281575194,5.580579716278278,-630.8606411601579,0.25887199609531597,376,949,111
78,OR5 entry-1.00% persist-3m slow-45m/-1.00%,2849939979.457319,353.82025805632685,0.7976328101747133,0.7912035523760272,4.90909067442259,-497.3965868563268,0.4156640698206972,376,1010,77
79,OR5 entry-1.00% persist-3m slow-45m/-1.25%,38341236122.91302,520.6120937553063,0.719236863235923,0.719236863235923,12.748685368301626,-330.6047511573473,0.6116092472403176,376,1069,53
80,OR5 entry-1.00% persist-3m slow-45m/-1.50%,391266996785.7043,720.9242961178865,0.6753586572719399,0.6753586572719399,17.136505964699932,-130.29254879476719,0.8469337753670312,376,1128,28
81,OR5 entry-1.00% persist-3m slow-60m/-0.75%,34937741.04041999,167.11096858172402,0.840075703146334,0.8374388229815511,0.6648013772605266,-684.1058763309296,0.19632009115006632,376,936,119
82,OR5 entry-1.00% persist-3m slow-60m/-1.00%,1608887171.617871,323.62521412679064,0.7535136833715148,0.745682749538707,9.321003354742441,-527.591630785863,0.38019127095634364,376,1006,82
83,OR5 entry-1.00% persist-3m slow-60m/-1.25%,20270273739.1925,474.7600297069935,0.8012808678527489,0.7714143287959486,4.544284906619033,-376.4568152056601,0.557742756789206,376,1044,63
84,OR5 entry-1.00% persist-3m slow-60m/-1.50%,458316552252.5264,736.710458040418,0.6753587820662981,0.6753587820662981,17.136493485264115,-114.50638687223568,0.865479181296059,376,1115,32
85,OR5 entry-1.00% persist-5m slow-30m/-0.75%,832315077.5497106,291.3022842150874,0.7516740206749314,0.7437846402839182,9.504969624400783,-559.9145606975662,0.3422186555118972,376,993,87
86,OR5 entry-1.00% persist-5m slow-30m/-1.00%,58544347271.274666,553.0645721445079,0.6331445720835022,0.621489480549352,21.357914483543706,-298.15227276814574,0.6497340547827855,376,1060,56
87,OR5 entry-1.00% persist-5m slow-30m/-1.25%,435790458324.41064,731.6477463085079,0.6203528608632667,0.6140931240346457,22.637085605567254,-119.56909860414578,0.8595315643496045,376,1116,33
88,OR5 entry-1.00% persist-5m slow-30m/-1.50%,745179030187.261,787.1473370566621,0.8018924417615533,0.8018924417615533,4.483127515738595,-64.06950785599156,0.9247318609366031,376,1149,16
89,OR5 entry-1.00% persist-5m slow-45m/-0.75%,160808034.89572987,221.02086838721235,0.7920627582534212,0.7854565384690251,5.466095866551801,-630.1959765254413,0.2596528366516197,376,951,110
90,OR5 entry-1.00% persist-5m slow-45m/-1.00%,2719140927.448991,351.2599408375084,0.797632808806195,0.7912035509640308,4.909090811274419,-499.95690407514525,0.41265623787502986,376,1010,77
91,OR5 entry-1.00% persist-5m slow-45m/-1.25%,36613362182.056335,517.175385879777,0.719236863235923,0.719236863235923,12.748685368301626,-334.0414590328767,0.6075718413829629,376,1069,53
92,OR5 entry-1.00% persist-5m slow-45m/-1.50%,363917900920.1143,713.7920515443625,0.6896850568686119,0.6896850568686119,15.70386600503273,-137.42479336829115,0.838554894455369,376,1128,28
93,OR5 entry-1.00% persist-5m slow-60m/-0.75%,36549878.14568001,168.56593698275114,0.8490874875909653,0.8465991964531087,-0.23637706720260887,-682.6509079299025,0.19802937170498344,376,938,118
94,OR5 entry-1.00% persist-5m slow-60m/-1.00%,1534374896.5154002,321.21304406694253,0.7535136784240717,0.7456827444340823,9.321003849486754,-530.0038008457111,0.377357480631041,376,1006,82
95,OR5 entry-1.00% persist-5m slow-60m/-1.25%,19172509327.983494,470.91922592353967,0.8012808678527489,0.7714143287959486,4.544284906619033,-380.29761898911397,0.5532306235925845,376,1044,63
96,OR5 entry-1.00% persist-5m slow-60m/-1.50%,437851759410.45935,732.1204710853998,0.6840631361689025,0.6840631361689025,16.266058075003677,-119.09637382725384,0.8600869161142192,376,1115,32
97,OR5 entry-1.00% persist-10m slow-30m/-0.75%,497339781.4178693,267.7746526887407,0.8051330799289473,0.7989421076342074,4.159063698999188,-583.442192223913,0.3145786579402314,376,993,87
98,OR5 entry-1.00% persist-10m slow-30m/-1.00%,52086575795.95789,543.9373106975428,0.6331445720726108,0.6214894805381146,21.357914484632843,-307.27953421511086,0.6390114504293651,376,1061,55
99,OR5 entry-1.00% persist-10m slow-30m/-1.25%,422274107191.47107,728.4983440387779,0.6195911415502454,0.613318845263261,22.71325753686938,-122.71850087387577,0.8558316818947957,376,1117,32
100,OR5 entry-1.00% persist-10m slow-30m/-1.50%,722732322367.3307,783.8858188482975,0.801897052996347,0.801897052996347,4.482666392259227,-67.33102606435614,0.9209002659348627,376,1150,15
101,OR5 entry-1.00% persist-10m slow-45m/-0.75%,135915272.42629987,214.5847620012637,0.8079699019356428,0.8018690562074957,3.875381498329644,-636.63208291139,0.25209177107307246,376,951,110
102,OR5 entry-1.00% persist-10m slow-45m/-1.00%,2482950251.36106,346.3489039360376,0.7976328105236203,0.7912035527360193,4.909090639531888,-504.86794097661607,0.4068868068178064,376,1011,76
103,OR5 entry-1.00% persist-10m slow-45m/-1.25%,35436376893.86966,514.7517429040844,0.719236863235923,0.719236863235923,12.748685368301626,-336.46510200856926,0.6047245728048355,376,1070,52
104,OR5 entry-1.00% persist-10m slow-45m/-1.50%,362166029423.8417,713.3192918395368,0.7187950671471726,0.7187950671471726,12.792864977176666,-137.8975530731168,0.8379995016578097,376,1129,27
105,OR5 entry-1.00% persist-10m slow-60m/-0.75%,48082594.89542,177.58338133524322,0.8409899523377837,0.8383681465901223,0.5733764581155487,-673.6334635774105,0.2086229641678034,376,942,117
106,OR5 entry-1.00% persist-10m slow-60m/-1.00%,1488642649.066841,319.681030010253,0.753513676620964,0.7456827425736894,9.32100402979752,-531.5358149024007,0.3755576877041908,376,1007,81
107,OR5 entry-1.00% persist-10m slow-60m/-1.25%,15062744414.980272,454.57136273639264,0.8012808678527489,0.7714143287959486,4.544284906619033,-396.645482176261,0.53402533731935,376,1045,62
108,OR5 entry-1.00% persist-10m slow-60m/-1.50%,337498626689.07587,706.4396121408034,0.6576204967052401,0.6576204967052401,18.910322021369907,-144.7772327718502,0.8299173311276443,376,1116,31
109,OR5 entry-1.00% persist-15m slow-30m/-0.75%,640403966.7626,279.14406400340965,0.8071460496462846,0.8010190299184843,3.957766727265466,-572.072780909244,0.32793531480460025,376,996,86
110,OR5 entry-1.00% persist-15m slow-30m/-1.00%,52872258897.74938,545.0993172922254,0.6369341671794292,0.625399472058578,20.978954973951,-306.1175276204283,0.6403765627407901,376,1061,55
111,OR5 entry-1.00% persist-15m slow-30m/-1.25%,368546440522.5887,715.031544818304,0.6068287730496114,0.6003460469716755,23.989494386932787,-136.1853000943496,0.8400110372483006,376,1117,32
112,OR5 entry-1.00% persist-15m slow-30m/-1.50%,619052130248.0,767.5564349890825,0.8018985568088041,0.8018985568088041,4.482516011013516,-83.66040992357114,0.9017166889687718,376,1150,15
113,OR5 entry-1.00% persist-15m slow-45m/-0.75%,197722773.30063015,229.1099710140522,0.8093889138860713,0.8033331505334644,3.733480303286796,-622.1068738986014,0.26915582366977475,376,955,108
114,OR5 entry-1.00% persist-15m slow-45m/-1.00%,2663797889.400879,350.1438874768663,0.7974118840635739,0.7909756073853739,4.931183285536534,-501.0729574357873,0.41134511090742787,376,1011,76
115,OR5 entry-1.00% persist-15m slow-45m/-1.25%,58236452204.47656,552.6500120818718,0.719236863235923,0.719236863235923,12.748685368301626,-298.5668328307819,0.6492470342719558,376,1074,51
116,OR5 entry-1.00% persist-15m slow-45m/-1.50%,401978769682.91125,723.5986968890359,0.6889886896224062,0.6889886896224062,15.773502729653298,-127.61814802361778,0.850075631390127,376,1129,27
117,OR5 entry-1.00% persist-15m slow-60m/-0.75%,140636177.42628986,215.88092399483224,0.7518774565736119,0.7439073643363799,9.484626034532727,-635.3359209178213,0.253614487642082,376,949,113
118,OR5 entry-1.00% persist-15m slow-60m/-1.00%,3230283796.913129,360.7182857905763,0.7535136853809891,0.7456827516120228,9.321003153795015,-490.4985591220773,0.4237677954171488,376,1010,80
119,OR5 entry-1.00% persist-15m slow-60m/-1.25%,16781742917.798439,461.83554819699333,0.8012808678527489,0.7714143287959486,4.544284906619033,-389.3812967156603,0.5425592209049668,376,1045,62
120,OR5 entry-1.00% persist-15m slow-60m/-1.50%,372746737779.471,716.1445633191228,0.657620593848277,0.657620593848277,18.910312307066224,-135.07228159353087,0.8413185988966289,376,1116,31
121,OR5 entry-1.50% persist-1m slow-30m/-0.75%,3816873025.9561615,370.0695253128002,0.7725692046350628,0.765343669626034,7.415451228387637,-481.14731959985346,0.4347535267006779,376,1063,58
122,OR5 entry-1.50% persist-1m slow-30m/-1.00%,262673464493.01797,682.4618732578886,0.6524898000713548,0.6414493114183122,19.42339168475844,-168.7549716547651,0.8017485524830261,376,1104,37
123,OR5 entry-1.50% persist-1m slow-30m/-1.25%,372084965021.8161,715.9699375243665,0.7443978742281324,0.6904527745134375,10.23258426908068,-135.24690738828713,0.8411134504719943,376,1136,23
124,OR5 entry-1.50% persist-1m slow-30m/-1.50%,198407689679.0031,656.4649319871704,0.840097939484123,0.8200731557099475,0.6625777434816182,-194.75191292548323,0.7712076375257031,376,1153,13
125,OR5 entry-1.50% persist-1m slow-45m/-0.75%,1086215652.1499095,304.05139321148073,0.8145083458199234,0.8141891566532854,3.2215371099015844,-547.165451701173,0.3571961657345732,376,1040,75
126,OR5 entry-1.50% persist-1m slow-45m/-1.00%,40154441199.98417,524.0750296448919,0.7750463451768589,0.7678995095615437,7.167737174208034,-327.1418152677618,0.6156774654743458,376,1089,47
127,OR5 entry-1.50% persist-1m slow-45m/-1.25%,97541512009.6221,594.4712842821872,0.6536289681105389,0.6536289681105389,19.30947488084003,-256.74556063046646,0.6983781956796073,376,1116,34
128,OR5 entry-1.50% persist-1m slow-45m/-1.50%,381448492409.6304,718.4157347607564,0.6716657167683173,0.6716657167683173,17.50580001506219,-132.8011101518972,0.8439867456270507,376,1137,22
129,OR5 entry-1.50% persist-1m slow-60m/-0.75%,693200769.85614,282.7783737883962,0.8009180133957269,0.7945931273504224,4.580570352321233,-568.4384711242574,0.33220486116838194,376,1034,79
130,OR5 entry-1.50% persist-1m slow-60m/-1.00%,22466646450.164425,481.9247959242107,0.8350833318448595,0.8298438867757989,1.1640385074079718,-369.29204898844296,0.566159843763034,376,1076,54
131,OR5 entry-1.50% persist-1m slow-60m/-1.25%,60171446537.02314,555.2240205538596,0.6283505273756504,0.614635473895829,21.83731895432888,-295.992824358794,0.6522709505482509,376,1091,44
132,OR5 entry-1.50% persist-1m slow-60m/-1.50%,361327607371.553,713.0923233519437,0.6716658842139003,0.6716658842139003,17.505783270503894,-138.12452156070992,0.8377328616248385,376,1131,26
133,OR5 entry-1.50% persist-3m slow-30m/-0.75%,3465660651.6047463,364.63700128145103,0.7791111412676042,0.7720934452721505,6.761257565133505,-486.5798436312026,0.4283714584135935,376,1063,58
134,OR5 entry-1.50% persist-3m slow-30m/-1.00%,245871719378.80103,676.2581034094424,0.6524897999769848,0.6414493113209441,19.423391694195445,-174.9587415032113,0.7944604332622618,376,1104,37
135,OR5 entry-1.50% persist-3m slow-30m/-1.25%,347984114767.9982,709.4163121822186,0.7444001659720467,0.6904555499323353,10.23235509468925,-141.80053273043507,0.8334143249420942,376,1136,23
136,OR5 entry-1.50% persist-3m slow-30m/-1.50%,185822968852.78412,650.5189959090568,0.8400998628796813,0.8200761085784667,0.6623854039257915,-200.69784900359684,0.7642224185258092,376,1153,13
137,OR5 entry-1.50% persist-3m slow-45m/-0.75%,1019721817.87321,300.98940851392183,0.8145083438821022,0.811701147241711,3.221537303683697,-550.2274363987318,0.3535989804628542,376,1040,75
138,OR5 entry-1.50% persist-3m slow-45m/-1.00%,37531822885.18838,519.0195237989573,0.775046345115687,0.7678995094984284,7.167737180325218,-332.1973211136964,0.6097383139218958,376,1089,47
139,OR5 entry-1.50% persist-3m slow-45m/-1.25%,91420523757.229,589.0724924187089,0.6536289823940054,0.6536289823940054,19.309473452493386,-262.1443524939448,0.6920357555649121,376,1116,34
140,OR5 entry-1.50% persist-3m slow-45m/-1.50%,357166543317.84155,711.9589840358956,0.6753587787579096,0.6753587787579096,17.13649381610296,-139.25786087675806,0.8364014273107485,376,1137,22
141,OR5 entry-1.50% persist-3m slow-60m/-0.75%,606255006.35537,276.6503450546847,0.8040700057291235,0.7978452592929541,4.265371118981576,-574.5664998579689,0.3250057217595039,376,1034,79
142,OR5 entry-1.50% persist-3m slow-60m/-1.00%,21213328268.22705,477.9161120387168,0.8350833315623287,0.829843886484292,1.1640385356610494,-373.30073287393685,0.561450486905904,376,1076,54
143,OR5 entry-1.50% persist-3m slow-60m/-1.25%,56330814696.312645,550.0404515380047,0.6283505273756504,0.6140591028646476,21.83731895432888,-301.1763933746489,0.6461813518204592,376,1091,44
144,OR5 entry-1.50% persist-3m slow-60m/-1.50%,338214388354.89996,706.645376659619,0.6753586530018768,0.6753586530018768,17.13650639170624,-144.5714682530346,0.830159060975973,376,1131,26
145,OR5 entry-1.50% persist-5m slow-30m/-0.75%,4543438668.993012,380.0376380271743,0.7779288646891998,0.7708736074620145,6.879485222973947,-471.17920688547935,0.44646395368993347,376,1067,56
146,OR5 entry-1.50% persist-5m slow-30m/-1.00%,234892188358.68967,671.9994089489825,0.6524898000886562,0.6414493114361632,19.423391683028303,-179.21743596367116,0.7894573667864135,376,1104,37
147,OR5 entry-1.50% persist-5m slow-30m/-1.25%,332335803323.9939,704.9439478251973,0.7443981347813187,0.6904530900566499,10.232558213762054,-146.27289708745639,0.8281602414688282,376,1136,23
148,OR5 entry-1.50% persist-5m slow-30m/-1.50%,177581139059.9589,646.429958101309,0.8400947028311183,0.8200710147258539,0.6629014087820906,-204.78688681134463,0.7594186627822684,376,1153,13
149,OR5 entry-1.50% persist-5m slow-45m/-0.75%,1150465151.2993903,306.85722960880895,0.8155240076096937,0.8096631577665462,3.119970930924554,-544.3596153038447,0.36049243085678906,376,1043,73
150,OR5 entry-1.50% persist-5m slow-45m/-1.00%,35880137957.82557,515.6737342603852,0.7750463452493973,0.7678995096363866,7.167737166954192,-335.5431106522684,0.6058077179068282,376,1089,47
151,OR5 entry-1.50% persist-5m slow-45m/-1.25%,87264227574.4858,585.2222947142128,0.6536289756087446,0.6536289756087446,19.309474131019467,-265.99455019844083,0.6875125864952362,376,1116,34
152,OR5 entry-1.50% persist-5m slow-45m/-1.50%,332252242751.8087,704.9195728114357,0.6896850568686119,0.6896850568686119,15.70386600503273,-146.2972721012179,0.8281316059761129,376,1137,22
153,OR5 entry-1.50% persist-5m slow-60m/-0.75%,590566228.0289698,275.46300646138195,0.8047454230368264,0.7985421347826711,4.197829388211282,-575.7538384512717,0.3236108497002878,376,1035,79
154,OR5 entry-1.50% persist-5m slow-60m/-1.00%,20301280378.436268,474.86583236760316,0.8350833317157111,0.8298438866425475,1.1640385203228076,-376.3510125450505,0.5578670525679398,376,1076,54
155,OR5 entry-1.50% persist-5m slow-60m/-1.25%,53239514656.78366,545.6372789239659,0.6283505273756504,0.6136987526165998,21.83731895432888,-305.5795659886877,0.6410085540306192,376,1091,44
156,OR5 entry-1.50% persist-5m slow-60m/-1.50%,323155604607.0106,702.2332335082975,0.6840632238670641,0.6840632238670641,16.266049305187515,-148.9836114043561,0.8249757246995696,376,1131,26
157,OR5 entry-1.50% persist-10m slow-30m/-0.75%,2907762057.395582,354.91927717665027,0.8348588133911963,0.8296122353129735,1.1864903527742943,-496.2975677360034,0.41695518515387203,376,1067,56
158,OR5 entry-1.50% persist-10m slow-30m/-1.00%,220159479927.80508,666.0010165039596,0.6524898000304475,0.6414493113761053,19.42339168884917,-185.21582840869405,0.782410522635158,376,1105,36
159,OR5 entry-1.50% persist-10m slow-30m/-1.25%,321486770234.8725,701.7332017984137,0.7443981274631433,0.690453081193966,10.232558945579594,-149.48364311423995,0.8243882930564197,376,1137,22
160,OR5 entry-1.50% persist-10m slow-30m/-1.50%,172228861474.2848,643.684174720085,0.840100958339082,0.8200764593984005,0.6622758579857169,-207.53267019256862,0.7561929472696651,376,1154,12
161,OR5 entry-1.50% persist-10m slow-45m/-0.75%,997449444.1838595,299.9244471283593,0.829636331770462,0.8242238341045947,1.7087385148477185,-551.2923977842943,0.35234787577439874,376,1044,72
162,OR5 entry-1.50% persist-10m slow-45m/-1.00%,40380072716.645294,524.4962788745781,0.7750463446684166,0.767899509036948,7.167737225052262,-326.7205660380755,0.6161723443435833,376,1091,45
163,OR5 entry-1.50% persist-10m slow-45m/-1.25%,84599798960.7081,582.6683487387417,0.6536289657795195,0.6536289657795195,19.309475113941975,-268.548496173912,0.6845122394147772,376,1117,33
164,OR5 entry-1.50% persist-10m slow-45m/-1.50%,330927630291.0052,704.532455108054,0.7187950671471726,0.7187950671471726,12.792864977176666,-146.68438980459962,0.8276768244410725,376,1138,21
165,OR5 entry-1.50% persist-10m slow-60m/-0.75%,519474368.5012201,269.70820675897176,0.8118374061975717,0.8058594320770155,3.4886310721367497,-581.5086381536819,0.3168501755703007,376,1035,79
166,OR5 entry-1.50% persist-10m slow-60m/-1.00%,16967310069.912766,462.580070346751,0.8350833317119535,0.8298438866386704,1.1640385206985737,-388.63677456590267,0.5434338771740566,376,1077,53
167,OR5 entry-1.50% persist-10m slow-60m/-1.25%,50253728968.85185,541.1654588169096,0.6283505273756504,0.6118573153797597,21.83731895432888,-310.0513860957441,0.6357551099361062,376,1092,43
168,OR5 entry-1.50% persist-10m slow-60m/-1.50%,249959760105.76837,677.8011012001023,0.6576206093143833,0.6576206093143833,18.910310760455594,-173.41574371255138,0.7962731297565591,376,1132,25
169,OR5 entry-1.50% persist-15m slow-30m/-0.75%,3533245970.8594794,365.718912252612,0.834673260808428,0.829420787676808,1.2050456110511254,-485.49793266004167,0.4296424752850605,376,1070,54
170,OR5 entry-1.50% persist-15m slow-30m/-1.00%,228280643984.68237,669.3497080226437,0.6524898000568662,0.6414493114033633,19.423391686207303,-181.86713689001,0.7863445278639052,376,1105,36
171,OR5 entry-1.50% persist-15m slow-30m/-1.25%,345159737871.0634,708.6223542955306,0.7443989606868097,0.6904540902703706,10.232475623212956,-142.59449061712303,0.8324815921238552,376,1137,22
172,OR5 entry-1.50% persist-15m slow-30m/-1.50%,178978415060.81757,647.1347863379932,0.839220788880826,0.8190851379738661,0.7502928038113255,-204.08205857466044,0.7602466870875869,376,1154,12
173,OR5 entry-1.50% persist-15m slow-45m/-0.75%,1264998034.3682199,311.5337041813032,0.8323652833513621,0.827039485180847,1.4358433567577156,-539.6831407313505,0.3659863007213759,376,1046,71
174,OR5 entry-1.50% persist-15m slow-45m/-1.00%,42253761021.37339,527.9166030013495,0.7750463452496097,0.7678995096366058,7.167737166932953,-323.30024191130417,0.6201905027566987,376,1091,45
175,OR5 entry-1.50% persist-15m slow-45m/-1.25%,94098085166.51553,591.4720934891841,0.6536289654058465,0.6536289654058465,19.309475151309275,-259.74475142346955,0.6948547799825051,376,1117,33
176,OR5 entry-1.50% persist-15m slow-45m/-1.50%,364702009638.37836,714.0030027762438,0.6889886896224062,0.6889886896224062,15.773502729653298,-137.21384213640988,0.83880271759602,376,1138,21
177,OR5 entry-1.50% persist-15m slow-60m/-0.75%,463957991.5327094,264.71036537036895,0.8293863384526783,0.8239658984346471,1.7337378466260933,-586.5064795422848,0.31097876757541354,376,1035,79
178,OR5 entry-1.50% persist-15m slow-60m/-1.00%,18420283412.64878,468.1740697471919,0.8350833313997527,0.8298438863165509,1.1640385519186558,-383.04277516546176,0.5500056449132334,376,1077,53
179,OR5 entry-1.50% persist-15m slow-60m/-1.25%,54468474022.29112,547.4140475401454,0.6283505273756504,0.6129188741072995,21.83731895432888,-303.8027973725083,0.6430958818681712,376,1092,43
180,OR5 entry-1.50% persist-15m slow-60m/-1.50%,275696793859.66394,687.0347741539395,0.6576205783885904,0.6576205783885904,18.91031385303488,-164.1820707587142,0.8071207451544717,376,1132,25
181,OR5 entry-2.00% persist-1m slow-30m/-0.75%,3383558513.8805866,363.2974537399589,0.7745233761103887,0.7421578389800314,7.220034080855053,-487.91939117269476,0.42679777298960536,376,1088,47
182,OR5 entry-2.00% persist-1m slow-30m/-1.00%,93005570123.2628,590.5003395138573,0.8073304032902824,0.8065943114793317,3.9393313628656834,-260.71650539879636,0.6937131743139442,376,1125,31
183,OR5 entry-2.00% persist-1m slow-30m/-1.25%,77397069296.11186,575.3922456227098,0.8819953012392974,0.8570902844197961,-3.527158432035815,-275.8245992899439,0.6759643551012584,376,1141,22
184,OR5 entry-2.00% persist-1m slow-30m/-1.50%,113133046061.7421,606.9838429135966,0.8803737213389191,0.855126468361729,-3.3650004419979895,-244.23300199905702,0.7130778091872482,376,1157,12
185,OR5 entry-2.00% persist-1m slow-45m/-0.75%,1993650520.7724404,334.7063063957727,0.7643725124280762,0.7411564247650757,8.235120449086297,-516.510538516881,0.3932092138403559,376,1081,52
186,OR5 entry-2.00% persist-1m slow-45m/-1.00%,18181244211.896503,467.2810667659936,0.8613186721868434,0.8607888418893896,-1.459495526790422,-383.93577814666,0.5489565550291042,376,1107,38
187,OR5 entry-2.00% persist-1m slow-45m/-1.25%,47040369379.78887,536.0837346510439,0.8168204459671997,0.8161206107469066,2.9903270951739502,-315.1331102616098,0.6297851573955322,376,1128,29
188,OR5 entry-2.00% persist-1m slow-45m/-1.50%,99752236632.91524,596.3480795261216,0.8424063162973059,0.8091460022209838,0.4317400621633327,-254.868765386532,0.7005830336772941,376,1143,19
189,OR5 entry-2.00% persist-1m slow-60m/-0.75%,977511223.6464603,298.95320014409714,0.866634554845642,0.8644355850586012,-1.9910837926702785,-552.2636447685566,0.3512068657132529,376,1072,56
190,OR5 entry-2.00% persist-1m slow-60m/-1.00%,31184416721.33301,505.3616762712533,0.7769539317250238,0.7698677006261919,6.976978519391541,-345.8551686414003,0.5936932278673482,376,1102,41
191,OR5 entry-2.00% persist-1m slow-60m/-1.25%,94142097154.84532,591.5110322809267,0.7000123123637346,0.6366995927458907,14.67114045552046,-259.705812631727,0.6949005248382082,376,1115,33
192,OR5 entry-2.00% persist-1m slow-60m/-1.50%,282751273612.5368,689.4330382312367,0.6970552603027089,0.6716658493087901,14.96684566162303,-161.783806681417,0.8099381988874783,376,1140,22
193,OR5 entry-2.00% persist-3m slow-30m/-0.75%,3329366334.2373276,362.39752324860916,0.7745191850208899,0.7421476997457038,7.220453189804932,-488.8193216640445,0.4257405447442667,376,1088,47
194,OR5 entry-2.00% persist-3m slow-30m/-1.00%,91971868702.25302,589.5716095375757,0.8073304032902824,0.8065943114793317,3.9393313628656834,-261.64523537507796,0.6926221127567955,376,1125,31
195,OR5 entry-2.00% persist-3m slow-30m/-1.25%,76536922717.20749,574.483916487203,0.8819953012392974,0.8570902844197961,-3.527158432035815,-276.7329284254506,0.6748972602229845,376,1141,22
196,OR5 entry-2.00% persist-3m slow-30m/-1.50%,111880185296.37848,606.0363968706748,0.8803737213389191,0.855126468361729,-3.3650004419979895,-245.18044804197882,0.7119647602049773,376,1157,12
197,OR5 entry-2.00% persist-3m slow-45m/-0.75%,1996992261.0776892,334.7939876198156,0.7643549608765168,0.7411564242165083,8.236875604242243,-516.422857292838,0.39331222075870687,376,1081,52
198,OR5 entry-2.00% persist-3m slow-45m/-1.00%,17979132771.29836,466.5179246892642,0.8613186721868434,0.8607888418893896,-1.459495526790422,-384.69892022338945,0.5480600242786963,376,1107,38
199,OR5 entry-2.00% persist-3m slow-45m/-1.25%,46517614671.86863,535.2283122045868,0.8168204459671997,0.8161206107469066,2.9903270951739502,-315.9885327080668,0.6287802167020184,376,1128,29
200,OR5 entry-2.00% persist-3m slow-45m/-1.50%,98647463990.46109,595.4148069557482,0.8424063162973059,0.8091460022209838,0.4317400621633327,-255.80203795690545,0.6994866355315675,376,1143,19
201,OR5 entry-2.00% persist-3m slow-60m/-0.75%,938726892.33411,297.01290948948326,0.8666864894236698,0.8644883759496556,-1.9962772504730553,-554.2039354231704,0.3489274340194252,376,1072,56
202,OR5 entry-2.00% persist-3m slow-60m/-1.00%,31155008029.579594,505.2928997630763,0.7769539315834642,0.7698677004801349,6.9769785335475065,-345.9239451495773,0.5936124299971134,376,1102,41
203,OR5 entry-2.00% persist-3m slow-60m/-1.25%,93096163332.99664,590.581299708222,0.7000123123637346,0.6366995927458907,14.67114045552046,-260.63554520443165,0.6938082854420293,376,1115,33
204,OR5 entry-2.00% persist-3m slow-60m/-1.50%,279619967393.66846,688.3750813318824,0.6970552603027089,0.6753587014116071,14.96684566162303,-162.84176358077127,0.8086953229908402,376,1140,22
205,OR5 entry-2.00% persist-5m slow-30m/-0.75%,3760927049.535268,369.2344097806586,0.7745178721735874,0.7421373111354337,7.220584474535185,-481.98243513199503,0.4337724423422883,376,1089,46
206,OR5 entry-2.00% persist-5m slow-30m/-1.00%,90210947141.48878,587.9681537051011,0.8073358046143625,0.8065997334391037,3.938791230457672,-263.2486912075525,0.6907383908332249,376,1125,31
207,OR5 entry-2.00% persist-5m slow-30m/-1.25%,74696257295.43733,572.5095792741932,0.881995130958116,0.8570900782005907,-3.5271414039176774,-278.7072656384604,0.6725778310143057,376,1141,22
208,OR5 entry-2.00% persist-5m slow-30m/-1.50%,109188028614.08392,603.968529185027,0.880374525577753,0.8551274423360217,-3.365080865881376,-247.24831572762662,0.709535452446318,376,1157,12
209,OR5 entry-2.00% persist-5m slow-45m/-0.75%,1845850006.0826187,330.6926880600103,0.7643638110809114,0.7425737203176013,8.235990583802778,-520.5241568526433,0.38849406004640785,376,1081,52
210,OR5 entry-2.00% persist-5m slow-45m/-1.00%,17553015837.95341,464.8839261829713,0.8612929654197758,0.8607630369099364,-1.456924850083663,-386.3329187296823,0.5461404211645678,376,1107,38
211,OR5 entry-2.00% persist-5m slow-45m/-1.25%,45386527619.87125,533.3481032512824,0.8168159186789823,0.8161160661622405,2.990779823995693,-317.86874166137125,0.6265713683168607,376,1128,29
212,OR5 entry-2.00% persist-5m slow-45m/-1.50%,93728671186.11456,591.1446282894123,0.8424205768514291,0.8091632724801782,0.43031400675100917,-260.0722166232414,0.694470077539492,376,1143,19
213,OR5 entry-2.00% persist-5m slow-60m/-0.75%,984232031.6998596,299.2825208859661,0.8684801430017663,0.8663116038303167,-2.175642608282713,-551.9343240266876,0.3515937480263053,376,1075,55
214,OR5 entry-2.00% persist-5m slow-60m/-1.00%,30453804319.09809,503.6358807356095,0.7769539317622759,0.7698677006646276,6.976978515666332,-347.58096417704417,0.5916657826329662,376,1102,41
215,OR5 entry-2.00% persist-5m slow-60m/-1.25%,89935327886.7246,587.7146934591319,0.7000195846451065,0.6367083998499586,14.670413227383271,-263.5021514535217,0.6904406285797121,376,1115,33
216,OR5 entry-2.00% persist-5m slow-60m/-1.50%,272962380006.1343,686.0906362827769,0.6970540102742631,0.684063206644483,14.966970664467617,-165.12620862987671,0.806011582575271,376,1140,22
217,OR5 entry-2.00% persist-10m slow-30m/-0.75%,2365901488.881869,343.7609198730911,0.797540741743509,0.7911085589070248,4.918297517543024,-507.45592503956254,0.4038464721740388,376,1089,46
218,OR5 entry-2.00% persist-10m slow-30m/-1.00%,84225766402.62498,582.3041799396528,0.8071872579989051,0.8064506193031394,3.95364589200341,-268.9126649730008,0.6840844179950469,376,1126,30
219,OR5 entry-2.00% persist-10m slow-30m/-1.25%,70028889686.57469,567.3044931720436,0.8837860978177294,0.8592590305152774,-3.7062380898790215,-283.91235174061,0.6664629542549252,376,1142,21
220,OR5 entry-2.00% persist-10m slow-30m/-1.50%,125743449838.62161,616.0385057653896,0.8803731471930764,0.8551257730417972,-3.3649430274137138,-235.17833914726407,0.7237151255255099,376,1159,10
221,OR5 entry-2.00% persist-10m slow-45m/-0.75%,1396030696.1290305,316.44734729318236,0.7695870029192655,0.762266722592801,7.71367139996737,-534.7694976194713,0.3717587935253492,376,1081,52
222,OR5 entry-2.00% persist-10m slow-45m/-1.00%,15250656682.024502,455.3999621771816,0.8706580025580162,0.87016385305672,-2.3934285639076958,-395.81688273547206,0.5349987666467194,376,1108,37
223,OR5 entry-2.00% persist-10m slow-45m/-1.25%,44111623595.21897,531.1787645218408,0.8154144533327568,0.8147092465349955,3.1309263586182468,-320.03808039081287,0.6240228535143085,376,1129,28
224,OR5 entry-2.00% persist-10m slow-45m/-1.50%,81290022498.4107,579.3953933628469,0.8629967971005389,0.8340821258343054,-1.6273080181599675,-271.82145154980674,0.6806672081569306,376,1144,18
225,OR5 entry-2.00% persist-10m slow-60m/-0.75%,1020274120.1421996,301.0155560950989,0.8118117593566234,0.8087088547401226,3.49119575623158,-550.2012888175548,0.35362969834788355,376,1076,54
226,OR5 entry-2.00% persist-10m slow-60m/-1.00%,25534555188.998768,490.96416152691125,0.7769539317110987,0.7698677006118245,6.97697852078405,-360.2526833857424,0.5767791890646746,376,1103,40
227,OR5 entry-2.00% persist-10m slow-60m/-1.25%,84357375730.0603,582.4324804543497,0.7000106870709918,0.6366976244333908,14.671302984794742,-268.7843644583039,0.6842351440003694,376,1116,32
228,OR5 entry-2.00% persist-10m slow-60m/-1.50%,210818464751.09644,662.0122362294252,0.6970540939176326,0.6576204786615352,14.96696230013066,-189.20460868322846,0.777724548316894,376,1141,21
229,OR5 entry-2.00% persist-15m slow-30m/-0.75%,2387355675.1725383,344.24358479734616,0.797313257065235,0.7908738469818679,4.941045985370418,-506.9732601153075,0.4044135015122618,376,1092,45
230,OR5 entry-2.00% persist-15m slow-30m/-1.00%,89856517552.59929,587.6420936449681,0.8092093934868018,0.8084804803346543,3.7514323432137453,-263.57475126768554,0.6903553391324958,376,1126,30
231,OR5 entry-2.00% persist-15m slow-30m/-1.25%,90083827743.43146,587.8513391002076,0.8831455662536735,0.8584833140853325,-3.6421849334734246,-263.36550581244603,0.6906011583458843,376,1143,20
232,OR5 entry-2.00% persist-15m slow-30m/-1.50%,130662577380.00436,619.3550844234064,0.8797186504142618,0.8543331440237085,-3.2994933495322565,-231.86176048924722,0.7276114049258043,376,1159,10
233,OR5 entry-2.00% persist-15m slow-45m/-0.75%,1285387094.733111,312.32686491925347,0.7732778370587168,0.7660748154844996,7.344587986022244,-538.8899799934002,0.3669180970582207,376,1081,52
234,OR5 entry-2.00% persist-15m slow-45m/-1.00%,16394169862.217321,460.2568986286612,0.866535002015501,0.8660251006416327,-1.9811285096561826,-390.95994628399245,0.5407046411022208,376,1108,37
235,OR5 entry-2.00% persist-15m slow-45m/-1.25%,52267016192.00785,544.2055347682985,0.8117338857439809,0.8110146173832746,3.4989831174958352,-307.0113101443551,0.6393265570586087,376,1129,28
236,OR5 entry-2.00% persist-15m slow-45m/-1.50%,108558224460.8819,603.4783047555377,0.838709712453684,0.804669226215852,0.8014004465255242,-247.73854015711595,0.7089595422861524,376,1144,18
237,OR5 entry-2.00% persist-15m slow-60m/-0.75%,1088323583.0362203,304.1457370376823,0.815728051753676,0.8126897201504348,3.0995665165263198,-547.0711078749714,0.3573069998031956,376,1076,54
238,OR5 entry-2.00% persist-15m slow-60m/-1.00%,27967157770.17804,497.47568794997744,0.7769539313239,0.7698677002123244,6.976978559503921,-353.7411569626762,0.5844288572567254,376,1103,40
239,OR5 entry-2.00% persist-15m slow-60m/-1.25%,95516096107.1723,592.7186719571525,0.7000222207138289,0.6367115922637805,14.67014962051103,-258.4981729555011,0.696319246381894,376,1116,32
240,OR5 entry-2.00% persist-15m slow-60m/-1.50%,232657057335.38904,671.1110615553582,0.6970528147076285,0.65762055828354,14.967090221131073,-180.10578335729542,0.7884137462343374,376,1141,21
241,OR5 entry-2.50% persist-1m slow-30m/-0.75%,101315182739.13654,597.652990714295,0.8650522744636655,0.8470843257941656,-1.8328557544726287,-253.56385419835863,0.7021160287019723,376,1127,29
242,OR5 entry-2.50% persist-1m slow-30m/-1.00%,147406743657.79175,629.8764780510629,0.8209305157247352,0.8202463829751101,2.579320119420403,-221.34036686159072,0.7399718201249844,376,1142,21
243,OR5 entry-2.50% persist-1m slow-30m/-1.25%,88555007442.8734,586.434974181093,0.8468542213244212,0.8182947069135638,-0.013050440548201259,-264.7818707315606,0.6889372287284437,376,1152,16
244,OR5 entry-2.50% persist-1m slow-30m/-1.50%,80216877068.95685,578.3090028826126,0.8452365856781452,0.8163809579986222,0.14871312407940263,-272.907842030041,0.6793909288084576,376,1162,9
245,OR5 entry-2.50% persist-1m slow-45m/-0.75%,112305663252.131,606.3591962306257,0.8426430028549259,0.8256421636688779,0.40807140640133355,-244.85764868202796,0.7123439812717126,376,1123,31
246,OR5 entry-2.50% persist-1m slow-45m/-1.00%,68875031199.2726,565.9707425667572,0.9047020615986957,0.8905724061247661,-5.797834467975649,-285.2461023458965,0.6648960790065584,376,1127,29
247,OR5 entry-2.50% persist-1m slow-45m/-1.25%,96219198135.47212,593.3307458389284,0.8688847967285356,0.8412127940281178,-2.2161079809596362,-257.8860990737253,0.6970383039116338,376,1136,24
248,OR5 entry-2.50% persist-1m slow-45m/-1.50%,116699333441.59401,609.6311128501029,0.8550063239052422,0.8244052547971042,-0.8282606986303009,-241.58573206255073,0.7161877922101734,376,1149,16
249,OR5 entry-2.50% persist-1m slow-60m/-0.75%,43660829668.868774,530.3984955044797,0.8023614055347703,0.7810093985609933,4.436231138416891,-320.81834940817396,0.6231062022261856,376,1114,35
250,OR5 entry-2.50% persist-1m slow-60m/-1.00%,50169943929.10165,541.0366356746786,0.8257778820786272,0.8069571223489944,2.0945834840311983,-310.1802092379751,0.6356037699538197,376,1119,32
251,OR5 entry-2.50% persist-1m slow-60m/-1.25%,136778415787.9563,623.3286530038995,0.81044289623388,0.8097186956637196,3.6280820685059223,-227.88819190875415,0.7322795087165614,376,1129,27
252,OR5 entry-2.50% persist-1m slow-60m/-1.50%,187734636184.71295,651.444599022587,0.8372966797819369,0.8366750737596467,0.9427037137002325,-199.77224589006664,0.7653098066796763,376,1148,18
253,OR5 entry-2.50% persist-3m slow-30m/-0.75%,98963256271.83618,595.682511544489,0.8650590065183674,0.8470892088734656,-1.8335289599428206,-255.53433336816465,0.6998011318791677,376,1127,29
254,OR5 entry-2.50% persist-3m slow-30m/-1.00%,145774245874.08456,628.8983034263575,0.8209305157247352,0.8202463829751101,2.579320119420403,-222.3185414862961,0.7388226715495638,376,1142,21
255,OR5 entry-2.50% persist-3m slow-30m/-1.25%,87574268450.01134,585.5150087187623,0.8468542213244212,0.8182947069135638,-0.013050440548201259,-265.7018361938914,0.6878564636239595,376,1152,16
256,OR5 entry-2.50% persist-3m slow-30m/-1.50%,79328529797.44359,577.3999769126576,0.8452365856781452,0.8163809579986222,0.14871312407940263,-273.816867999996,0.6783230152968914,376,1162,9
257,OR5 entry-2.50% persist-3m slow-45m/-0.75%,111057968162.7805,605.4095301184879,0.8426430028549259,0.8256421636688779,0.40807140640133355,-245.8073147941658,0.7112283241770327,376,1123,31
258,OR5 entry-2.50% persist-3m slow-45m/-1.00%,68109845536.11157,565.0753805112465,0.9047020615986957,0.8905724061247661,-5.797834467975649,-286.1414644014071,0.6638442177083924,376,1127,29
259,OR5 entry-2.50% persist-3m slow-45m/-1.25%,95150144500.55942,592.3985290895062,0.8688847967285356,0.8412127940281178,-2.2161079809596362,-258.8183158231475,0.6959431461325161,376,1136,24
260,OR5 entry-2.50% persist-3m slow-45m/-1.50%,115407042933.814,608.6801665561965,0.8550063239052422,0.8244052547971042,-0.8282606986303009,-242.53667835645717,0.7150706311723134,376,1149,16
261,OR5 entry-2.50% persist-3m slow-60m/-0.75%,42178732205.05305,527.782230310977,0.8023584229855976,0.7809997534760075,4.436529393334165,-323.4346146016767,0.6200326432275134,376,1114,35
262,OR5 entry-2.50% persist-3m slow-60m/-1.00%,49612542103.34954,540.1747567944901,0.8257778820786272,0.8069571223489944,2.0945834840311983,-311.0420881181635,0.6345912443143902,376,1119,32
263,OR5 entry-2.50% persist-3m slow-60m/-1.25%,111331916943.26602,605.6188436149695,0.8443224245244334,0.843727660273025,0.24012923945058162,-245.59800129768416,0.7114742233245093,376,1129,27
264,OR5 entry-2.50% persist-3m slow-60m/-1.50%,185655549907.70486,650.4375356160256,0.8372966797819369,0.8366750737596467,0.9427037137002325,-200.77930929662807,0.764126719887421,376,1148,18
265,OR5 entry-2.50% persist-5m slow-30m/-0.75%,95582238794.19986,592.7764199465297,0.8650614546578698,0.8470918249115916,-1.8337737738930548,-258.44042496612394,0.6963870880719666,376,1127,29
266,OR5 entry-2.50% persist-5m slow-30m/-1.00%,141926299407.1532,626.5539733615709,0.8209305157247352,0.8202463829751101,2.579320119420403,-224.66287155108273,0.7360685788893943,376,1142,21
267,OR5 entry-2.50% persist-5m slow-30m/-1.25%,85262614097.7867,583.3102202711881,0.8468542213244212,0.8182947069135638,-0.013050440548201259,-267.90662464146556,0.6852663028902389,376,1152,16
268,OR5 entry-2.50% persist-5m slow-30m/-1.50%,77234471727.70227,575.2212227785343,0.8452365856781452,0.8163809579986222,0.14871312407940263,-275.99562213411934,0.6757634393825462,376,1162,9
269,OR5 entry-2.50% persist-5m slow-45m/-0.75%,104608402493.01778,600.3455467971435,0.8426404148585794,0.8256416450695582,0.40833020603597836,-250.87129811551017,0.7052792133815762,376,1123,31
270,OR5 entry-2.50% persist-5m slow-45m/-1.00%,66306139529.88934,562.9292948370456,0.9047020615986957,0.8905724061247661,-5.797834467975649,-288.287550075608,0.6613230203342719,376,1127,29
271,OR5 entry-2.50% persist-5m slow-45m/-1.25%,92630430689.34976,590.1643495976581,0.8688847967285356,0.8412127940281178,-2.2161079809596362,-261.05249531499555,0.693318457129707,376,1136,24
272,OR5 entry-2.50% persist-5m slow-45m/-1.50%,112360576378.04684,606.4007790248645,0.8550063239052422,0.8244052547971042,-0.8282606986303009,-244.81606588778914,0.7123928322718865,376,1149,16
273,OR5 entry-2.50% persist-5m slow-60m/-0.75%,49797087551.208435,540.4610479562,0.808898137069141,0.7882546204123133,3.7825579849798174,-310.75579695645365,0.6349275759594003,376,1117,34
274,OR5 entry-2.50% persist-5m slow-60m/-1.00%,46992833105.74792,536.0062940484062,0.8257790558191365,0.8069596606133689,2.0944661099802753,-315.21055086424747,0.6296941810443233,376,1119,32
275,OR5 entry-2.50% persist-5m slow-60m/-1.25%,107254580475.01157,602.4555798594358,0.8443307767110769,0.8437360443690942,0.2392940207862293,-248.7612650532178,0.7077580565516839,376,1129,27
276,OR5 entry-2.50% persist-5m slow-60m/-1.50%,180754908126.28445,648.0239476466218,0.8372966797819369,0.8366750737596467,0.9427037137002325,-203.19289726603188,0.7612912638178791,376,1148,18
277,OR5 entry-2.50% persist-10m slow-30m/-0.75%,76480329329.18391,574.4238386216166,0.8650559652787535,0.8470892622417441,-1.8332248359814285,-276.79300629103705,0.674826681420479,376,1128,28
278,OR5 entry-2.50% persist-10m slow-30m/-1.00%,151018217703.94028,632.0070192592551,0.8207954522203345,0.8201108034622615,2.5928264698604764,-219.20982565339852,0.7424747560348239,376,1143,20
279,OR5 entry-2.50% persist-10m slow-30m/-1.25%,89322654588.22238,587.1488209044571,0.8491717751064283,0.821044180448236,-0.2448058187489055,-264.0680240081965,0.6897758478507395,376,1153,15
280,OR5 entry-2.50% persist-10m slow-30m/-1.50%,82180766105.95816,580.2875916465342,0.8452395962248893,0.8163798127031947,0.14841206940499063,-270.9292532661194,0.6817153526914514,376,1163,8
281,OR5 entry-2.50% persist-10m slow-45m/-0.75%,102079234042.28128,598.2844689637999,0.8426426451590454,0.8256434588305858,0.4081071759893806,-252.93237594885375,0.7028578822652317,376,1124,30
282,OR5 entry-2.50% persist-10m slow-45m/-1.00%,63999445772.949715,560.1086341572313,0.9102324607109038,0.8969225597312072,-6.350874379196458,-291.1082107554223,0.658009339811298,376,1128,28
283,OR5 entry-2.50% persist-10m slow-45m/-1.25%,99260649726.5528,595.9339329081635,0.8678664279754174,0.8399794974696561,-2.1142711056478136,-255.28291200449019,0.7000964988766338,376,1137,23
284,OR5 entry-2.50% persist-10m slow-45m/-1.50%,104167007985.14551,599.9890242872066,0.8739449807218942,0.8473409352196887,-2.7221263802954976,-251.22782062544707,0.7048603747365615,376,1150,15
285,OR5 entry-2.50% persist-10m slow-60m/-0.75%,69095843532.40297,566.2274935152544,0.8100472604221871,0.7895200021678715,3.667645649675211,-284.9893513973992,0.6651977071404843,376,1119,32
286,OR5 entry-2.50% persist-10m slow-60m/-1.00%,48108329585.53928,537.8056382466626,0.8257727417522451,0.8069532074496204,2.0950975166694086,-313.411206665991,0.6318080304224345,376,1120,31
287,OR5 entry-2.50% persist-10m slow-60m/-1.25%,111098141935.51952,605.4402537158348,0.8443315106558024,0.8437367811178464,0.23922062631368535,-245.7765911968188,0.7112644179145223,376,1130,26
288,OR5 entry-2.50% persist-10m slow-60m/-1.50%,153641444140.9292,633.5266362002225,0.8372936020190478,0.8366719842382025,0.9430114899891429,-217.69020871243117,0.7442599849692012,376,1149,17
289,OR5 entry-2.50% persist-15m slow-30m/-0.75%,67683081238.69203,564.5721629327202,0.8666539704286317,0.8488959999244834,-1.9930253509692464,-286.64468197993347,0.6632530433425021,376,1128,28
290,OR5 entry-2.50% persist-15m slow-30m/-1.00%,133003922172.93753,620.8952470558493,0.8226719928240952,0.8219945133661866,2.405172409484402,-230.32159785680437,0.7294207707080345,376,1143,20
291,OR5 entry-2.50% persist-15m slow-30m/-1.25%,85637202258.5809,583.671033642282,0.8483401532223965,0.8200677099372093,-0.16164363034573137,-267.5458112703716,0.6856901823908038,376,1153,15
292,OR5 entry-2.50% persist-15m slow-30m/-1.50%,81069957094.44702,579.1736443535957,0.8443810667489853,0.8153640801139674,0.23426501699539415,-272.04320055905794,0.6804066999085606,376,1163,8
293,OR5 entry-2.50% persist-15m slow-45m/-0.75%,90908597656.00092,588.6066839491893,0.8426320519356788,0.8256302687025875,0.40916649832604124,-262.6101609634643,0.6914885290006078,376,1124,30
294,OR5 entry-2.50% persist-15m slow-45m/-1.00%,61756121281.37889,557.2783464923536,0.905622588861049,0.8916280845469174,-5.889887194210974,-293.9384984203,0.6546843496142725,376,1128,28
295,OR5 entry-2.50% persist-15m slow-45m/-1.25%,100125355212.48529,596.6612236085628,0.8652376934784911,0.8367959657693343,-1.8513976559551892,-254.5556213040909,0.700950911832329,376,1137,23
296,OR5 entry-2.50% persist-15m slow-45m/-1.50%,119923583617.79941,611.9639329500066,0.8515999693987043,0.8202799855594627,-0.48762524797650864,-239.2529119626471,0.7189283630927232,376,1150,15
297,OR5 entry-2.50% persist-15m slow-60m/-0.75%,58023763607.24678,552.3625138567744,0.8120758754107134,0.7917670137511755,3.4647841508225863,-298.85433105587924,0.6489092845824195,376,1119,32
298,OR5 entry-2.50% persist-15m slow-60m/-1.00%,45719174021.79971,533.9053012780709,0.8257870802235899,0.8069658963268134,2.0936636695349287,-317.3115436345828,0.6272259583077879,376,1120,31
299,OR5 entry-2.50% persist-15m slow-60m/-1.25%,113928148813.76514,607.5803445975412,0.8342279595639595,0.8335946295340357,1.2495757354979764,-243.63650031511247,0.713778572673673,376,1130,26
300,OR5 entry-2.50% persist-15m slow-60m/-1.50%,158764337207.81293,636.4296288579,0.828473435172131,0.8278181200529505,1.8250281746808206,-214.78721605475369,0.7476703881761247,376,1149,17
301,OR10 entry-0.50% persist-1m slow-30m/-0.75%,455647321.47500014,263.9173915296154,0.8343298934611969,0.8343298934611969,1.2393823457742315,-587.2994533830383,0.3100471908032986,376,908,125
302,OR10 entry-0.50% persist-1m slow-30m/-1.00%,10693985575.167244,432.16079242000154,0.6706946278366883,0.6237520562455052,17.60290890822509,-419.0560524926521,0.5076976507253531,376,1024,74
303,OR10 entry-0.50% persist-1m slow-30m/-1.25%,137490460179.70428,623.7810710241723,0.6649297956324585,0.6242141326611633,18.179392128648075,-227.43577388848132,0.732811004331312,376,1105,39
304,OR10 entry-0.50% persist-1m slow-30m/-1.50%,397168245535.02734,722.405509222272,0.801891488375793,0.801891488375793,4.483222854314617,-128.8113356903816,0.8486738879050268,376,1149,17
305,OR10 entry-0.50% persist-1m slow-45m/-0.75%,32747449.781400003,165.03654881099635,0.7715758030870853,0.7515142210702516,7.514791383185393,-686.1802961016573,0.19388308607535995,376,835,153
306,OR10 entry-0.50% persist-1m slow-45m/-1.00%,2072776786.0170608,336.74857808620465,0.618484471678773,0.6143635776657889,22.823924524016626,-514.468266826449,0.39560845171098513,376,968,98
307,OR10 entry-0.50% persist-1m slow-45m/-1.25%,9658482721.20959,425.67401920422867,0.7176655837899903,0.7176655837899903,12.905813312894887,-425.54282570842497,0.5000770623235359,376,1052,62
308,OR10 entry-0.50% persist-1m slow-45m/-1.50%,341571924014.8317,707.6055058181112,0.7101062770072282,0.7101062770072282,13.661743991171104,-143.61133909454247,0.8312870099401299,376,1119,33
309,OR10 entry-0.50% persist-1m slow-60m/-0.75%,49383702.391179994,178.4773314343342,0.7864138189958044,0.767655400466652,6.030989792313479,-672.7395134783194,0.20967316671540773,376,822,161
310,OR10 entry-0.50% persist-1m slow-60m/-1.00%,652657820.2071605,280.01043382242676,0.650476246923831,0.650476246923831,19.624746999510823,-571.2064110902269,0.32895311634858404,376,951,107
311,OR10 entry-0.50% persist-1m slow-60m/-1.25%,19001826484.199257,470.3047582345753,0.6747347851603858,0.6693717139437013,17.198893175855346,-380.91208667807837,0.5525087538450145,376,1024,75
312,OR10 entry-0.50% persist-1m slow-60m/-1.50%,1308230303533.5198,849.3575391490768,0.6716659097371245,0.6716659097371245,17.505780718181473,-1.859305763576799,0.9978157084476311,376,1108,38
313,OR10 entry-0.50% persist-3m slow-30m/-0.75%,1694981122.5079393,326.292876223678,0.6849496930414529,0.6797550483147177,16.17740238774863,-524.9239686889757,0.3833252104605144,376,919,121
314,OR10 entry-0.50% persist-3m slow-30m/-1.00%,16416898589.223543,460.3503778689549,0.6602479629548947,0.6279835104181555,18.64757539640445,-390.8664670436987,0.540814459465018,376,1029,73
315,OR10 entry-0.50% persist-3m slow-30m/-1.25%,70879826607.85593,568.2757668779087,0.7803606260419103,0.7340055032366427,6.636309087702896,-282.9410780347449,0.6676039957083104,376,1108,38
316,OR10 entry-0.50% persist-3m slow-30m/-1.50%,384052314044.0665,719.0864776120479,0.8018848193396743,0.8018848193396743,4.483889757926496,-132.1303673006057,0.8447747268039978,376,1149,17
317,OR10 entry-0.50% persist-3m slow-45m/-0.75%,38845380.84803997,170.54313259105007,0.7715768992063184,0.7515154134572453,7.514681771262078,-680.6737123216036,0.2003521589243809,376,841,152
318,OR10 entry-0.50% persist-3m slow-45m/-1.00%,2143180390.48006,338.50885595656956,0.6186290756481511,0.6186290756481511,22.809464127078815,-512.7079889560841,0.3976764064053563,376,970,97
319,OR10 entry-0.50% persist-3m slow-45m/-1.25%,8063214189.35712,414.36963044713747,0.7176655837899903,0.7176655837899903,12.905813312894887,-436.8472144655162,0.4867967932303518,376,1052,62
320,OR10 entry-0.50% persist-3m slow-45m/-1.50%,330013637070.4049,704.2645453363267,0.7169315088295622,0.7169315088295622,12.979220808937697,-146.95229957632694,0.8273620870468016,376,1119,33
321,OR10 entry-0.50% persist-3m slow-60m/-0.75%,62422580.46706998,186.4466779083385,0.7508168899920598,0.7289321358101732,9.590682692687945,-664.7701670043151,0.21903546554869982,376,823,159
322,OR10 entry-0.50% persist-3m slow-60m/-1.00%,627823640.9004202,278.2393081102034,0.6528851867862928,0.6528851867862928,19.38385301326464,-572.9775368024502,0.32687241773129444,376,951,107
323,OR10 entry-0.50% persist-3m slow-60m/-1.25%,18267661438.249043,467.60508978050524,0.6768094548749095,0.6714805914398212,16.99142620440297,-383.6117551321484,0.5493372136314899,376,1024,75
324,OR10 entry-0.50% persist-3m slow-60m/-1.50%,1269915296656.7964,845.9653261811566,0.6753587127630186,0.6753587127630186,17.13650041559206,-5.251518731497072,0.9938305747085681,376,1108,38
325,OR10 entry-0.50% persist-5m slow-30m/-0.75%,2746963919.01802,351.813494282756,0.7251024590718738,0.7205698652929295,12.162125784706546,-499.40335062989766,0.41330654625244967,376,929,118
326,OR10 entry-0.50% persist-5m slow-30m/-1.00%,14261324867.285318,450.9321341405385,0.6600436668996492,0.6379593822649521,18.668005001929,-400.28471077211515,0.5297500123917428,376,1029,73
327,OR10 entry-0.50% persist-5m slow-30m/-1.25%,69795430918.8799,567.0362049982773,0.7803662788258365,0.7340123490466115,6.635743809310268,-284.18063991437634,0.666147772318184,376,1108,38
328,OR10 entry-0.50% persist-5m slow-30m/-1.50%,378312911098.18085,717.6026452160933,0.8018856768661125,0.8018856768661125,4.483804005282677,-133.61419969656038,0.8430315371516514,376,1149,17
329,OR10 entry-0.50% persist-5m slow-45m/-0.75%,40851366.55688998,172.188525911782,0.7716098606236583,0.7515512697438078,7.511385629528089,-679.0283190008716,0.20228514853867918,376,842,152
330,OR10 entry-0.50% persist-5m slow-45m/-1.00%,1844559497.5335703,330.6564159785828,0.62885363296459,0.62885363296459,21.787008395434924,-520.5604289340708,0.3884514480120663,376,970,97
331,OR10 entry-0.50% persist-5m slow-45m/-1.25%,7942027808.677657,413.4324651978402,0.7176655837899903,0.7176655837899903,12.905813312894887,-437.78437971481344,0.48569582200909567,376,1052,62
332,OR10 entry-0.50% persist-5m slow-45m/-1.50%,325201989900.5653,702.8432996159186,0.7134400388738789,0.7134400388738789,13.328367804506037,-148.37354529673507,0.8256924235187566,376,1119,33
333,OR10 entry-0.50% persist-5m slow-60m/-0.75%,53596683.52856997,181.23630004112954,0.7507871300992242,0.7288997622251849,9.593658681971506,-669.9805448715241,0.21291437208309338,376,823,159
334,OR10 entry-0.50% persist-5m slow-60m/-1.00%,514233259.02921015,269.25701609372595,0.6771284878824282,0.6718048847600379,16.959522903651102,-581.9598288189277,0.31632012183846686,376,952,107
335,OR10 entry-0.50% persist-5m slow-60m/-1.25%,14402975811.352661,451.58824187767,0.6829542685564343,0.6687081364160197,16.376944836250495,-399.62860303498366,0.5305208004007593,376,1027,74
336,OR10 entry-0.50% persist-5m slow-60m/-1.50%,792989256114.4656,793.8156605127789,0.6840632611044277,0.6840632611044277,16.26604558145115,-57.40118439987475,0.9325657325240493,376,1109,38
337,OR10 entry-0.50% persist-10m slow-30m/-0.75%,1514180062.50458,320.5415457307813,0.7376405937248149,0.7333147325013372,10.908312319412428,-530.6752991818723,0.37656861191894436,376,930,117
338,OR10 entry-0.50% persist-10m slow-30m/-1.00%,13305557324.279974,446.3490159500319,0.6262523736825235,0.6076580631827286,22.047134323641572,-404.86782896262173,0.5243658165573937,376,1031,71
339,OR10 entry-0.50% persist-10m slow-30m/-1.25%,82887529145.95996,580.9894770910124,0.7165627687825811,0.6567430405439844,13.016094813635814,-270.2273678216412,0.6825399198375002,376,1110,36
340,OR10 entry-0.50% persist-10m slow-30m/-1.50%,376764130754.6854,717.1988407532133,0.8018942945712904,0.8018942945712904,4.482942234764886,-134.01800415944035,0.8425571521987533,376,1150,16
341,OR10 entry-0.50% persist-10m slow-45m/-0.75%,35712232.42730002,167.81716270701966,0.8028661736638871,0.7855526995276862,4.385754325505209,-683.399682205634,0.19714972008600226,376,846,150
342,OR10 entry-0.50% persist-10m slow-45m/-1.00%,1382924602.21696,315.9745822803295,0.6205533835674075,0.6205533835674075,22.61703333515317,-535.2422626323241,0.37120339449197903,376,976,95
343,OR10 entry-0.50% persist-10m slow-45m/-1.25%,12471367238.983154,442.10574548376115,0.7471697764045622,0.743001035226563,9.955394051437704,-409.1110994288925,0.5193808700168842,376,1061,59
344,OR10 entry-0.50% persist-10m slow-45m/-1.50%,288958499184.55963,691.500127197395,0.7403868729334235,0.7403868729334235,10.63368439855157,-159.7167177152586,0.8123665918152175,376,1121,32
345,OR10 entry-0.50% persist-10m slow-60m/-0.75%,73335904.74132,192.05882445159722,0.7552390023785742,0.7337426246100829,9.1484714540365,-659.1580204610564,0.22562855234767476,376,832,157
346,OR10 entry-0.50% persist-10m slow-60m/-1.00%,466009246.8031899,264.9041650958305,0.6771246353051446,0.671800968660295,16.959908161379467,-586.3126798168232,0.3112064413187373,376,953,106
347,OR10 entry-0.50% persist-10m slow-60m/-1.25%,11982056714.009916,439.49912637005406,0.7295305967716884,0.7295305967716884,11.71931201472508,-411.7177185425996,0.5163186431245409,376,1029,72
348,OR10 entry-0.50% persist-10m slow-60m/-1.50%,655254308566.8232,773.5144196824734,0.7083874528543788,0.7083874528543788,13.833626406456045,-77.70242523018021,0.9087160625467257,376,1110,36
349,OR10 entry-0.50% persist-15m slow-30m/-0.75%,1521300011.9875798,320.77918533991783,0.7136872046396787,0.7089663926938867,13.30365122792605,-530.4376595727358,0.3768477882657904,376,940,113
350,OR10 entry-0.50% persist-15m slow-30m/-1.00%,9099926316.01631,421.91654437258484,0.6427239535303975,0.6374445312714503,20.399976338854174,-429.3003005400688,0.49566282304467224,376,1032,70
351,OR10 entry-0.50% persist-15m slow-30m/-1.25%,63583718999.438995,559.5907911759562,0.7195299167349936,0.6667466743648378,12.719380018394567,-291.6260537366975,0.657400983686334,376,1111,35
352,OR10 entry-0.50% persist-15m slow-30m/-1.50%,231299976011.21783,670.5680235312043,0.8018863177733127,0.8018863177733127,4.483739914562657,-180.64882138144935,0.7877757912556508,376,1150,16
353,OR10 entry-0.50% persist-15m slow-45m/-0.75%,31966246.26749004,164.26706309867293,0.8193979788286625,0.8035364269042136,2.732573809027672,-686.9497818139807,0.19297910289302247,376,854,147
354,OR10 entry-0.50% persist-15m slow-45m/-1.00%,1692363798.8060713,326.2135525731585,0.6237835396468634,0.6237835396468634,22.29401772720758,-525.0032923394951,0.383232021925779,376,978,94
355,OR10 entry-0.50% persist-15m slow-45m/-1.25%,20514322521.209854,475.588967865532,0.7213058174735991,0.7213058174735991,12.54178994453401,-375.6278770471216,0.5587165840383879,376,1062,58
356,OR10 entry-0.50% persist-15m slow-45m/-1.50%,263932269394.96533,682.9124811560224,0.7212899607373242,0.7212899607373242,12.543375618161502,-168.30436375663123,0.8022779215865946,376,1126,30
357,OR10 entry-0.50% persist-15m slow-60m/-0.75%,105585955.78422002,205.16303048732252,0.7623359684146611,0.7414628887386128,8.43877485042781,-646.0538144253311,0.2410232265884905,376,834,154
358,OR10 entry-0.50% persist-15m slow-60m/-1.00%,455489658.90932,263.9022253705994,0.7024723133908579,0.7024723133908579,14.42514035280813,-587.3146195420543,0.3100293737698287,376,953,106
359,OR10 entry-0.50% persist-15m slow-60m/-1.25%,12324900413.180372,441.33507264452925,0.7336053995690986,0.7336053995690986,11.311831734984057,-409.8817722681244,0.5184754922111724,376,1029,72
360,OR10 entry-0.50% persist-15m slow-60m/-1.50%,697963055309.5254,780.1817614661473,0.6868965243813232,0.6868965243813232,15.982719253761601,-71.03508344650629,0.9165487808763988,376,1110,36
361,OR10 entry-1.00% persist-1m slow-30m/-0.75%,684361921.3356595,282.18730358029313,0.7649450993505827,0.7610694430722588,8.177861756835647,-569.0295413323605,0.33151047851884247,376,991,88
362,OR10 entry-1.00% persist-1m slow-30m/-1.00%,48639201554.99993,538.6491022401295,0.6331445717240767,0.6214894801785074,21.357914519486254,-312.5677426725241,0.6327989224595317,376,1060,56
363,OR10 entry-1.00% persist-1m slow-30m/-1.25%,292290123407.17834,692.5935460280219,0.6649297956324585,0.614089764523442,18.179392128648075,-158.6232988846317,0.8136511279908839,376,1116,33
364,OR10 entry-1.00% persist-1m slow-30m/-1.50%,395884266250.88727,722.0848861913684,0.8018986944833092,0.8018986944833092,4.482502243563003,-129.1319587212853,0.848297223565241,376,1152,15
365,OR10 entry-1.00% persist-1m slow-45m/-0.75%,140579595.89219004,215.865617179295,0.7909179363381291,0.7842753452663056,5.580578058081009,-635.3512277333587,0.25359650536690886,376,949,111
366,OR10 entry-1.00% persist-1m slow-45m/-1.00%,2167131740.4322567,339.0961176656666,0.7976328102300383,0.7912035524331099,4.909090668890093,-512.120727246987,0.39836631487298924,376,1008,78
367,OR10 entry-1.00% persist-1m slow-45m/-1.25%,34623500985.797874,513.0361889886511,0.719236863235923,0.719236863235923,12.748685368301626,-338.1806559240025,0.6027091593109809,376,1069,53
368,OR10 entry-1.00% persist-1m slow-45m/-1.50%,353714425475.3311,711.0098900792643,0.7100722338412335,0.7100722338412335,13.665148307770568,-140.20695483338932,0.835286442377939,376,1128,28
369,OR10 entry-1.00% persist-1m slow-60m/-0.75%,36821974.65767001,168.80591822392915,0.8393987047656111,0.8367506620468146,0.7325012153328148,-682.4109266887244,0.19831129897488214,376,938,118
370,OR10 entry-1.00% persist-1m slow-60m/-1.00%,1339882477.624529,314.3937340335821,0.7535136843960393,0.7456827505957808,9.321003252289994,-536.8231108790715,0.3693462317064968,376,1006,82
371,OR10 entry-1.00% persist-1m slow-60m/-1.25%,18350280600.20142,467.91361367075257,0.8012808678527489,0.7714143287959486,4.544284906619033,-383.3032312419011,0.5496996640365673,376,1044,63
372,OR10 entry-1.00% persist-1m slow-60m/-1.50%,413599347185.89343,726.4300207142732,0.6716658770566177,0.6716658770566177,17.50578398623215,-124.78682419838049,0.8534018388567189,376,1115,32
373,OR10 entry-1.00% persist-3m slow-30m/-0.75%,599756565.041039,276.16185531550286,0.7801010634189776,0.776475303259107,6.662265349996166,-575.0549895971508,0.32443184949405085,376,992,88
374,OR10 entry-1.00% persist-3m slow-30m/-1.00%,44746685171.31776,532.2661620087084,0.633144571924718,0.6214894803855231,21.357914499422126,-318.9506829039452,0.6253003158828772,376,1062,56
375,OR10 entry-1.00% persist-3m slow-30m/-1.25%,162513648070.9231,638.5024836141056,0.7327815500139779,0.6763848127545697,11.394216690496128,-212.71436129854806,0.7501055546893278,376,1119,32
376,OR10 entry-1.00% persist-3m slow-30m/-1.50%,382709000752.1655,718.7409421524746,0.8019012010496994,0.8019012010496994,4.482251586923979,-132.475902760179,0.8443687956224917,376,1152,15
377,OR10 entry-1.00% persist-3m slow-45m/-0.75%,132404052.5470599,213.59479382834115,0.7909179298441854,0.7842753385660477,5.5805787074753805,-637.6220510843125,0.25092876756951266,376,949,111
378,OR10 entry-1.00% persist-3m slow-45m/-1.00%,2234815412.0673375,340.7253172249028,0.7976328113700233,0.7912035536093126,4.909090554891593,-510.4915276877508,0.4002802802379526,376,1010,77
379,OR10 entry-1.00% persist-3m slow-45m/-1.25%,28929606866.9742,499.9150364064967,0.719236863235923,0.719236863235923,12.748685368301626,-351.30180850615693,0.5872945764575356,376,1069,53
380,OR10 entry-1.00% persist-3m slow-45m/-1.50%,341895559322.70483,707.6976141740728,0.7168363900476662,0.7168363900476662,12.988732687127303,-143.51923073858086,0.8313952178033931,376,1128,28
381,OR10 entry-1.00% persist-3m slow-60m/-0.75%,39358402.30552001,170.97092253203235,0.8407425712654261,0.8381166866238399,0.5981145653513154,-680.2459223806213,0.20085472174787175,376,939,117
382,OR10 entry-1.00% persist-3m slow-60m/-1.00%,1288481987.3283691,312.4462914401886,0.7535136850593196,0.7456827512801338,9.321003185961963,-538.770553472465,0.36705839799522505,376,1006,82
383,OR10 entry-1.00% persist-3m slow-60m/-1.25%,17670884160.580093,465.33936751717755,0.8012808678527489,0.7714143287959486,4.544284906619033,-385.8774773954761,0.5466754685346102,376,1044,63
384,OR10 entry-1.00% persist-3m slow-60m/-1.50%,399701008088.4883,723.0353025285391,0.6753586865226953,0.6753586865226953,17.136503039624394,-128.18154238411455,0.849413762015873,376,1115,32
385,OR10 entry-1.00% persist-5m slow-30m/-0.75%,756982981.9181502,286.85729072250984,0.7599209876012807,0.7559624922492323,8.680272931765852,-564.3595541901439,0.3369967270231186,376,996,86
386,OR10 entry-1.00% persist-5m slow-30m/-1.00%,44393164203.52373,531.6625261582452,0.6331445717531612,0.621489480208516,21.357914516577804,-319.5543187544084,0.6245911712576612,376,1062,56
387,OR10 entry-1.00% persist-5m slow-30m/-1.25%,159970666693.02954,637.1012191131712,0.7327792132193249,0.6763819827769271,11.39445036996143,-214.11562579948247,0.7484593648737606,376,1119,32
388,OR10 entry-1.00% persist-5m slow-30m/-1.50%,376989351724.14734,717.2576519202272,0.8018961756966816,0.8018961756966816,4.482754122225763,-133.95919299242644,0.8426262428979863,376,1152,15
389,OR10 entry-1.00% persist-5m slow-45m/-0.75%,170363011.0245201,223.25999271589305,0.7920627597260689,0.7854565399884592,5.4660957192870345,-627.9568521967606,0.26228333479326593,376,953,109
390,OR10 entry-1.00% persist-5m slow-45m/-1.00%,1981886126.25412,334.396597843927,0.7976328095411209,0.7912035517223055,4.909090737781829,-516.8202470687266,0.3928453717081229,376,1010,77
391,OR10 entry-1.00% persist-5m slow-45m/-1.25%,28472648557.139465,498.76591161446004,0.719236863235923,0.719236863235923,12.748685368301626,-352.4509332981936,0.5859445975433442,376,1069,53
392,OR10 entry-1.00% persist-5m slow-45m/-1.50%,336797166889.3536,706.2375863271914,0.7133943834948893,0.7133943834948893,13.332933342404996,-144.97925858546228,0.829679993468246,376,1128,28
393,OR10 entry-1.00% persist-5m slow-60m/-0.75%,35483528.237639986,167.6100394732706,0.8511868283563955,0.8487331517838825,-0.44631114374562575,-683.606805439383,0.1969063940346125,376,940,117
394,OR10 entry-1.00% persist-5m slow-60m/-1.00%,1190223507.424439,308.52522260932363,0.753513687553508,0.7456827538535631,9.32100293654312,-542.69162230333,0.36245197032136095,376,1007,82
395,OR10 entry-1.00% persist-5m slow-60m/-1.25%,13507524952.346643,447.3410905499757,0.8012808678527489,0.7714143287959486,4.544284906619033,-403.8757543626779,0.525531294667787,376,1045,63
396,OR10 entry-1.00% persist-5m slow-60m/-1.50%,380295841253.05634,718.1175257589581,0.684063283064321,0.684063283064321,16.266043385461828,-133.09931915369555,0.8436364130372052,376,1116,32
397,OR10 entry-1.00% persist-10m slow-30m/-0.75%,581243960.9036604,274.74428351456754,0.805133078149392,0.798942105798115,4.159063876954727,-576.4725613980861,0.3227665020453866,376,999,85
398,OR10 entry-1.00% persist-10m slow-30m/-1.00%,37891986130.46304,519.7318604067295,0.6585267022204879,0.6214894800823305,18.81970146984513,-331.4849845059241,0.6105751589773356,376,1063,55
399,OR10 entry-1.00% persist-10m slow-30m/-1.25%,158994866233.54016,636.5583155603233,0.732777138574481,0.6763794702760887,11.39465783444582,-214.65852935233033,0.7478215678704558,376,1120,31
400,OR10 entry-1.00% persist-10m slow-30m/-1.50%,375530625202.07886,716.8761902254003,0.8018989923349424,0.8018989923349424,4.482472458399678,-134.3406546872534,0.8421781059783437,376,1153,14
401,OR10 entry-1.00% persist-10m slow-45m/-0.75%,215831542.34712,232.6014198654596,0.8079699361801955,0.8018690915400067,3.8753780738743693,-618.6154250471941,0.2732575386114776,376,957,107
402,OR10 entry-1.00% persist-10m slow-45m/-1.00%,1625825457.3972714,324.15981582676557,0.7976328088073849,0.7912035509652584,4.909090811155437,-527.0570290858881,0.3808193150360279,376,1012,76
403,OR10 entry-1.00% persist-10m slow-45m/-1.25%,36505739201.18644,516.9566384139969,0.7227364073434868,0.719236863235923,12.398730957545245,-334.26020649865677,0.6073148593141899,376,1075,51
404,OR10 entry-1.00% persist-10m slow-45m/-1.50%,303363594916.8572,696.1506795048351,0.7404021158020613,0.7404021158020613,10.632160111687794,-155.06616540781852,0.8178300084936284,376,1130,27
405,OR10 entry-1.00% persist-10m slow-60m/-0.75%,52728598.48617997,180.6838198000768,0.8168423503510908,0.8138223916400678,2.9881366567848455,-670.5330251125769,0.21226532449392188,376,948,115
406,OR10 entry-1.00% persist-10m slow-60m/-1.00%,1085928210.2598693,304.03851581437084,0.7535136886461862,0.7456827549809559,9.321002827275304,-547.1783290982828,0.357181037512914,376,1008,81
407,OR10 entry-1.00% persist-10m slow-60m/-1.25%,10855162857.24398,433.1203098045028,0.8012808678527489,0.7714143287959486,4.544284906619033,-418.0965351081508,0.5088248809842888,376,1046,62
408,OR10 entry-1.00% persist-10m slow-60m/-1.50%,245827065406.7474,676.2411249108277,0.7084907375279552,0.7084907375279552,13.8232979390984,-174.97572000182595,0.7944404871125632,376,1117,31
409,OR10 entry-1.00% persist-15m slow-30m/-0.75%,639880040.1598691,279.1066973729328,0.8071460479037902,0.8010190281206304,3.957766901514903,-572.1101475397209,0.32789141690631474,376,1002,83
410,OR10 entry-1.00% persist-15m slow-30m/-1.00%,27361572256.34988,495.90269432511957,0.6666528023795052,0.6372478769482575,18.007091453943403,-355.3141505875341,0.5825809219929217,376,1064,54
411,OR10 entry-1.00% persist-15m slow-30m/-1.25%,100018567040.70639,596.571705387307,0.7391328907990691,0.6930837334247606,10.759082611987015,-254.64513952534662,0.7008457468302608,376,1121,30
412,OR10 entry-1.00% persist-15m slow-30m/-1.50%,322841742090.3707,702.1393647839064,0.8018941222466911,0.8018941222466911,4.482959467224812,-149.0774801287472,0.8248654487752242,376,1153,14
413,OR10 entry-1.00% persist-15m slow-45m/-0.75%,129098300.36296998,212.64142137307184,0.8093888757839838,0.8033331112208638,3.7334841134955443,-638.5754235395818,0.2498087563045016,376,961,105
414,OR10 entry-1.00% persist-15m slow-45m/-1.00%,1755942642.9997902,328.11062935442186,0.7974118829337009,0.7909756062196045,4.931183398523831,-523.1062155582317,0.3854606864459907,376,1014,75
415,OR10 entry-1.00% persist-15m slow-45m/-1.25%,41878181578.14272,527.2418431698823,0.7200785182842008,0.719236863235923,12.664519863473844,-323.9750017427714,0.6193978024765058,376,1075,51
416,OR10 entry-1.00% persist-15m slow-45m/-1.50%,333612594282.4625,705.3157248858191,0.7212949061723428,0.7212949061723428,12.54288107465964,-145.90112002683452,0.8285970009888538,376,1132,26
417,OR10 entry-1.00% persist-15m slow-60m/-0.75%,96192198.39877005,201.75805613597592,0.7691896263268546,0.7653839550927848,7.75340905920846,-649.4587887766777,0.23702310091934214,376,952,112
418,OR10 entry-1.00% persist-15m slow-60m/-1.00%,2155349322.6019597,338.80794262296837,0.7535136846101789,0.7456827508167236,9.321003230876034,-512.4089022896853,0.39802777006572826,376,1011,80
419,OR10 entry-1.00% persist-15m slow-60m/-1.25%,11568411100.927015,437.22149800534345,0.8012808678527489,0.7714143287959486,4.544284906619033,-413.9953469073102,0.5136429108733255,376,1046,62
420,OR10 entry-1.00% persist-15m slow-60m/-1.50%,266286364813.65945,683.7501151434044,0.686937733925129,0.686937733925129,15.97859829938102,-167.46672976924924,0.8032619645979473,376,1117,31
421,OR10 entry-1.50% persist-1m slow-30m/-0.75%,3116710169.7790093,358.73679279306964,0.7725692027223999,0.7653436676526053,7.4154514196539285,-492.480052119584,0.42143995967312053,376,1063,58
422,OR10 entry-1.50% persist-1m slow-30m/-1.00%,194818501528.66782,654.803761186844,0.6524898000820993,0.6414493114293982,19.423391683683988,-196.41308372580966,0.7692561127053773,376,1104,37
423,OR10 entry-1.50% persist-1m slow-30m/-1.25%,223006889895.49847,667.1873082978278,0.7443993285425812,0.6904545357624929,10.232438837635804,-184.02953661482582,0.783804164926142,376,1136,23
424,OR10 entry-1.50% persist-1m slow-30m/-1.50%,168155941590.5151,641.5439655034332,0.8400953103783302,0.8200704442818743,0.6628406540609033,-209.6728794092204,0.7536786534919482,376,1153,13
425,OR10 entry-1.50% persist-1m slow-45m/-0.75%,895807414.8320493,294.7817726758445,0.8145083491840925,0.8141999809060049,3.221536773484668,-556.4350722368092,0.34630631952084207,376,1040,75
426,OR10 entry-1.50% persist-1m slow-45m/-1.00%,30624552844.682236,504.0424447444647,0.775046344613168,0.7678995089799442,7.167737230577121,-347.1744001681889,0.592143409469518,376,1089,47
427,OR10 entry-1.50% persist-1m slow-45m/-1.25%,82600962742.31157,580.7055252592714,0.6536289482058514,0.6536289482058514,19.309476871308785,-270.5113196533822,0.6822063364110935,376,1116,34
428,OR10 entry-1.50% persist-1m slow-45m/-1.50%,323102719671.487,702.2174225161406,0.7100722338412335,0.7100722338412335,13.665148307770568,-148.99942239651307,0.8249571501233597,376,1137,22
429,OR10 entry-1.50% persist-1m slow-60m/-0.75%,567827111.0186101,273.69187389468436,0.80091800138046,0.7945931149534273,4.580571553847923,-577.5249710179693,0.3215301430304388,376,1034,79
430,OR10 entry-1.50% persist-1m slow-60m/-1.00%,16773910706.67754,461.803965252164,0.8350833310259258,0.8298438859308475,1.1640385893013416,-389.41287966048964,0.5425221176156956,376,1076,54
431,OR10 entry-1.50% persist-1m slow-60m/-1.25%,50916749240.26067,542.1782713168387,0.6283505273756504,0.612717664063467,21.83731895432888,-309.0385735958149,0.6369449506987536,376,1091,44
432,OR10 entry-1.50% persist-1m slow-60m/-1.50%,305535675142.8962,696.8349865638334,0.6716658965842048,0.6716658965842048,17.505782033473437,-154.3818583488203,0.8186339247496189,376,1131,26
433,OR10 entry-1.50% persist-3m slow-30m/-0.75%,3396625144.5481405,363.5125437925022,0.7791111392849805,0.7720934432265385,6.761257763395867,-487.70430112015146,0.4270504583703386,376,1064,57
434,OR10 entry-1.50% persist-3m slow-30m/-1.00%,188309426527.9132,651.7212835659327,0.6524897999721972,0.6414493113160044,19.423391694674198,-199.49556134672093,0.7656348525772045,376,1104,37
435,OR10 entry-1.50% persist-3m slow-30m/-1.25%,215582115465.8451,664.0653994980016,0.7443938020327734,0.6904478428769292,10.232991488616584,-187.15144541465202,0.7801365814913399,376,1136,23
436,OR10 entry-1.50% persist-3m slow-30m/-1.50%,162560994828.39404,638.5283898104049,0.8400960222453608,0.8200737671502437,0.6627694673578377,-212.68845510224878,0.7501359889981107,376,1153,13
437,OR10 entry-1.50% persist-3m slow-45m/-0.75%,926093841.7597591,296.36566987329627,0.8145083464605455,0.8117083291398114,3.2215370458393733,-554.8511750393574,0.34816706417940707,376,1041,74
438,OR10 entry-1.50% persist-3m slow-45m/-1.00%,29601897918.363525,501.5769723411209,0.7750463446204597,0.7678995089874676,7.167737229847948,-349.63987257153275,0.5892470001490507,376,1089,47
439,OR10 entry-1.50% persist-3m slow-45m/-1.25%,69217403839.19276,566.3685306774629,0.6536289694250357,0.6536289694250357,19.309474749390354,-284.84831423519074,0.6653633960164169,376,1116,34
440,OR10 entry-1.50% persist-3m slow-45m/-1.50%,312402353334.94006,698.9705195128437,0.7168363900476662,0.7168363900476662,12.988732687127303,-152.24632539980996,0.8211427249005716,376,1137,22
441,OR10 entry-1.50% persist-3m slow-60m/-0.75%,529359937.13515025,270.5484338615659,0.8040700111910353,0.7978452649283923,4.2653705727903946,-580.6684110510878,0.31783726494431375,376,1034,79
442,OR10 entry-1.50% persist-3m slow-60m/-1.00%,15706315805.348293,457.372502088505,0.8350833311922827,0.8298438861024896,1.1640385726656488,-393.84434282414867,0.5373160844055401,376,1076,54
443,OR10 entry-1.50% persist-3m slow-60m/-1.25%,49210805123.909874,539.5482763448774,0.6283505273756504,0.6124220476459037,21.83731895432888,-311.6685685677762,0.6338552621103761,376,1091,44
444,OR10 entry-1.50% persist-3m slow-60m/-1.50%,295243332252.60736,693.5536440564082,0.6753587139977318,0.6753587139977318,17.136500292120736,-157.66320085624545,0.8147790403837417,376,1131,26
445,OR10 entry-1.50% persist-5m slow-30m/-0.75%,4376254609.500931,377.87527787162014,0.7779288655405784,0.7708736083404416,6.879485137836083,-473.3415670410335,0.443923637237695,376,1069,55
446,OR10 entry-1.50% persist-5m slow-30m/-1.00%,185504569095.42303,650.3640181254401,0.6524897999989832,0.6414493113436415,19.423391691995604,-200.85282678721353,0.7640403523642395,376,1104,37
447,OR10 entry-1.50% persist-5m slow-30m/-1.25%,212355076172.7995,662.6789451240415,0.7443924018751715,0.6904461472145806,10.233131504376768,-188.5378997886121,0.7785077904467943,376,1136,23
448,OR10 entry-1.50% persist-5m slow-30m/-1.50%,160128480379.11237,637.1887477207455,0.8400952186240052,0.8200715021809423,0.662849829493406,-214.02809719190816,0.7485621924999964,376,1153,13
449,OR10 entry-1.50% persist-5m slow-45m/-0.75%,1214397326.7739103,309.51558692485526,0.8155240084348634,0.8096631586179317,3.1199708484075828,-541.7012579877984,0.36361543920881373,376,1045,72
450,OR10 entry-1.50% persist-5m slow-45m/-1.00%,26255041330.742973,492.94768347993045,0.7750463446806246,0.7678995090495438,7.167737223831461,-358.2691614327232,0.5791094084028772,376,1089,47
451,OR10 entry-1.50% persist-5m slow-45m/-1.25%,68102577716.936615,565.0668339305122,0.6536289611125856,0.6536289611125856,19.30947558063536,-286.15001098214145,0.6638341772812257,376,1116,34
452,OR10 entry-1.50% persist-5m slow-45m/-1.50%,307694544168.0535,697.5109045296693,0.7133943834948893,0.7133943834948893,13.332933342404996,-153.7059403829843,0.8194279855930757,376,1137,22
453,OR10 entry-1.50% persist-5m slow-60m/-0.75%,524370882.3366898,270.1261289351506,0.804745429451924,0.798542141401578,4.197828746701527,-581.0907159775031,0.3173411458544023,376,1035,79
454,OR10 entry-1.50% persist-5m slow-60m/-1.00%,15126390837.971575,454.8530249565932,0.8350833319360847,0.8298438868699224,1.1640384982854468,-396.36381995606047,0.5343562309358049,376,1076,54
455,OR10 entry-1.50% persist-5m slow-60m/-1.25%,47175590374.241196,536.3036452816473,0.6283505273756504,0.6122380293478608,21.83731895432888,-314.91319963100636,0.6300435059372906,376,1091,44
456,OR10 entry-1.50% persist-5m slow-60m/-1.50%,290787860299.4326,692.1018767894464,0.6840633146101112,0.6840633146101112,16.266040230882805,-159.1149681232073,0.8130735204852124,376,1131,26
457,OR10 entry-1.50% persist-10m slow-30m/-0.75%,4958121408.770935,385.11332915880223,0.8348588131031114,0.8296122350157359,1.1864903815827832,-466.1035157538514,0.4524268186895668,376,1071,54
458,OR10 entry-1.50% persist-10m slow-30m/-1.00%,179808342403.1141,647.551138960082,0.6524897999234796,0.6443660564891573,19.423391699545967,-203.66570595257167,0.7607358134771516,376,1105,36
459,OR10 entry-1.50% persist-10m slow-30m/-1.25%,211042757562.5243,662.1098188471306,0.7443932629411463,0.6904471900094425,10.233045397779295,-189.1070260655231,0.7778391872814405,376,1137,22
460,OR10 entry-1.50% persist-10m slow-30m/-1.50%,159509168935.4782,636.8448209242418,0.8401007334413934,0.820073441599188,0.6622983477545863,-214.3720239884118,0.7481581511578178,376,1154,12
461,OR10 entry-1.50% persist-10m slow-45m/-0.75%,1207309880.76441,309.2270351973009,0.8296363425070868,0.8242238451823247,1.7087374411852374,-541.9898097153527,0.36327645187640967,376,1047,70
462,OR10 entry-1.50% persist-10m slow-45m/-1.00%,30444111741.246048,503.61274195240355,0.7750463449886997,0.7678995093674067,7.167737193023949,-347.6041029602501,0.5916385994500392,376,1091,45
463,OR10 entry-1.50% persist-10m slow-45m/-1.25%,67925913007.266785,564.8588381797028,0.6688623397783785,0.6688623397783785,17.78613771405607,-286.3580067329508,0.6635898262065819,376,1117,33
464,OR10 entry-1.50% persist-10m slow-45m/-1.50%,306350906514.6951,697.0907186434255,0.7404021158020613,0.7404021158020613,10.632160111687794,-154.12612626922817,0.8189343559277853,376,1138,21
465,OR10 entry-1.50% persist-10m slow-60m/-0.75%,479621620.00104016,266.1715573920149,0.8118374131758557,0.8058594392770013,3.4886303743083547,-585.0452875206388,0.3126953595700138,376,1036,78
466,OR10 entry-1.50% persist-10m slow-60m/-1.00%,13303097619.228048,446.33685234338907,0.8350833317117041,0.8298438866384131,1.1640385207235093,-404.8799925692646,0.5243515268887674,376,1077,53
467,OR10 entry-1.50% persist-10m slow-60m/-1.25%,38420083126.49499,520.7656451604994,0.6727088648311794,0.6727088648311794,17.40148520877598,-330.45119975215425,0.6117896377085171,376,1092,43
468,OR10 entry-1.50% persist-10m slow-60m/-1.50%,189275383861.18347,652.1845938573841,0.7295621996238792,0.7295621996238792,11.716151729505997,-199.0322510552695,0.7661791443099403,376,1132,25
469,OR10 entry-1.50% persist-15m slow-30m/-0.75%,5047012148.520724,386.1525071320737,0.8346732619555294,0.8294207888603532,1.205045496340984,-465.06433778057993,0.4536476333145148,376,1073,52
470,OR10 entry-1.50% persist-15m slow-30m/-1.00%,150988152723.53754,631.9894686666377,0.6717977476277525,0.6717977476277525,17.492596929118676,-219.22737624601598,0.7424541377955088,376,1105,36
471,OR10 entry-1.50% persist-15m slow-30m/-1.25%,170297668017.42407,642.6749989885209,0.7463823625928449,0.6928560912521071,10.034135432609437,-208.54184592413276,0.7550073789416938,376,1138,21
472,OR10 entry-1.50% persist-15m slow-30m/-1.50%,171734136133.08597,643.4266001550469,0.8392155333108238,0.8190814414364349,0.7508183608115448,-207.79024475760673,0.7558903515602668,376,1154,12
473,OR10 entry-1.50% persist-15m slow-45m/-0.75%,1751120383.2617786,327.9688776378497,0.8323652893549129,0.8270394913751322,1.4358427564026277,-523.247967274804,0.3852941581196079,376,1050,68
474,OR10 entry-1.50% persist-15m slow-45m/-1.00%,31132243697.923786,505.23962283886715,0.775046344937143,0.767899509314212,7.1677371981796245,-345.9772220737865,0.5935498408642413,376,1091,45
475,OR10 entry-1.50% persist-15m slow-45m/-1.25%,73829390295.0833,571.564896192265,0.6536289802063988,0.6536289802063988,19.30947367125404,-279.65194872038865,0.6714680279276137,376,1117,33
476,OR10 entry-1.50% persist-15m slow-45m/-1.50%,328061092872.9658,703.690022075512,0.7212949061723428,0.7212949061723428,12.54288107465964,-147.5268228371416,0.826687143565304,376,1138,21
477,OR10 entry-1.50% persist-15m slow-60m/-0.75%,663693453.0055696,280.7785140647341,0.8293863447460171,0.823965904927927,1.7337372172922083,-570.4383308479196,0.32985544840051395,376,1038,77
478,OR10 entry-1.50% persist-15m slow-60m/-1.00%,13051068569.734694,445.0799199448822,0.8350833310581519,0.8298438859640973,1.1640385860787306,-406.13692496777145,0.5228748968079379,376,1077,53
479,OR10 entry-1.50% persist-15m slow-60m/-1.25%,39781503134.32039,523.3741757226659,0.6573462093352359,0.6573462093352359,18.93775075837033,-327.84266918998776,0.6148541101490669,376,1092,43
480,OR10 entry-1.50% persist-15m slow-60m/-1.50%,204897671113.77136,659.4026804619357,0.7095175584752432,0.7095175584752432,13.720615844369599,-191.81416445071795,0.7746588714766321,376,1132,25
481,OR10 entry-2.00% persist-1m slow-30m/-0.75%,2985814216.5134573,356.37271185392433,0.774518843138424,0.7421466065745969,7.220487378051521,-494.8441330587293,0.4186626639073302,376,1088,47
482,OR10 entry-2.00% persist-1m slow-30m/-1.00%,74167511082.63464,571.9345238031934,0.8073388715536527,0.8066028120955975,3.9384845365286525,-279.2823211094602,0.6719022622982533,376,1125,31
483,OR10 entry-2.00% persist-1m slow-30m/-1.25%,50132846034.89028,540.9795355973807,0.8819952145621703,0.8570901794493695,-3.527149764323112,-310.2373093152729,0.6355366894235893,376,1141,22
484,OR10 entry-2.00% persist-1m slow-30m/-1.50%,103389428460.74767,599.3577139790381,0.8803746580587529,0.8551276027772772,-3.3650941139813706,-251.85913093361557,0.7041187184689,376,1157,12
485,OR10 entry-2.00% persist-1m slow-45m/-0.75%,1715482986.1462784,326.91052917528367,0.7643517816048305,0.7411564221559708,8.237193531410869,-524.3063157373699,0.38405082221890136,376,1081,52
486,OR10 entry-2.00% persist-1m slow-45m/-1.00%,15394070016.253893,456.0263228711381,0.8612920897171998,0.8607621578617495,-1.456837279826062,-395.1905220415155,0.5357346081631321,376,1107,38
487,OR10 entry-2.00% persist-1m slow-45m/-1.25%,42910424873.1894,529.0837805657974,0.8168229673308804,0.816123141743426,2.9900749588058773,-322.13306434685626,0.6215616898653933,376,1128,29
488,OR10 entry-2.00% persist-1m slow-45m/-1.50%,91065846342.86644,588.7500116339348,0.8424099068916924,0.8091503506141233,0.4313810027246845,-262.4668332787188,0.6916569087567206,376,1143,19
489,OR10 entry-2.00% persist-1m slow-60m/-0.75%,848942324.3855201,292.23546748289016,0.8666457576924331,0.8644469726213176,-1.992204077349391,-558.9813774297635,0.3433149487459655,376,1072,56
490,OR10 entry-2.00% persist-1m slow-60m/-1.00%,26008126303.492054,492.27337089734044,0.776953931902638,0.7698677008094489,6.976978501630127,-358.9434740153132,0.5783172335456477,376,1102,41
491,OR10 entry-2.00% persist-1m slow-60m/-1.25%,85943014832.7661,583.9645727068303,0.7000168808066739,0.6367051253635573,14.670683611226531,-267.2522722058234,0.6860350287907577,376,1115,33
492,OR10 entry-2.00% persist-1m slow-60m/-1.50%,257939703296.95557,680.7501726163371,0.6970528027135976,0.6716659598804342,14.967091420534162,-170.46667229631657,0.7997376657720997,376,1140,22
493,OR10 entry-2.00% persist-3m slow-30m/-0.75%,3269374494.71286,361.3861298825237,0.774524521443769,0.74001866382131,7.2199195475170175,-489.83071503012997,0.4245523711641383,376,1089,46
494,OR10 entry-2.00% persist-3m slow-30m/-1.00%,71647056419.02968,569.1427428742114,0.807330604784636,0.806594513743492,3.9393112134303188,-282.0741020384422,0.6686225093825688,376,1125,31
495,OR10 entry-2.00% persist-3m slow-30m/-1.25%,48466410787.728714,538.3754601920232,0.881982365881103,0.8570746190405365,-3.5258648962163797,-312.84138472063046,0.6324774508512784,376,1141,22
496,OR10 entry-2.00% persist-3m slow-30m/-1.50%,99948224130.96913,596.5126925052168,0.8803769490897908,0.8551303773328452,-3.365323217085159,-254.70415240743682,0.7007764191584192,376,1157,12
497,OR10 entry-2.00% persist-3m slow-45m/-0.75%,1521078703.342349,320.77181355807875,0.7643595008421178,0.7411564173671921,8.236421607682143,-530.4450313545749,0.3768391279791864,376,1081,52
498,OR10 entry-2.00% persist-3m slow-45m/-1.00%,14865908107.636599,453.6936048310353,0.8613084198907701,0.860778550424546,-1.4584702971830898,-397.5232400816183,0.5329941571792912,376,1107,38
499,OR10 entry-2.00% persist-3m slow-45m/-1.25%,35853579640.26718,515.6188376628548,0.8168246433274504,0.8161248241431202,2.98990735914888,-335.5980072497988,0.6057432259999088,376,1128,29
500,OR10 entry-2.00% persist-3m slow-45m/-1.50%,88038577568.23094,585.9516694290982,0.8424105071111556,0.8091510775105407,0.43132098077836023,-265.2651754835555,0.6883694477277699,376,1143,19
501,OR10 entry-2.00% persist-3m slow-60m/-0.75%,758966712.994671,286.9792330284032,0.8666114891723227,0.8644121390714854,-1.9887772253383451,-564.2376118842504,0.3371399834760685,376,1072,56
502,OR10 entry-2.00% persist-3m slow-60m/-1.00%,24374275679.328156,487.66391743869303,0.77695393149923,0.7698677003932246,6.976978541970924,-363.5529274739606,0.5729020993337296,376,1102,41
503,OR10 entry-2.00% persist-3m slow-60m/-1.25%,83017473310.51205,581.1179512185084,0.70001460587725,0.6367023703078658,14.670911104168926,-270.0988936941452,0.6826908498011913,376,1115,33
504,OR10 entry-2.00% persist-3m slow-60m/-1.50%,249358555286.87628,677.5755798437808,0.6970556325525621,0.675358598930013,14.966808436637713,-173.64126506887283,0.7960081897971711,376,1140,22
505,OR10 entry-2.00% persist-5m slow-30m/-0.75%,3090603035.4710083,358.27234312345456,0.7745140366689883,0.7367384187696653,7.22096802499509,-492.9445017891991,0.4208943294117002,376,1089,46
506,OR10 entry-2.00% persist-5m slow-30m/-1.00%,70909724308.82903,568.3097057369275,0.8073283482379567,0.8065922485757041,3.939536868098248,-282.9071391757261,0.6676438666991414,376,1125,31
507,OR10 entry-2.00% persist-5m slow-30m/-1.25%,47726905631.00618,537.1945524507171,0.8819935235639477,0.8570881315641785,-3.526980664500845,-314.02229246193656,0.6310901336848432,376,1141,22
508,OR10 entry-2.00% persist-5m slow-30m/-1.50%,98455199847.28578,595.2514506948443,0.8803756694537239,0.8551288276282294,-3.36519525347847,-255.96539421780938,0.699294726428875,376,1157,12
509,OR10 entry-2.00% persist-5m slow-45m/-0.75%,1569388172.1040213,322.3590621654309,0.7643701127583129,0.7425737115065021,8.235360416062631,-528.8577827472227,0.3787038098365044,376,1081,52
510,OR10 entry-2.00% persist-5m slow-45m/-1.00%,13179081174.117565,445.72099338217976,0.8613040624928985,0.8607741763792897,-1.4580345573959264,-405.4958515304739,0.5236280226901722,376,1107,38
511,OR10 entry-2.00% persist-5m slow-45m/-1.25%,35337733038.739944,514.5454141750876,0.8168299091156684,0.816130110049217,2.9893807803270778,-336.6714307375661,0.6044821801287155,376,1128,29
512,OR10 entry-2.00% persist-5m slow-45m/-1.50%,86704767625.00725,584.6917782367389,0.8424142998585928,0.809155670721347,0.43094170603463766,-266.5250666759148,0.6868893416891159,376,1143,19
513,OR10 entry-2.00% persist-5m slow-60m/-0.75%,810492228.6916002,290.052298391174,0.8684490675758394,0.8662800160233703,-2.1725350656900178,-561.1645465214797,0.34075018618896963,376,1075,55
514,OR10 entry-2.00% persist-5m slow-60m/-1.00%,23524804042.82249,485.15892779434193,0.7769539317072041,0.7698677006078061,6.976978521173516,-366.0579171183117,0.5699592656018524,376,1102,41
515,OR10 entry-2.00% persist-5m slow-60m/-1.25%,79557365698.18434,577.634992431216,0.70001666407838,0.6367048628945272,14.670705284055918,-273.58185248143764,0.6785991088915647,376,1115,33
516,OR10 entry-2.00% persist-5m slow-60m/-1.50%,245624545765.11887,676.1640880758391,0.6970545359029063,0.684063311128938,14.966918101603287,-175.05275683681452,0.7943499851030588,376,1140,22
517,OR10 entry-2.00% persist-10m slow-30m/-0.75%,3920056380.0764766,371.5819142302975,0.7975407437944881,0.7911085610231641,4.918297312445108,-479.6349306823561,0.43653026423417035,376,1091,45
518,OR10 entry-2.00% persist-10m slow-30m/-1.00%,69806380720.01657,567.0488060156789,0.8071820414487638,0.8064453828232329,3.9541675470175397,-284.16803889697474,0.6661625758520624,376,1126,30
519,OR10 entry-2.00% persist-10m slow-30m/-1.25%,46020856765.17717,534.4075588051849,0.8837826436244411,0.8592548473108323,-3.7058926705501927,-316.8092861074688,0.6278160048160493,376,1142,21
520,OR10 entry-2.00% persist-10m slow-30m/-1.50%,116452158956.36841,609.4499455841558,0.8803808093992491,0.8551350523647087,-3.3657092480309903,-241.76689932849786,0.7159749589385694,376,1159,10
521,OR10 entry-2.00% persist-10m slow-45m/-0.75%,1183012598.0083401,308.22637668876575,0.7695869913671423,0.7622667106736639,7.713672555179696,-542.9904682238879,0.36210088948650204,376,1081,52
522,OR10 entry-2.00% persist-10m slow-45m/-1.00%,11832246115.231352,438.68233883078267,0.8706212417591952,0.8701269518137218,-2.389752484025598,-412.534506081871,0.5153590902865619,376,1108,37
523,OR10 entry-2.00% persist-10m slow-45m/-1.25%,35255475513.46178,514.3729722423668,0.8154185145847964,0.8147133233029984,3.13052023341428,-336.8438726702868,0.6042795972807005,376,1129,28
524,OR10 entry-2.00% persist-10m slow-45m/-1.50%,75178448871.2045,573.030889739106,0.863007007112411,0.8340944906800108,-1.6283290193471744,-278.18595517354765,0.6731902607001471,376,1144,18
525,OR10 entry-2.00% persist-10m slow-60m/-0.75%,917521933.9332697,295.9220612092086,0.8117749457809199,0.808671434171051,3.494877113801931,-555.2947837034451,0.3476459176974749,376,1076,54
526,OR10 entry-2.00% persist-10m slow-60m/-1.00%,20759169874.741913,476.4119472731816,0.7769539315292321,0.7698677004241798,6.976978538970712,-374.804897639472,0.5596834110138739,376,1103,40
527,OR10 entry-2.00% persist-10m slow-60m/-1.25%,64283889444.28902,560.4612445021297,0.7000015497427596,0.636686558662345,14.672216717617959,-290.7556004105239,0.6584235824887142,376,1116,32
528,OR10 entry-2.00% persist-10m slow-60m/-1.50%,159391807934.41266,636.7795136304655,0.6970562461100764,0.6777187442394963,14.966747080886279,-214.4373312821881,0.7480814288817413,376,1141,21
529,OR10 entry-2.00% persist-15m slow-30m/-0.75%,3311165988.2714696,362.092391831324,0.7973132578323314,0.7908738477733351,4.941045908660779,-489.12445308132965,0.4253820797783667,376,1094,44
530,OR10 entry-2.00% persist-15m slow-30m/-1.00%,59336046630.54836,554.12180241852,0.8091973899014732,0.8084684308897764,3.7526327017466055,-297.0950424941336,0.6509760770481233,376,1126,30
531,OR10 entry-2.00% persist-15m slow-30m/-1.25%,44839441076.77562,532.4238475888536,0.8831387532747433,0.8584750632199739,-3.641503635580412,-318.7929973238,0.6254855631334311,376,1144,19
532,OR10 entry-2.00% persist-15m slow-30m/-1.50%,125374166651.29826,615.7849467461256,0.8797171793221464,0.8543313624560422,-3.299346240320722,-235.43189816652807,0.7234172472342385,376,1159,10
533,OR10 entry-2.00% persist-15m slow-45m/-0.75%,1618649312.5025604,323.93392516285144,0.7732778347536177,0.766074813106167,7.344588216532156,-527.2829197498022,0.3805539412182232,376,1084,50
534,OR10 entry-2.00% persist-15m slow-45m/-1.00%,12580802642.746765,442.67638871604794,0.866541331552918,0.8660314543609692,-1.9817614633978797,-408.5404561966057,0.5200512552843952,376,1108,37
535,OR10 entry-2.00% persist-15m slow-45m/-1.25%,40874133517.47207,525.4114972236313,0.8117316295345598,0.8110123525540334,3.4992087384379422,-325.80534768902237,0.6172475325926446,376,1129,28
536,OR10 entry-2.00% persist-15m slow-45m/-1.50%,97580577183.04764,594.504771958435,0.838711756701512,0.8046717019043521,0.8011960217427228,-256.7120729542187,0.6984175366259806,376,1144,18
537,OR10 entry-2.00% persist-15m slow-60m/-0.75%,1670557443.88736,325.54843631824895,0.818531226855681,0.8155391148511519,2.819249006325819,-525.6684085944047,0.3824506508111392,376,1078,53
538,OR10 entry-2.00% persist-15m slow-60m/-1.00%,20381238916.82858,475.13801711268655,0.7769539307461488,0.7698676996162179,6.976978617279039,-376.0788277999671,0.5581868121529504,376,1103,40
539,OR10 entry-2.00% persist-15m slow-60m/-1.25%,69565072523.63988,566.7707049412213,0.7000244867137806,0.6367143365054251,14.669923020515863,-284.44613997143233,0.6658358658296755,376,1116,32
540,OR10 entry-2.00% persist-15m slow-60m/-1.50%,172575037502.2289,643.8640216133116,0.6970547356482686,0.6576205303757185,14.966898127067063,-207.35282329934205,0.7564042293822096,376,1141,21
541,OR10 entry-2.50% persist-1m slow-30m/-0.75%,101315182739.13654,597.652990714295,0.8650522744636655,0.8470843257941656,-1.8328557544726287,-253.56385419835863,0.7021160287019723,376,1127,29
542,OR10 entry-2.50% persist-1m slow-30m/-1.00%,147406743657.79175,629.8764780510629,0.8209305157247352,0.8202463829751101,2.579320119420403,-221.34036686159072,0.7399718201249844,376,1142,21
543,OR10 entry-2.50% persist-1m slow-30m/-1.25%,88555007442.8734,586.434974181093,0.8468542213244212,0.8182947069135638,-0.013050440548201259,-264.7818707315606,0.6889372287284437,376,1152,16
544,OR10 entry-2.50% persist-1m slow-30m/-1.50%,80216877068.95685,578.3090028826126,0.8452365856781452,0.8163809579986222,0.14871312407940263,-272.907842030041,0.6793909288084576,376,1162,9
545,OR10 entry-2.50% persist-1m slow-45m/-0.75%,112305663252.131,606.3591962306257,0.8426430028549259,0.8256421636688779,0.40807140640133355,-244.85764868202796,0.7123439812717126,376,1123,31
546,OR10 entry-2.50% persist-1m slow-45m/-1.00%,68875031199.2726,565.9707425667572,0.9047020615986957,0.8905724061247661,-5.797834467975649,-285.2461023458965,0.6648960790065584,376,1127,29
547,OR10 entry-2.50% persist-1m slow-45m/-1.25%,96219198135.47212,593.3307458389284,0.8688847967285356,0.8412127940281178,-2.2161079809596362,-257.8860990737253,0.6970383039116338,376,1136,24
548,OR10 entry-2.50% persist-1m slow-45m/-1.50%,116699333441.59401,609.6311128501029,0.8550063239052422,0.8244052547971042,-0.8282606986303009,-241.58573206255073,0.7161877922101734,376,1149,16
549,OR10 entry-2.50% persist-1m slow-60m/-0.75%,43660829668.868774,530.3984955044797,0.8023614055347703,0.7810093985609933,4.436231138416891,-320.81834940817396,0.6231062022261856,376,1114,35
550,OR10 entry-2.50% persist-1m slow-60m/-1.00%,50169943929.10165,541.0366356746786,0.8257778820786272,0.8069571223489944,2.0945834840311983,-310.1802092379751,0.6356037699538197,376,1119,32
551,OR10 entry-2.50% persist-1m slow-60m/-1.25%,136778415787.9563,623.3286530038995,0.81044289623388,0.8097186956637196,3.6280820685059223,-227.88819190875415,0.7322795087165614,376,1129,27
552,OR10 entry-2.50% persist-1m slow-60m/-1.50%,187734636184.71295,651.444599022587,0.8372966797819369,0.8366750737596467,0.9427037137002325,-199.77224589006664,0.7653098066796763,376,1148,18
553,OR10 entry-2.50% persist-3m slow-30m/-0.75%,95102898135.16147,592.3571179791684,0.8650655913017732,0.8470938337317426,-1.8341874382833967,-258.85972693348526,0.6958944968246631,376,1127,29
554,OR10 entry-2.50% persist-3m slow-30m/-1.00%,142443829054.4235,626.8725043784136,0.8209247685445574,0.8202406138379016,2.579894837438179,-224.34434053424002,0.7364427855545307,376,1142,21
555,OR10 entry-2.50% persist-3m slow-30m/-1.25%,85579781703.94504,583.6158148223556,0.8468548427537288,0.8182943437285097,-0.013112583478958051,-267.6010300902981,0.6856253119406283,376,1152,16
556,OR10 entry-2.50% persist-3m slow-30m/-1.50%,77559285751.59268,575.5625529832223,0.8452345523615807,0.8163732370021362,0.148916455735848,-275.65429192943134,0.6761644302777899,376,1162,9
557,OR10 entry-2.50% persist-3m slow-45m/-0.75%,106697275167.41008,602.0150273570662,0.8426410475352909,0.8256400851401835,0.40826693836483186,-249.20181755558747,0.7072405004142523,376,1123,31
558,OR10 entry-2.50% persist-3m slow-45m/-1.00%,66582893696.57482,563.2618921303737,0.9046947135838531,0.8905631392508199,-5.797099666491389,-287.95495278228,0.6617137519032203,376,1127,29
559,OR10 entry-2.50% persist-3m slow-45m/-1.25%,92966473173.09628,590.465378416977,0.8688803107937468,0.8412073613320346,-2.2156593874807617,-260.7514664956766,0.6936721024095415,376,1136,24
560,OR10 entry-2.50% persist-3m slow-45m/-1.50%,112798347868.68076,606.7316423561177,0.8550054185824487,0.824404158404975,-0.82817016635095,-244.4852025565359,0.712781526801642,376,1149,16
561,OR10 entry-2.50% persist-3m slow-60m/-0.75%,40528815226.20065,524.772847104322,0.8023616584588961,0.781002814155901,4.436205846004315,-326.4439978083317,0.6164972535971968,376,1114,35
562,OR10 entry-2.50% persist-3m slow-60m/-1.00%,47660882874.71516,537.0883404180848,0.8257741626642908,0.8069527560331207,2.0949554254648395,-314.1285044945688,0.63096535698045,376,1119,32
563,OR10 entry-2.50% persist-3m slow-60m/-1.25%,108801162277.8676,603.6676973493758,0.8443349024718183,0.8437401858922535,0.23888144471209127,-247.54914756327787,0.7091820385806865,376,1129,27
564,OR10 entry-2.50% persist-3m slow-60m/-1.50%,181427965661.1817,648.3588162247256,0.8372986634535347,0.8366770650098372,0.9425053465404565,-202.85802868792803,0.7616846636667017,376,1148,18
565,OR10 entry-2.50% persist-5m slow-30m/-0.75%,92915252062.46101,590.4195561335933,0.8650600001877273,0.8470878767724633,-1.8336283268788112,-260.7972887790603,0.693618270905081,376,1127,29
566,OR10 entry-2.50% persist-5m slow-30m/-1.00%,140320370257.26935,625.5590044558065,0.8209281575975401,0.8202440158387192,2.5795559321399097,-225.6578404568471,0.7348997005809927,376,1142,21
567,OR10 entry-2.50% persist-5m slow-30m/-1.25%,84306800992.59554,582.3831980678921,0.8468389487661434,0.8182818177065057,-0.01152318472041891,-268.8336468447616,0.684177247605635,376,1152,16
568,OR10 entry-2.50% persist-5m slow-30m/-1.50%,76392593764.01901,574.3306237989196,0.8452335501680424,0.8163764742615992,0.14901667508968597,-276.886221113734,0.674717173692508,376,1162,9
569,OR10 entry-2.50% persist-5m slow-45m/-0.75%,101694825420.67525,597.9672819568815,0.8426441689695677,0.8256429310953982,0.4079547949371487,-253.24956295577215,0.7024852545278766,376,1123,31
570,OR10 entry-2.50% persist-5m slow-45m/-1.00%,64460902209.57504,560.6799860908391,0.9046938674489341,0.8905612645771542,-5.7970150529994875,-290.5368588218146,0.6586805576531706,376,1127,29
571,OR10 entry-2.50% persist-5m slow-45m/-1.25%,91595481604.2312,589.2311629661862,0.8688826824878473,0.84121023357469,-2.2158965568908062,-261.9856819464675,0.6922221599440378,376,1136,24
572,OR10 entry-2.50% persist-5m slow-45m/-1.50%,111123784500.08878,605.4598592079441,0.8550038959653691,0.824402314437946,-0.8280179046429859,-245.75698570470956,0.7112874502267075,376,1149,16
573,OR10 entry-2.50% persist-5m slow-60m/-0.75%,48390554217.05088,538.2550579465266,0.8089155195762031,0.788268217812133,3.7808197342736105,-312.9617869661271,0.6323360036440054,376,1117,34
574,OR10 entry-2.50% persist-5m slow-60m/-1.00%,45675166069.340706,533.8317910077235,0.8257749692050725,0.8069603085273993,2.0948747713866678,-317.38505390493015,0.6271395992668611,376,1119,32
575,OR10 entry-2.50% persist-5m slow-60m/-1.25%,104298051546.82294,600.09500906698,0.8443378962245564,0.8437431910825869,0.23858206943828675,-251.12183584567367,0.7049848844668456,376,1129,27
576,OR10 entry-2.50% persist-5m slow-60m/-1.50%,178734100794.16577,647.0118967969863,0.8372977165270726,0.8366761144656544,0.9426000391866585,-204.20494811566732,0.7601023178334523,376,1148,18
577,OR10 entry-2.50% persist-10m slow-30m/-0.75%,71008918353.77553,568.4222173805358,0.8654797521177933,0.8475660477708109,-1.8756035198854049,-282.79462753211783,0.667776044115837,376,1128,28
578,OR10 entry-2.50% persist-10m slow-30m/-1.00%,143177389849.65262,627.3222594715668,0.8207981719804884,0.8201135336132256,2.5925544938450784,-223.89458544108686,0.7369711527923751,376,1143,20
579,OR10 entry-2.50% persist-10m slow-30m/-1.25%,82572366194.077,580.6771420929485,0.8491770514694938,0.8210480260229177,-0.2453334550554631,-270.5397028197051,0.6821729921857149,376,1153,15
580,OR10 entry-2.50% persist-10m slow-30m/-1.50%,76146530678.9063,574.0686903038968,0.8452397324812708,0.8163807806832257,0.14839844376683953,-277.14815460875684,0.6744094571610645,376,1163,8
581,OR10 entry-2.50% persist-10m slow-45m/-0.75%,96520295471.52176,593.5916587916421,0.8431936486404072,0.8262559473634844,0.35300682785319726,-257.62518612101155,0.6973448215214216,376,1124,30
582,OR10 entry-2.50% persist-10m slow-45m/-1.00%,58468518768.214516,552.9626524568977,0.910234210927742,0.8969234121322983,-6.351049400880282,-298.25419245575597,0.6496143206771703,376,1128,28
583,OR10 entry-2.50% persist-10m slow-45m/-1.25%,91776212671.33844,589.3947896134196,0.8678695753364001,0.8399833090845119,-2.114585841746086,-261.8220552992341,0.6924143866935568,376,1137,23
584,OR10 entry-2.50% persist-10m slow-45m/-1.50%,96380485283.89064,593.4705968067645,0.8739466774104909,0.847342989996213,-2.7222960491551706,-257.7462481058891,0.6972025992597253,376,1150,15
585,OR10 entry-2.50% persist-10m slow-60m/-0.75%,61805771706.25959,557.3419594668729,0.8112181061565267,0.790818215712983,3.5505610762412543,-293.8748854457807,0.6547590814230935,376,1119,32
586,OR10 entry-2.50% persist-10m slow-60m/-1.00%,41084013056.20946,525.7973446793842,0.8252255598815712,0.8063439209520081,2.1498157037368015,-325.41950023326945,0.6177008218550211,376,1120,31
587,OR10 entry-2.50% persist-10m slow-60m/-1.25%,84727854565.68391,582.7927019567253,0.8443273872683993,0.8437326419770929,0.239632965053993,-268.42414295592835,0.6846583281802039,376,1130,26
588,OR10 entry-2.50% persist-10m slow-60m/-1.50%,142168350462.82382,626.7030787700288,0.8372985335836611,0.8366769346437974,0.9425183335278087,-224.51376614262483,0.7362437462505068,376,1149,17
589,OR10 entry-2.50% persist-15m slow-30m/-0.75%,65119164103.239105,561.48881754614,0.8664450654133026,0.8486618242472856,-1.9721348494363355,-289.72802736651363,0.6596307637729565,376,1128,28
590,OR10 entry-2.50% persist-15m slow-30m/-1.00%,113888821930.0605,607.550927005457,0.822669046919625,0.8219915562069247,2.405466999931427,-243.66591790719667,0.7137440132165147,376,1143,20
591,OR10 entry-2.50% persist-15m slow-30m/-1.25%,67550894704.88863,564.4157295319336,0.8483390705135118,0.8200554302464746,-0.1615353594572544,-286.80111538072003,0.6630692671382111,376,1154,14
592,OR10 entry-2.50% persist-15m slow-30m/-1.50%,81943578535.89528,580.0508508425576,0.8443809482245166,0.8153642801438402,0.23427686944226256,-271.1659940700961,0.681437232250824,376,1163,8
593,OR10 entry-2.50% persist-15m slow-45m/-0.75%,89191809105.26022,587.0275281665394,0.8423663508647989,0.8253333725513664,0.4357366054140277,-264.1893167461143,0.6896333545029601,376,1124,30
594,OR10 entry-2.50% persist-15m slow-45m/-1.00%,62796685624.25873,558.6022269820224,0.9056242113006007,0.8916324975133996,-5.890049438166145,-292.6146179306312,0.6562396295615397,376,1128,28
595,OR10 entry-2.50% persist-15m slow-45m/-1.25%,101922356089.59175,598.1551513938251,0.8652389159145008,0.8367974462017602,-1.8515198995561533,-253.06169351882852,0.7027059614347786,376,1137,23
596,OR10 entry-2.50% persist-15m slow-45m/-1.50%,121228548861.23866,612.8924503278403,0.8516022738488114,0.8202827763662087,-0.48785569298721576,-238.32439458481338,0.7200191748916004,376,1150,15
597,OR10 entry-2.50% persist-15m slow-60m/-0.75%,54028090990.42905,546.7814554556804,0.8114927441181883,0.7911293186692749,3.5230972800750937,-304.4353894569732,0.6423527197840964,376,1119,32
598,OR10 entry-2.50% persist-15m slow-60m/-1.00%,41474469075.01547,526.5105780743307,0.8252192849814481,0.8063451295780144,2.1504431937491075,-324.7062668383229,0.6185387204459727,376,1120,31
599,OR10 entry-2.50% persist-15m slow-60m/-1.25%,93443892090.4415,590.891411472355,0.8342150120417705,0.8335816325459985,1.2508704877168708,-260.32543344029864,0.6941726012635341,376,1130,26
600,OR10 entry-2.50% persist-15m slow-60m/-1.50%,162327986924.49942,638.4008333805868,0.8284774577438798,0.8278221579928849,1.8246259175059398,-212.8160115320668,0.7499861371353563,376,1149,17
601,OR20 entry-0.50% persist-1m slow-30m/-0.75%,499763020.4817803,267.9899819272867,0.7969545941531764,0.7969545941531764,4.976912276576284,-583.226862985367,0.3148316243139973,376,920,120
602,OR20 entry-0.50% persist-1m slow-30m/-1.00%,10410486617.144789,430.4417740955481,0.6790363206636345,0.6237509936187633,16.768739625530472,-420.77507081710553,0.5056781672826473,376,1033,72
603,OR20 entry-0.50% persist-1m slow-30m/-1.25%,77242558552.71777,575.2297361166089,0.7839106308851067,0.7383047403668384,6.281308603383251,-275.9871087960447,0.6757734407566092,376,1110,37
604,OR20 entry-0.50% persist-1m slow-30m/-1.50%,584050132065.7782,761.4970791856223,0.8018986944833092,0.8018986944833092,4.482502243563003,-89.71976572703136,0.8945982257479435,376,1151,16
605,OR20 entry-0.50% persist-1m slow-45m/-0.75%,25933204.670059998,157.69406940834716,0.8100382188540409,0.7933546367115748,3.668549806489829,-693.5227755043065,0.18525722364496758,376,843,151
606,OR20 entry-0.50% persist-1m slow-45m/-1.00%,1923464980.31914,332.83422906966996,0.6904938531977576,0.6904938531977576,15.622986372118163,-518.3826158429837,0.39100991839960975,376,977,96
607,OR20 entry-0.50% persist-1m slow-45m/-1.25%,6937855638.437712,405.1423697112111,0.7807179132665013,0.7807179132665013,6.6005803652437915,-446.07447520144257,0.47595671083410496,376,1057,61
608,OR20 entry-0.50% persist-1m slow-45m/-1.50%,245646200667.0033,676.1723280925094,0.7100877627748007,0.7100877627748007,13.663595414413853,-175.04451682014428,0.794359665382202,376,1122,33
609,OR20 entry-0.50% persist-1m slow-60m/-0.75%,26710988.246119995,158.6127281486999,0.7497362694733016,0.7277566087208366,9.698744744563758,-692.6041167639537,0.18633645362713153,376,826,159
610,OR20 entry-0.50% persist-1m slow-60m/-1.00%,383016079.56392974,256.386747817259,0.7013369484929406,0.6964125017893037,14.538676842599862,-594.8300970953946,0.30120027505278957,376,954,107
611,OR20 entry-0.50% persist-1m slow-60m/-1.25%,13912978870.621227,449.2939289461549,0.778543766835815,0.778543766835815,6.817995008312416,-401.92291596649875,0.5278254673076384,376,1029,73
612,OR20 entry-0.50% persist-1m slow-60m/-1.50%,494108582234.34436,744.3214272208472,0.6716658752700905,0.6716658752700905,17.505784164884876,-106.89541769180641,0.8744204625053263,376,1110,38
613,OR20 entry-0.50% persist-3m slow-30m/-0.75%,2233734374.76502,340.6996389196004,0.630205812653063,0.6153628462302672,21.651790426587624,-510.51720599305327,0.40025011365295615,376,932,115
614,OR20 entry-0.50% persist-3m slow-30m/-1.00%,14973096328.006336,454.1728512909697,0.680678713574802,0.6283125864897661,16.604500334413718,-397.04399362168397,0.5335571705439804,376,1038,70
615,OR20 entry-0.50% persist-3m slow-30m/-1.25%,61580069709.93347,557.0524230649156,0.8111499999851508,0.771293007203276,3.5573716933788413,-294.164421847738,0.6544189373062475,376,1110,37
616,OR20 entry-0.50% persist-3m slow-30m/-1.50%,566139948969.723,758.2719875066223,0.8019012010496994,0.8019012010496994,4.482251586923979,-92.94485740603136,0.8908094242242484,376,1151,16
617,OR20 entry-0.50% persist-3m slow-45m/-0.75%,41457962.11275,172.67208578506143,0.8107029491849524,0.7940777476441602,3.602076773398677,-678.5447591275922,0.20285322925297597,376,852,149
618,OR20 entry-0.50% persist-3m slow-45m/-1.00%,1583814137.4723592,322.8247062728131,0.6904938531977576,0.6904938531977576,15.622986372118163,-528.3921386398406,0.3792508433100138,376,977,96
619,OR20 entry-0.50% persist-3m slow-45m/-1.25%,11345473729.571495,435.9640807620296,0.7807179132665013,0.7807179132665013,6.6005803652437915,-415.25276415062405,0.5121657112022558,376,1061,60
620,OR20 entry-0.50% persist-3m slow-45m/-1.50%,230543209931.6116,670.2639842341599,0.7168434666931103,0.7168434666931103,12.988025022582894,-180.95286067849372,0.7874186093003576,376,1122,33
621,OR20 entry-0.50% persist-3m slow-60m/-0.75%,29615284.40756999,161.84720350766924,0.7490309287640148,0.7269893207630516,9.769278815492443,-689.3696414049843,0.1901362789927835,376,826,158
622,OR20 entry-0.50% persist-3m slow-60m/-1.00%,436707378.39148015,262.0615691889317,0.6638073832650812,0.6638073832650812,18.291633365385806,-589.155275723722,0.3078669915370657,376,958,105
623,OR20 entry-0.50% persist-3m slow-60m/-1.25%,11124359070.94955,434.69529072302873,0.778543766835815,0.778543766835815,6.817995008312416,-416.5215541896249,0.5106751508983993,376,1029,73
624,OR20 entry-0.50% persist-3m slow-60m/-1.50%,342249456075.21893,707.7982473609827,0.6819072545863386,0.6819072545863386,16.48164623326006,-143.41859755167093,0.8315134405424183,376,1110,38
625,OR20 entry-0.50% persist-5m slow-30m/-0.75%,3530254413.067641,365.67140979286717,0.6590398442995711,0.6534179901521027,18.768387261936816,-485.5454351197865,0.42958666992826017,376,943,112
626,OR20 entry-0.50% persist-5m slow-30m/-1.00%,14186416346.254757,450.5828476732435,0.671803257501485,0.5867871835990367,17.492045941745427,-400.6339972394101,0.5293396745684461,376,1040,69
627,OR20 entry-0.50% persist-5m slow-30m/-1.25%,69413848035.52399,566.5959900633471,0.7363471462618505,0.6807029318719333,11.037657065708872,-284.6208548493065,0.6656306127511933,376,1111,36
628,OR20 entry-0.50% persist-5m slow-30m/-1.50%,185460978899.68185,650.3427828439673,0.8313379855301053,0.8203640117772443,1.5385731388833923,-200.87406206868638,0.7640154053937939,376,1153,16
629,OR20 entry-0.50% persist-5m slow-45m/-0.75%,59318586.49074997,184.69269560112136,0.7126600034318078,0.7126600034318078,13.406371348713142,-666.5241493115323,0.2169749068112877,376,856,148
630,OR20 entry-0.50% persist-5m slow-45m/-1.00%,1425100612.60135,317.48218421069987,0.6904938531977576,0.6904938531977576,15.622986372118163,-533.7346607019538,0.3729745083266977,376,977,96
631,OR20 entry-0.50% persist-5m slow-45m/-1.25%,11194695758.916767,435.10128102726924,0.7807179132665013,0.7807179132665013,6.6005803652437915,-416.1155638853844,0.5111521037532059,376,1061,60
632,OR20 entry-0.50% persist-5m slow-45m/-1.50%,231446747849.3141,670.6268894449482,0.7133069096064848,0.7133069096064848,13.341680731245443,-180.5899554677054,0.787844946270728,376,1122,33
633,OR20 entry-0.50% persist-5m slow-60m/-0.75%,65827500.24512001,188.28457660162377,0.6749309530857579,0.6749309530857579,17.179276383318133,-662.9322683110299,0.22119460831504612,376,835,155
634,OR20 entry-0.50% persist-5m slow-60m/-1.00%,355514905.14167994,253.20332063154885,0.6633896688081071,0.6578395358824451,18.33340481108321,-598.0135242811048,0.29746042050839694,376,958,105
635,OR20 entry-0.50% persist-5m slow-60m/-1.25%,6886536178.820778,404.6909353376301,0.778543766835815,0.778543766835815,6.817995008312416,-446.52590957502355,0.475426370796453,376,1031,72
636,OR20 entry-0.50% persist-5m slow-60m/-1.50%,325484891298.47046,702.9273720302283,0.6840632353040197,0.6840632353040197,16.266048161491952,-148.28947288242534,0.8257911908479186,376,1110,38
637,OR20 entry-0.50% persist-10m slow-30m/-0.75%,2192885804.3475394,339.72124439149417,0.7094502843444024,0.7046596127756126,13.727343257453683,-511.4956005211595,0.39910070673748727,376,949,109
638,OR20 entry-0.50% persist-10m slow-30m/-1.00%,15939721640.709425,458.3634903362478,0.7058795650213702,0.7058795650213702,14.084415189756905,-392.8533545764058,0.5384802862815551,376,1047,65
639,OR20 entry-0.50% persist-10m slow-30m/-1.25%,205813831317.50305,659.810775198311,0.7313800168685516,0.7061465092855964,11.534370005038763,-191.4060697143426,0.7751382965947021,376,1119,32
640,OR20 entry-0.50% persist-10m slow-30m/-1.50%,189380678092.18103,652.2349712371499,0.8270106623620229,0.8203642541665437,1.9713054556916298,-198.98187367550372,0.7662383270905289,376,1154,15
641,OR20 entry-0.50% persist-10m slow-45m/-0.75%,94947559.51262993,201.28517307554193,0.7669257403577732,0.7669257403577732,7.979797656116605,-649.9316718371117,0.23646756320499804,376,870,143
642,OR20 entry-0.50% persist-10m slow-45m/-1.00%,1143743978.91472,306.5702579373943,0.705577290177227,0.705577290177227,14.114642674171218,-544.6465869752594,0.360155299756612,376,985,93
643,OR20 entry-0.50% persist-10m slow-45m/-1.25%,19218076739.622692,471.08245724296535,0.7540081808139765,0.7499521933156915,9.271553610496275,-380.1343876696883,0.55342238591543,376,1073,56
644,OR20 entry-0.50% persist-10m slow-45m/-1.50%,317810972425.3035,700.6237221260081,0.7404079718454569,0.7404079718454569,10.63157450734823,-150.5931227866455,0.8230848887840109,376,1123,31
645,OR20 entry-0.50% persist-10m slow-60m/-0.75%,102825957.11361997,204.19120537371796,0.6840121076264549,0.6840121076264549,16.27116092924843,-647.0256395389357,0.239881537347479,376,846,151
646,OR20 entry-0.50% persist-10m slow-60m/-1.00%,464362640.87627006,264.7486556635688,0.6756435053766752,0.6702954174136977,17.108021154226407,-586.4681892490848,0.31102375058230386,376,962,103
647,OR20 entry-0.50% persist-10m slow-60m/-1.25%,5291568236.79616,388.9305949860261,0.7874242517379584,0.7874242517379584,5.929946518098084,-462.28624992662753,0.4569112997592707,376,1032,71
648,OR20 entry-0.50% persist-10m slow-60m/-1.50%,374664893371.9999,716.6491818282095,0.7084701492930953,0.7084701492930953,13.825356762584395,-134.56766308444412,0.8419114190600251,376,1111,36
649,OR20 entry-0.50% persist-15m slow-30m/-0.75%,3414146274.086309,363.79982003927796,0.7066491678397183,0.7066491678397183,14.00745490792209,-487.4170248733757,0.42738794728223306,376,962,103
650,OR20 entry-0.50% persist-15m slow-30m/-1.00%,10385994428.002161,430.29133836400126,0.7236095158644851,0.6820244781955125,12.311420105445414,-420.9255065486524,0.5055014370728941,376,1055,62
651,OR20 entry-0.50% persist-15m slow-30m/-1.25%,131732759296.80396,620.0620486929331,0.7677529407450007,0.7231543500935245,7.897077617393855,-231.15479621972054,0.728441938618543,376,1120,31
652,OR20 entry-0.50% persist-15m slow-30m/-1.50%,96848479076.56969,593.8752289350367,0.8453042762839444,0.8193738045757106,0.1419440634994773,-257.3416159776169,0.6976779565446409,376,1154,15
653,OR20 entry-0.50% persist-15m slow-45m/-0.75%,73947391.08433998,192.35101096863497,0.7727163040068468,0.7727163040068468,7.400741291209245,-658.8658339440187,0.22597180978998693,376,875,140
654,OR20 entry-0.50% persist-15m slow-45m/-1.00%,2447044504.612511,345.5666356345729,0.705775054213449,0.705775054213449,14.094866270549023,-505.65020927808075,0.40596780679314765,376,991,88
655,OR20 entry-0.50% persist-15m slow-45m/-1.25%,43507884016.18617,530.1321549636048,0.7100636642514657,0.7052831062760587,13.66600526674735,-321.0846899490489,0.6227933083467156,376,1075,53
656,OR20 entry-0.50% persist-15m slow-45m/-1.50%,312416714877.1461,698.9749425000679,0.7212476300710071,0.7212476300710071,12.547608684793211,-152.24190241258577,0.8211479209763431,376,1128,28
657,OR20 entry-0.50% persist-15m slow-60m/-0.75%,153121610.54994994,219.13301228917442,0.6880540703086633,0.6880540703086633,15.866964661027595,-632.0838326234792,0.2574350044866187,376,852,147
658,OR20 entry-0.50% persist-15m slow-60m/-1.00%,422602435.12477994,260.63293284712563,0.7205870357470997,0.7205870357470997,12.613668117183952,-590.583912065528,0.3061886455899144,376,962,103
659,OR20 entry-0.50% persist-15m slow-60m/-1.25%,5459725085.84271,390.77600007386764,0.7808388531936417,0.7808388531936417,6.588486372529756,-460.440844838786,0.4590792609537309,376,1032,71
660,OR20 entry-0.50% persist-15m slow-60m/-1.50%,371836106975.0492,715.9041992301051,0.6734105486501616,0.6734105486501616,17.331316826877764,-135.31264568254858,0.841036221861383,376,1111,36
661,OR20 entry-1.00% persist-1m slow-30m/-0.75%,834659193.6383389,291.434832269407,0.8051330799119071,0.7989421076166257,4.159063700703214,-559.7820126432466,0.34237437147911726,376,1002,84
662,OR20 entry-1.00% persist-1m slow-30m/-1.00%,46104785121.13204,534.5467722653311,0.6417613159809464,0.621489480381032,20.49624009379928,-316.6700726473225,0.6279795512272585,376,1064,55
663,OR20 entry-1.00% persist-1m slow-30m/-1.25%,177122293464.21094,646.1974384025174,0.7370957029668168,0.6816094722633402,10.96280139521224,-205.01940651013626,0.7591455012486577,376,1121,31
664,OR20 entry-1.00% persist-1m slow-30m/-1.50%,386545494182.7954,719.7249811418749,0.8018986944833092,0.8018986944833092,4.482502243563003,-131.49186377077876,0.8455248335877662,376,1152,15
665,OR20 entry-1.00% persist-1m slow-45m/-0.75%,218162669.40838978,233.03197438748836,0.7963408553366755,0.78987055179967,5.038286158226368,-618.1848705251653,0.27376334923376733,376,961,107
666,OR20 entry-1.00% persist-1m slow-45m/-1.00%,1715708776.700999,326.91729526904993,0.7976328054485126,0.7912035474996739,4.909091147042666,-524.2995496436038,0.38405877094995233,376,1014,77
667,OR20 entry-1.00% persist-1m slow-45m/-1.25%,30370688410.78681,503.4372500064522,0.7205444437525124,0.7205444437525124,12.617927316642685,-347.77959490620145,0.5914324334806974,376,1075,51
668,OR20 entry-1.00% persist-1m slow-45m/-1.50%,314268223501.4901,699.5436675432657,0.7100722338412335,0.7100722338412335,13.665148307770568,-151.673177369388,0.8218160527768319,376,1132,27
669,OR20 entry-1.00% persist-1m slow-60m/-0.75%,37712981.470159985,169.58099162524766,0.8245493985382686,0.82165651596823,2.2174318380670632,-681.635853287406,0.1992218465115654,376,944,116
670,OR20 entry-1.00% persist-1m slow-60m/-1.00%,1014674144.5003397,300.7498582132589,0.7599997188868619,0.7456827547934417,8.672399803207732,-550.4669866993947,0.35331755945703813,376,1009,82
671,OR20 entry-1.00% persist-1m slow-60m/-1.25%,14946999088.414267,454.05644719490266,0.8012808678527489,0.7714143287959486,4.544284906619033,-397.160397717751,0.533420420317804,376,1046,63
672,OR20 entry-1.00% persist-1m slow-60m/-1.50%,285450577462.0667,690.3367981879815,0.6716655895840751,0.6716655895840751,17.505812733486415,-160.88004672467218,0.8109999259458022,376,1117,32
673,OR20 entry-1.00% persist-3m slow-30m/-0.75%,1142180780.2717495,306.50330200360736,0.8051330813921653,0.7989421091439121,4.159063552677389,-544.7135429090463,0.3600766406767464,376,1004,83
674,OR20 entry-1.00% persist-3m slow-30m/-1.00%,40827041736.992325,525.3246832778952,0.6394396599474034,0.6214894803742143,20.728405697153583,-325.8921616347584,0.617145544543119,376,1064,55
675,OR20 entry-1.00% persist-3m slow-30m/-1.25%,151783681526.8392,632.4528308796729,0.7382696309654716,0.6830311590110825,10.845408595346761,-218.76401403298075,0.7429984905251389,376,1121,31
676,OR20 entry-1.00% persist-3m slow-30m/-1.50%,374911937987.3096,716.7140077864638,0.8019012010496994,0.8019012010496994,4.482251586923979,-134.5028371261899,0.8419875758685301,376,1152,15
677,OR20 entry-1.00% persist-3m slow-45m/-0.75%,180236422.39687982,225.4605556183658,0.8079699053980327,0.8018690597798867,3.875381152090651,-625.7562892942879,0.2648685314040056,376,961,107
678,OR20 entry-1.00% persist-3m slow-45m/-1.00%,1644750214.714919,324.75135031183885,0.7976328106403562,0.7912035528564637,4.909090627858303,-526.4654946008147,0.38151424311294346,376,1014,77
679,OR20 entry-1.00% persist-3m slow-45m/-1.25%,29927440768.646378,502.3698306761254,0.7205444437525124,0.7205444437525124,12.617927316642685,-348.84701423652825,0.5901784412263074,376,1075,51
680,OR20 entry-1.00% persist-3m slow-45m/-1.50%,303769614672.3334,696.2789215425362,0.7168363900476662,0.7168363900476662,12.988732687127303,-154.93792337011746,0.8179806658008323,376,1132,27
681,OR20 entry-1.00% persist-3m slow-60m/-0.75%,43362452.249290004,174.15086705690896,0.8260904778123814,0.8232230050234093,2.063323910655779,-677.0659778557447,0.20459048490138748,376,945,115
682,OR20 entry-1.00% persist-3m slow-60m/-1.00%,905326014.8418702,295.2845800859854,0.7736856915139289,0.745682741122518,7.303802540501037,-555.9322648266682,0.3468970120255146,376,1009,82
683,OR20 entry-1.00% persist-3m slow-60m/-1.25%,14024865271.343973,449.8240046801012,0.8012808678527489,0.7714143287959486,4.544284906619033,-401.39284023255243,0.5284481943332069,376,1046,63
684,OR20 entry-1.00% persist-3m slow-60m/-1.50%,225125270650.97894,668.0612585794481,0.6819634376616526,0.6819634376616526,16.476027925728665,-183.15558633320552,0.7848308719125504,376,1117,32
685,OR20 entry-1.00% persist-5m slow-30m/-0.75%,1261152671.5023608,311.3828556339562,0.8051330846473114,0.7989421125024749,4.159063227162784,-539.8339892786975,0.3658090855402518,376,1005,82
686,OR20 entry-1.00% persist-5m slow-30m/-1.00%,40548787488.97227,524.8099150343501,0.6376032115627159,0.6214894801141316,20.912050535622328,-326.4069298783036,0.6165408005855461,376,1064,55
687,OR20 entry-1.00% persist-5m slow-30m/-1.25%,124783696485.95241,615.378147020164,0.7401013856462346,0.6852495074598284,10.66223312727046,-235.83869789248968,0.7229393434798745,376,1121,31
688,OR20 entry-1.00% persist-5m slow-30m/-1.50%,122680945889.06902,613.9155882436111,0.8431287808188445,0.8203640117772443,0.3594936100094759,-237.30125666904257,0.7212211458369425,376,1154,15
689,OR20 entry-1.00% persist-5m slow-45m/-0.75%,295014728.2491098,245.3574838926176,0.8107416418921443,0.8047288550570749,3.5982075026794957,-605.859361020036,0.2882432195262708,376,966,105
690,OR20 entry-1.00% persist-5m slow-45m/-1.00%,1688388973.9986002,326.09288030650816,0.7976328084032318,0.7912035505482653,4.909090851570741,-525.1239646061455,0.3830902575006839,376,1017,76
691,OR20 entry-1.00% persist-5m slow-45m/-1.25%,28384430469.059155,498.54220115307976,0.7205444437525124,0.7205444437525124,12.617927316642685,-352.6746437595739,0.5856817850030176,376,1075,51
692,OR20 entry-1.00% persist-5m slow-45m/-1.50%,299240394611.10944,694.8397371296708,0.7133943834948893,0.7133943834948893,13.332933342404996,-156.37710778298288,0.8162899280981343,376,1132,27
693,OR20 entry-1.00% persist-5m slow-60m/-0.75%,84300974.90339999,197.00092507364238,0.8270624382815113,0.8242109914706577,1.9661278637427948,-654.2159198390112,0.2314344767153396,376,952,113
694,OR20 entry-1.00% persist-5m slow-60m/-1.00%,840916887.9577203,291.7870765397768,0.778935023678345,0.7456827249907617,6.778869324059422,-559.4297683728769,0.3427881840962841,376,1009,82
695,OR20 entry-1.00% persist-5m slow-60m/-1.25%,9472512310.984186,424.44469877265004,0.8012808678527489,0.7714143287959486,4.544284906619033,-426.7721461400036,0.49863287047168786,376,1046,63
696,OR20 entry-1.00% persist-5m slow-60m/-1.50%,217466296470.97015,664.8664943485281,0.6840630977627056,0.6840630977627056,16.266061915623364,-186.3503505641255,0.7810776987346302,376,1117,32
697,OR20 entry-1.00% persist-10m slow-30m/-0.75%,735084387.2628502,285.49214407454684,0.8012639972627549,0.7949501032141136,4.545971965618434,-565.7247008381069,0.335392968056033,376,1006,82
698,OR20 entry-1.00% persist-10m slow-30m/-1.00%,44683892203.67836,532.1592503203343,0.7058677689979809,0.7058677689979809,14.085594792095835,-319.05759459231933,0.6251747172307675,376,1070,53
699,OR20 entry-1.00% persist-10m slow-30m/-1.25%,271480238128.3465,685.5754006168705,0.7501627144099057,0.7061465092855964,9.656100250903354,-165.64144429578312,0.8054062894951519,376,1128,28
700,OR20 entry-1.00% persist-10m slow-30m/-1.50%,125258678230.36226,615.7055146768474,0.8391068231399634,0.8203642541665437,0.7616893778975786,-235.5113302358062,0.7233239313303617,376,1155,14
701,OR20 entry-1.00% persist-10m slow-45m/-0.75%,263649224.78012013,240.71416698574012,0.8209813308713865,0.815293861595368,2.5742386047552746,-610.5026779269135,0.28278830291527024,376,967,104
702,OR20 entry-1.00% persist-10m slow-45m/-1.00%,1070693682.6374998,303.3516806812522,0.797632801984006,0.7912035439250991,4.909091493493323,-547.8651642314014,0.3563741513038081,376,1018,75
703,OR20 entry-1.00% persist-10m slow-45m/-1.25%,42048954682.43024,527.5493084172687,0.7328676340693471,0.7284630748438119,11.385608284959215,-323.667536495385,0.6197590091998266,376,1084,48
704,OR20 entry-1.00% persist-10m slow-45m/-1.50%,296096286667.1009,693.8293701055411,0.7404021158020613,0.7404021158020613,10.632160111687794,-157.38747480711254,0.8151029602530215,376,1133,26
705,OR20 entry-1.00% persist-10m slow-60m/-0.75%,111243663.32542011,207.0872515745612,0.7658790784910421,0.7620188219432047,8.084463842789713,-644.1295933380925,0.24328377993484276,376,954,112
706,OR20 entry-1.00% persist-10m slow-60m/-1.00%,749344089.9055102,286.3850783855952,0.7791422735371738,0.7458831632556244,6.758144338176542,-564.8317665270584,0.3364419772672405,376,1010,81
707,OR20 entry-1.00% persist-10m slow-60m/-1.25%,7726769951.805538,411.736360784202,0.8092965281859801,0.7806347046984443,3.742718873295914,-439.4804841284516,0.4837032575717551,376,1047,62
708,OR20 entry-1.00% persist-10m slow-60m/-1.50%,208708935057.88263,661.0899517722116,0.7083724101757567,0.7083724101757567,13.835130674318252,-190.126893140442,0.7766410588832372,376,1118,31
709,OR20 entry-1.00% persist-15m slow-30m/-0.75%,656552062.8749608,280.2827685553133,0.8023444507003846,0.7960648829360388,4.437926621855459,-570.9340763573404,0.32927305213758323,376,1011,79
710,OR20 entry-1.00% persist-15m slow-30m/-1.00%,30034107835.803066,502.6279682040509,0.6909844823648594,0.6805235785769845,15.573923455407979,-348.58887670860275,0.5904816982981902,376,1073,51
711,OR20 entry-1.00% persist-15m slow-30m/-1.25%,200324454612.35138,657.3412628565517,0.7637175300439911,0.7211049601532653,8.30061868749481,-193.87558205610196,0.7722371411999064,376,1129,27
712,OR20 entry-1.00% persist-15m slow-30m/-1.50%,90258804408.084,588.0120939635666,0.856119928628685,0.825753886978427,-0.9396211709745805,-263.20475094908704,0.6907900113559249,376,1155,14
713,OR20 entry-1.00% persist-15m slow-45m/-0.75%,151329965.74949002,218.6810110566285,0.828255265567766,0.8254234864538978,1.8468451351173254,-632.5358338560252,0.25690399850941403,376,970,102
714,OR20 entry-1.00% persist-15m slow-45m/-1.00%,1124714269.809239,305.7496316697611,0.8344737376657051,0.8292149256323963,1.2249979253234122,-545.4672132428925,0.3591912372236185,376,1024,72
715,OR20 entry-1.00% persist-15m slow-45m/-1.25%,50937223672.40665,542.2093624779424,0.7517588396628141,0.747665764347468,9.496487725612512,-309.0074824347113,0.636981476246021,376,1085,47
716,OR20 entry-1.00% persist-15m slow-45m/-1.50%,354753630545.4601,711.2964537193664,0.7212949061723428,0.7212949061723428,12.54288107465964,-139.9203911932873,0.8356230941275076,376,1134,25
717,OR20 entry-1.00% persist-15m slow-60m/-0.75%,169262370.84680986,223.00778048196693,0.7849613632639503,0.7656415824104434,6.176235365498894,-628.2090644306867,0.26198703869030054,376,958,108
718,OR20 entry-1.00% persist-15m slow-60m/-1.00%,1253189143.5296397,311.06916603166576,0.7852692377752588,0.7529327910678991,6.145447914368041,-540.1476788809879,0.36544056651461787,376,1013,80
719,OR20 entry-1.00% persist-15m slow-60m/-1.25%,8140322890.25267,414.95950272032974,0.808016716872271,0.7791625438400627,3.870700004666827,-436.2573421923239,0.4874897685593971,376,1047,62
720,OR20 entry-1.00% persist-15m slow-60m/-1.50%,213602120389.19983,663.2169038233917,0.6734195544566122,0.6734195544566122,17.330416246232705,-187.99994108926194,0.779139778291684,376,1118,31
721,OR20 entry-1.50% persist-1m slow-30m/-0.75%,2793368227.804951,352.72585569267915,0.8215300017910394,0.8158599639316064,2.5193715127899807,-498.4909892199745,0.4143783782014718,376,1067,56
722,OR20 entry-1.50% persist-1m slow-30m/-1.00%,185266929988.61642,650.2481971995134,0.652489799968206,0.6414493113118864,19.42339169507332,-200.96864771314029,0.7639042872398015,376,1104,37
723,OR20 entry-1.50% persist-1m slow-30m/-1.25%,223006889895.49847,667.1873082978278,0.7443993285425812,0.6904545357624929,10.232438837635804,-184.02953661482582,0.783804164926142,376,1136,23
724,OR20 entry-1.50% persist-1m slow-30m/-1.50%,168155941590.5151,641.5439655034332,0.8400953103783302,0.8200704442818743,0.6628406540609033,-209.6728794092204,0.7536786534919482,376,1153,13
725,OR20 entry-1.50% persist-1m slow-45m/-0.75%,1264986616.3321705,311.5332568640798,0.8193193639482864,0.8135790935546028,2.74043529706528,-539.6835880485738,0.36598577521812004,376,1046,71
726,OR20 entry-1.50% persist-1m slow-45m/-1.00%,26938971085.0169,494.786754964316,0.7750463450408094,0.7678995094211718,7.167737187812984,-356.43008994833764,0.581269928951051,376,1089,47
727,OR20 entry-1.50% persist-1m slow-45m/-1.25%,71630734270.98376,569.1243839099449,0.6536289699404467,0.6536289699404467,19.30947469784925,-282.0924610027088,0.6686009414773091,376,1116,34
728,OR20 entry-1.50% persist-1m slow-45m/-1.50%,323102719671.487,702.2174225161406,0.7100722338412335,0.7100722338412335,13.665148307770568,-148.99942239651307,0.8249571501233597,376,1137,22
729,OR20 entry-1.50% persist-1m slow-60m/-0.75%,588950110.7987798,275.33912634836105,0.8009180167036928,0.7945931307634833,4.580570021524643,-575.8777185642925,0.32346531673326384,376,1035,78
730,OR20 entry-1.50% persist-1m slow-60m/-1.00%,14356747725.541464,451.3747460266226,0.8350833313138428,0.8298438862279116,1.1640385605096393,-399.84209888603107,0.5302699878700589,376,1076,54
731,OR20 entry-1.50% persist-1m slow-60m/-1.25%,48209262430.85464,537.9666313020008,0.6283505273756504,0.6120549611059224,21.83731895432888,-313.25021361065285,0.6319971632577401,376,1091,44
732,OR20 entry-1.50% persist-1m slow-60m/-1.50%,244163272747.34476,675.6065697862207,0.6716658278730913,0.6716658278730913,17.505788904584797,-175.61027512643295,0.7936950188709518,376,1131,26
733,OR20 entry-1.50% persist-3m slow-30m/-0.75%,2794393959.51174,352.7458717111533,0.8266636047769832,0.8211566628080511,2.006011214195602,-498.4709732015003,0.4144018927954249,376,1068,55
734,OR20 entry-1.50% persist-3m slow-30m/-1.00%,179361334734.43118,647.3270975601347,0.6524898000163,0.6414493113615083,19.423391690263927,-203.88974735251895,0.7604726121539092,376,1104,37
735,OR20 entry-1.50% persist-3m slow-30m/-1.25%,214625088961.08716,663.6561406072551,0.7455373304263797,0.6918327141507381,10.118638649255951,-187.56070430539853,0.7796557887377749,376,1136,23
736,OR20 entry-1.50% persist-3m slow-30m/-1.50%,163090679366.0338,638.8177598410309,0.8395619617247929,0.8200737671502437,0.7161755194146302,-212.39908507162272,0.7504759376637833,376,1153,13
737,OR20 entry-1.50% persist-3m slow-45m/-0.75%,2095237759.8308384,337.31580110715055,0.8296363423989083,0.8242238450707093,1.7087374520030951,-513.9010438055031,0.39627481895258276,376,1048,70
738,OR20 entry-1.50% persist-3m slow-45m/-1.00%,25813566889.009552,491.7380607371156,0.7750463444497377,0.7678995088113216,7.167737246920147,-359.47878417553807,0.5776883571748096,376,1089,47
739,OR20 entry-1.50% persist-3m slow-45m/-1.25%,70627524021.3661,567.9888589452651,0.6536289667087269,0.6536289667087269,19.30947502102123,-283.2279859673886,0.6672669394877264,376,1116,34
740,OR20 entry-1.50% persist-3m slow-45m/-1.50%,312402353334.94006,698.9705195128437,0.7168363900476662,0.7168363900476662,12.988732687127303,-152.24632539980996,0.8211427249005716,376,1137,22
741,OR20 entry-1.50% persist-3m slow-60m/-0.75%,639131915.4888405,279.0532941814202,0.8040700254610763,0.7978452796517963,4.265369145786291,-572.1635507312335,0.32782867943603117,376,1036,77
742,OR20 entry-1.50% persist-3m slow-60m/-1.00%,13678641780.499214,448.1714663531556,0.8350833317239928,0.8298438866510922,1.1640385194946368,-403.04537855949803,0.5265068108457652,376,1076,54
743,OR20 entry-1.50% persist-3m slow-60m/-1.25%,45406865868.469604,533.3822736796694,0.6283505273756504,0.6113371154503298,21.83731895432888,-317.8345712329842,0.6266115113527877,376,1091,44
744,OR20 entry-1.50% persist-3m slow-60m/-1.50%,193030497941.3065,653.9661572939839,0.704975795049577,0.704975795049577,14.174792186936225,-197.25068761866976,0.7682721050487313,376,1131,26
745,OR20 entry-1.50% persist-5m slow-30m/-0.75%,5708004256.325739,393.41130345998477,0.8257358450139388,0.8201994278781232,2.09878719050004,-457.8055414526689,0.46217518580750605,376,1072,53
746,OR20 entry-1.50% persist-5m slow-30m/-1.00%,167869932971.96658,641.3919682219383,0.6524898000123562,0.6414493113574392,19.4233916906583,-209.8248766907153,0.7535000887908343,376,1104,37
747,OR20 entry-1.50% persist-5m slow-30m/-1.25%,171047315934.07556,643.0679289095683,0.7466829895934668,0.6932201659000307,10.004072732547243,-208.14891600308533,0.7554689886048435,376,1136,23
748,OR20 entry-1.50% persist-5m slow-30m/-1.50%,153497936053.41342,633.4440952847257,0.8468512023145864,0.8200715021809423,-0.012748539564721995,-217.77274962792796,0.7441630168276635,376,1154,13
749,OR20 entry-1.50% persist-5m slow-45m/-0.75%,1911601136.3032222,332.5118619773433,0.8320953113665588,0.8267609361164775,1.462840555238043,-518.7049829353103,0.3906312051560299,376,1048,70
750,OR20 entry-1.50% persist-5m slow-45m/-1.00%,23279029536.72026,484.4193300908745,0.7750463444689067,0.7678995088310998,7.167737245003247,-366.79751482177915,0.5690903945170193,376,1089,47
751,OR20 entry-1.50% persist-5m slow-45m/-1.25%,65957776058.98742,562.5088987818189,0.6536289636905537,0.6536289636905537,19.309475322838555,-288.7079461308348,0.660829143764818,376,1116,34
752,OR20 entry-1.50% persist-5m slow-45m/-1.50%,307694544168.0535,697.5109045296693,0.7133943834948893,0.7133943834948893,13.332933342404996,-153.7059403829843,0.8194279855930757,376,1137,22
753,OR20 entry-1.50% persist-5m slow-60m/-0.75%,1065625979.2141491,303.1213018838549,0.8186479781902776,0.8128863776979534,2.8075738728661648,-548.0955430287987,0.3561035048771377,376,1039,76
754,OR20 entry-1.50% persist-5m slow-60m/-1.00%,12357639517.593971,441.50803423176956,0.8350833308406405,0.8298438857396756,1.164038607829876,-409.7088106808841,0.5186786855434872,376,1076,54
755,OR20 entry-1.50% persist-5m slow-60m/-1.25%,37644014838.16585,519.2420612336549,0.6445699268664722,0.6445699268664722,20.215379005246703,-331.97478367899873,0.6099997484036352,376,1091,44
756,OR20 entry-1.50% persist-5m slow-60m/-1.50%,190154800643.0254,652.604590895426,0.7013804017282306,0.7013804017282306,14.534331519070864,-198.61225401722766,0.7666725521184817,376,1131,26
757,OR20 entry-1.50% persist-10m slow-30m/-0.75%,4068159172.3060927,373.69261857217106,0.8348588141546205,0.8296122361006517,1.186490276431873,-477.5242263404826,0.43900989601599927,376,1073,53
758,OR20 entry-1.50% persist-10m slow-30m/-1.00%,119259272461.62779,611.4878394145768,0.7338231061705796,0.7338231061705796,11.290061074835966,-239.72900549807684,0.7183690537483709,376,1106,36
759,OR20 entry-1.50% persist-10m slow-30m/-1.25%,259157184198.7057,681.1930292860498,0.7558916302858772,0.7061465092855964,9.083208663306197,-170.0238156266039,0.8002579288194765,376,1139,21
760,OR20 entry-1.50% persist-10m slow-30m/-1.50%,147946657611.10196,630.197892175062,0.8519305189360203,0.8206802979271829,-0.5206802017081125,-221.0189527375917,0.7403494138320639,376,1155,12
761,OR20 entry-1.50% persist-10m slow-45m/-0.75%,1711844565.1322768,326.8013912298932,0.845940360855724,0.8410458463976923,0.07833560632152237,-524.4154536827605,0.3839226081850242,376,1051,67
762,OR20 entry-1.50% persist-10m slow-45m/-1.00%,21366059117.779476,478.41559255950835,0.7750463451851558,0.7678995095701042,7.167737173378342,-372.8012523531453,0.5620372710182918,376,1091,45
763,OR20 entry-1.50% persist-10m slow-45m/-1.25%,93093199187.68346,590.5786518451026,0.7270603303989287,0.7270603303989287,11.966338652001053,-260.638193067551,0.6938051747621418,376,1118,32
764,OR20 entry-1.50% persist-10m slow-45m/-1.50%,306350906514.6951,697.0907186434255,0.7404021158020613,0.7404021158020613,10.632160111687794,-154.12612626922817,0.8189343559277853,376,1138,21
765,OR20 entry-1.50% persist-10m slow-60m/-0.75%,790919888.4224494,288.9057775025607,0.8260776713540441,0.8205521141291894,2.0646045564895132,-562.311067410093,0.3394032663113079,376,1040,75
766,OR20 entry-1.50% persist-10m slow-60m/-1.00%,11229543892.835579,435.3015973512268,0.8329204900206479,0.8276123309091694,1.3803226898291276,-415.91524756142684,0.5113874331233361,376,1077,53
767,OR20 entry-1.50% persist-10m slow-60m/-1.25%,31250983973.56496,505.5171430141792,0.7223937015546378,0.7223937015546378,12.433001536430144,-345.6997018984744,0.593875868452829,376,1092,43
768,OR20 entry-1.50% persist-10m slow-60m/-1.50%,184396975217.62192,649.8230794475418,0.7294927374461868,0.7294927374461868,11.72309794727524,-201.39376546511187,0.7634048636739824,376,1132,25
769,OR20 entry-1.50% persist-15m slow-30m/-0.75%,3597001425.70934,366.7229564962693,0.8346732607894181,0.8294207876571942,1.2050456129521159,-484.4938884163843,0.4308220151986067,376,1074,52
770,OR20 entry-1.50% persist-15m slow-30m/-1.00%,98600216982.02509,595.3746897433516,0.7107814357212602,0.7107814357212602,13.594228119767903,-255.84215516930203,0.6994395062805002,376,1108,35
771,OR20 entry-1.50% persist-15m slow-30m/-1.25%,215909592793.37415,664.2050736411229,0.7637184599722429,0.7138509903686627,8.300525694669636,-187.01177127153073,0.7803006691077399,376,1140,20
772,OR20 entry-1.50% persist-15m slow-30m/-1.50%,154287692717.5537,633.8974979378763,0.8558860888541329,0.8254706950714643,-0.9162371935193647,-217.31934697477732,0.7446956691780727,376,1155,12
773,OR20 entry-1.50% persist-15m slow-45m/-0.75%,1324801323.2927806,313.82925517412303,0.8471128918303485,0.8422556289837037,-0.0389174911409329,-537.3875897385306,0.3686830882750284,376,1052,66
774,OR20 entry-1.50% persist-15m slow-45m/-1.00%,19065093358.1856,470.5330866068304,0.7750463441997009,0.7678995085533411,7.167737271923835,-380.68375830582323,0.5527769914552307,376,1091,45
775,OR20 entry-1.50% persist-15m slow-45m/-1.25%,93663507909.60632,591.0867468738442,0.7067295686988173,0.7067295686988173,13.999414822012191,-260.1300980388095,0.694402079101827,376,1118,32
776,OR20 entry-1.50% persist-15m slow-45m/-1.50%,321319831800.8063,701.6830566146189,0.7212949061723428,0.7212949061723428,12.54288107465964,-149.53378829803478,0.824329383057053,376,1138,21
777,OR20 entry-1.50% persist-15m slow-60m/-0.75%,1005507687.6531901,300.31214764121137,0.8396987749476038,0.8346059636959536,0.7024941971335408,-550.9046972714423,0.3528033419874667,376,1042,73
778,OR20 entry-1.50% persist-15m slow-60m/-1.00%,10840758495.47319,433.0350698094155,0.83946308556337,0.834362786399213,0.7260631355569203,-418.1817751032381,0.5087247419943278,376,1077,53
779,OR20 entry-1.50% persist-15m slow-60m/-1.25%,31416976288.25459,505.9035503285311,0.6983089225972372,0.6983089225972372,14.841479432170201,-345.31329458412256,0.5943298154308068,376,1092,43
780,OR20 entry-1.50% persist-15m slow-60m/-1.50%,187499286632.92233,651.3310946929178,0.6970524939367884,0.6970524939367884,14.967122298215084,-199.88575021973588,0.7651764630665329,376,1132,25
781,OR20 entry-2.00% persist-1m slow-30m/-0.75%,2065006653.7037277,336.5510943270605,0.797540734988271,0.7911085519371712,4.918298193066817,-514.6657505855931,0.39537645000622046,376,1088,47
782,OR20 entry-2.00% persist-1m slow-30m/-1.00%,66186930222.09186,562.7856552323733,0.8073200324305803,0.8065839009978885,3.940368448835896,-288.43118968028034,0.6611542741381283,376,1125,31
783,OR20 entry-2.00% persist-1m slow-30m/-1.25%,50132846034.89028,540.9795355973807,0.8819952145621703,0.8570901794493695,-3.527149764323112,-310.2373093152729,0.6355366894235893,376,1141,22
784,OR20 entry-2.00% persist-1m slow-30m/-1.50%,103389428460.74767,599.3577139790381,0.8803746580587529,0.8551276027772772,-3.3650941139813706,-251.85913093361557,0.7041187184689,376,1157,12
785,OR20 entry-2.00% persist-1m slow-45m/-0.75%,1321696572.3176904,313.71234503470606,0.7643708752706193,0.7478699324009705,8.235284164831992,-537.5044998779476,0.36854574355480146,376,1081,52
786,OR20 entry-2.00% persist-1m slow-45m/-1.00%,13545076684.804802,447.52410643846315,0.8613261988464499,0.860796397304506,-1.460248192751068,-403.6927384741905,0.5257462996804124,376,1107,38
787,OR20 entry-2.00% persist-1m slow-45m/-1.25%,37075980473.64051,518.1092801685348,0.8168076726335389,0.8161077886128827,2.991604428540029,-333.1075647441188,0.6086689699164728,376,1128,29
788,OR20 entry-2.00% persist-1m slow-45m/-1.50%,91065846342.86644,588.7500116339348,0.8424099068916924,0.8091503506141233,0.4313810027246845,-262.4668332787188,0.6916569087567206,376,1143,19
789,OR20 entry-2.00% persist-1m slow-60m/-0.75%,1140603661.3737395,306.43566809739207,0.8106305304291811,0.8075081493529419,3.6093186489758122,-544.7811768152616,0.3599971851224778,376,1075,54
790,OR20 entry-2.00% persist-1m slow-60m/-1.00%,22366899053.83867,481.613060156133,0.7769539312655591,0.7698677001521299,6.97697856533801,-369.60378475652067,0.565793620079914,376,1102,41
791,OR20 entry-2.00% persist-1m slow-60m/-1.25%,81334326075.41261,579.4399720220542,0.7000174149353691,0.63670577222068,14.670630198357015,-271.7768728905994,0.6807195786656602,376,1115,33
792,OR20 entry-2.00% persist-1m slow-60m/-1.50%,205911609516.86368,659.8542351392988,0.6970538076720798,0.6716658827984442,14.966990924685941,-191.36260977335485,0.7751893528458178,376,1140,22
793,OR20 entry-2.00% persist-3m slow-30m/-0.75%,2102464891.0892117,337.49717586203394,0.7975407415357458,0.791108558692661,4.918297538319338,-513.7196690506197,0.3964878959798613,376,1089,46
794,OR20 entry-2.00% persist-3m slow-30m/-1.00%,65000673976.51223,561.3437565762571,0.807322070863016,0.80658594721813,3.9401646055923223,-289.87308833639656,0.6594603477729092,376,1125,31
795,OR20 entry-2.00% persist-3m slow-30m/-1.25%,48466410787.728714,538.3754601920232,0.881982365881103,0.8570746190405365,-3.5258648962163797,-312.84138472063046,0.6324774508512784,376,1141,22
796,OR20 entry-2.00% persist-3m slow-30m/-1.50%,99948224130.96913,596.5126925052168,0.8803769490897908,0.8551303773328452,-3.365323217085159,-254.70415240743682,0.7007764191584192,376,1157,12
797,OR20 entry-2.00% persist-3m slow-45m/-0.75%,2132214931.230201,338.23806593054354,0.7695869948954499,0.7622667143140669,7.713672202348931,-512.97877898211,0.39735828532064743,376,1083,51
798,OR20 entry-2.00% persist-3m slow-45m/-1.00%,13108399795.95274,445.3677093112585,0.8613119746970808,0.8607821188119501,-1.4588257778141545,-405.8491356013951,0.5232129885269825,376,1107,38
799,OR20 entry-2.00% persist-3m slow-45m/-1.25%,36588786530.02495,517.125484885436,0.8168373597291181,0.8161375891276431,2.9886357189821133,-334.09136002721766,0.607513218254627,376,1128,29
800,OR20 entry-2.00% persist-3m slow-45m/-1.50%,88038577568.23094,585.9516694290982,0.8424105071111556,0.8091510775105407,0.43132098077836023,-265.2651754835555,0.6883694477277699,376,1143,19
801,OR20 entry-2.00% persist-3m slow-60m/-0.75%,1198281596.0115387,308.8573003482776,0.8106540365266048,0.8075320430260078,3.606968039233438,-542.359544564376,0.3628420915236593,376,1075,54
802,OR20 entry-2.00% persist-3m slow-60m/-1.00%,21569937121.377266,479.07746968106204,0.7769539313613343,0.7698677002509479,6.9769785557604935,-372.1393752315916,0.5628148368354035,376,1102,41
803,OR20 entry-2.00% persist-3m slow-60m/-1.25%,76507902745.96748,574.453114627556,0.7000202960346291,0.6367092613789944,14.67034208843101,-276.7637302850976,0.6748610745438228,376,1115,33
804,OR20 entry-2.00% persist-3m slow-60m/-1.50%,162754853833.33566,638.6343923067967,0.6970536953090396,0.6753586250415587,14.967002160989962,-212.58245260585693,0.7502605195416795,376,1140,22
805,OR20 entry-2.00% persist-5m slow-30m/-0.75%,3618394123.442362,367.0563505413627,0.7975407407203969,0.7911085578514082,4.918297619854228,-484.16049437129095,0.43121368278259065,376,1091,45
806,OR20 entry-2.00% persist-5m slow-30m/-1.00%,56871850997.982544,550.7891386311761,0.8073313526818101,0.8065952644979981,3.9392364237129107,-300.4277062814775,0.6470609010183469,376,1125,31
807,OR20 entry-2.00% persist-5m slow-30m/-1.25%,38781530202.96436,521.4660207342099,0.8819760551438669,0.8570669764155141,-3.525233822492768,-329.75082417844374,0.6126124310753265,376,1141,22
808,OR20 entry-2.00% persist-5m slow-30m/-1.50%,98455199847.28578,595.2514506948443,0.8803756694537239,0.8551288276282294,-3.36519525347847,-255.96539421780938,0.699294726428875,376,1157,12
809,OR20 entry-2.00% persist-5m slow-45m/-0.75%,1903548204.8152196,332.2920417429698,0.7729126945405618,0.7664630069780106,7.381102237837744,-518.9248031696839,0.39037296281074824,376,1083,51
810,OR20 entry-2.00% persist-5m slow-45m/-1.00%,11873711947.871693,438.90932242326596,0.8612801794791299,0.8607502021207624,-1.455646256019072,-412.3075224893877,0.5156257480645886,376,1107,38
811,OR20 entry-2.00% persist-5m slow-45m/-1.25%,34212789466.588535,512.1558790426359,0.8168250492746556,0.8161252316412417,2.9898667644283616,-339.06096587001775,0.6016749810621875,376,1128,29
812,OR20 entry-2.00% persist-5m slow-45m/-1.50%,86704767625.00725,584.6917782367389,0.8424142998585928,0.809155670721347,0.43094170603463766,-266.5250666759148,0.6868893416891159,376,1143,19
813,OR20 entry-2.00% persist-5m slow-60m/-0.75%,1667415417.4663887,325.45197263187833,0.8167728844611735,0.8137517803755523,2.9950832457765753,-525.7648722807753,0.38233732635457196,376,1078,53
814,OR20 entry-2.00% persist-5m slow-60m/-1.00%,19222018988.36521,471.0965631387568,0.776953931116267,0.7698676999980948,6.9769785802672235,-380.12028177389686,0.5534389573635583,376,1102,41
815,OR20 entry-2.00% persist-5m slow-60m/-1.25%,63288213224.16354,559.2208855771863,0.700010030545086,0.6366968293469966,14.671368637385317,-291.9959593354673,0.656966422738697,376,1115,33
816,OR20 entry-2.00% persist-5m slow-60m/-1.50%,160222107018.12894,637.2406402486642,0.6970513535902159,0.6840631504165638,14.967236332872336,-213.9762046639894,0.7486231552596374,376,1140,22
817,OR20 entry-2.00% persist-10m slow-30m/-0.75%,2512736725.0667357,346.99033839277365,0.7975407378239882,0.7911085548629798,4.918297909495106,-504.22650651988,0.40764035682162697,376,1091,45
818,OR20 entry-2.00% persist-10m slow-30m/-1.00%,61900786107.13397,557.4635683346661,0.832511914203423,0.8060815275147801,1.4211802715516253,-293.75327657798755,0.6549019461567039,376,1129,28
819,OR20 entry-2.00% persist-10m slow-30m/-1.25%,62898012960.43391,558.7301097530105,0.8837852052853614,0.8592579496130065,-3.70614883664222,-292.4867351596431,0.6563898648062396,376,1143,20
820,OR20 entry-2.00% persist-10m slow-30m/-1.50%,116452158956.36841,609.4499455841558,0.8803808093992491,0.8551350523647087,-3.3657092480309903,-241.76689932849786,0.7159749589385694,376,1159,10
821,OR20 entry-2.00% persist-10m slow-45m/-0.75%,1216197104.1103303,309.5886255258386,0.7916378103627658,0.7850180898743159,5.50859065561734,-541.6282193868151,0.36370124413786314,376,1083,51
822,OR20 entry-2.00% persist-10m slow-45m/-1.00%,7585725659.462576,410.60233384753684,0.870618404570979,0.8701241037860632,-2.3894687652039837,-440.6145110651168,0.4823710154486783,376,1108,37
823,OR20 entry-2.00% persist-10m slow-45m/-1.25%,49393637048.800026,539.833945454494,0.8154157149950547,0.8147105130174587,3.13080019238845,-311.3828994581596,0.6341908629755656,376,1130,27
824,OR20 entry-2.00% persist-10m slow-45m/-1.50%,77262057249.78853,575.2502599849356,0.863007007112411,0.8340944906800108,-1.6283290193471744,-275.96658492771803,0.6757975519668717,376,1144,18
825,OR20 entry-2.00% persist-10m slow-60m/-0.75%,1156302827.0130396,307.1052847875461,0.8241003804421736,0.8212000943259914,2.262333647676562,-544.1115601251075,0.36078384329795454,376,1078,53
826,OR20 entry-2.00% persist-10m slow-60m/-1.00%,16475908594.887459,460.5925452270011,0.7740287368816272,0.7668495715883945,7.269498003731201,-390.62429968565255,0.5410989549604885,376,1103,40
827,OR20 entry-2.00% persist-10m slow-60m/-1.25%,55804463820.874794,549.3059915912227,0.7000002203486462,0.6690566633639472,14.672349657029304,-301.910853321431,0.6453185165145421,376,1116,32
828,OR20 entry-2.00% persist-10m slow-60m/-1.50%,161578000681.84625,637.989169172305,0.6970562461100764,0.6777187442394963,14.966747080886279,-213.22767574034867,0.7495025186417349,376,1141,21
829,OR20 entry-2.00% persist-15m slow-30m/-0.75%,2175514870.0473876,339.3003148336791,0.8054858877700346,0.8022786802699831,4.1237829148904614,-511.9165300789745,0.3986062034151779,376,1094,44
830,OR20 entry-2.00% persist-15m slow-30m/-1.00%,53788121400.77663,546.434837592668,0.8338155674510928,0.8075844786143852,1.2908149467846464,-304.7820073199856,0.641945517007173,376,1131,27
831,OR20 entry-2.00% persist-15m slow-30m/-1.25%,63121091792.05962,559.0110147378293,0.883142024194611,0.8584790244709485,-3.6418307275671746,-292.2058301748243,0.6567198688310631,376,1145,18
832,OR20 entry-2.00% persist-15m slow-30m/-1.50%,125374166651.29826,615.7849467461256,0.8797171793221464,0.8543313624560422,-3.299346240320722,-235.43189816652807,0.7234172472342385,376,1159,10
833,OR20 entry-2.00% persist-15m slow-45m/-0.75%,951893434.2859008,297.679378945274,0.8049086557426159,0.8016919306663516,4.181506117632328,-553.5374659673796,0.34971039485927924,376,1084,50
834,OR20 entry-2.00% persist-15m slow-45m/-1.00%,7417976838.835643,409.22919571198156,0.8665268209179459,0.8660168882882956,-1.9803103999006644,-441.9876492006721,0.480757868171622,376,1108,37
835,OR20 entry-2.00% persist-15m slow-45m/-1.25%,51018804445.097435,542.3331367563087,0.8117314250351569,0.8110121472733429,3.499229188378228,-308.88370815634494,0.63712688487968,376,1130,27
836,OR20 entry-2.00% persist-15m slow-45m/-1.50%,95289274748.282,592.5203708193687,0.838711756701512,0.8046717019043521,0.8011960217427228,-258.6964740932849,0.6960862844298733,376,1144,18
837,OR20 entry-2.00% persist-15m slow-60m/-0.75%,1408965060.18345,316.91010552966804,0.7898547668042828,0.7863898286551754,5.6868950114656425,-534.3067393829856,0.3723024367101045,376,1079,52
838,OR20 entry-2.00% persist-15m slow-60m/-1.00%,15100395022.333696,454.73810869470196,0.7828774499387445,0.7759794105408703,6.384626698019469,-396.4787362179517,0.5342212286005269,376,1103,40
839,OR20 entry-2.00% persist-15m slow-60m/-1.25%,57607860040.03536,551.7976344785823,0.7000161760667687,0.640332129222547,14.670754085217052,-299.4192104340714,0.6482456706260368,376,1116,32
840,OR20 entry-2.00% persist-15m slow-60m/-1.50%,166824002322.25717,640.8341690883983,0.6970533237401758,0.6576205660181296,14.96703931787634,-210.38267582425533,0.7528447926264389,376,1141,21
841,OR20 entry-2.50% persist-1m slow-30m/-0.75%,74440446381.61285,572.2318122731107,0.865055791936813,0.8470858430048802,-1.8332075017873817,-278.98503263954296,0.672251513457572,376,1127,29
842,OR20 entry-2.50% persist-1m slow-30m/-1.00%,130840415493.1167,619.4729166415615,0.8209259147764828,0.8202417644489919,2.5797802142456416,-231.74392827109216,0.7277498328937884,376,1142,21
843,OR20 entry-2.50% persist-1m slow-30m/-1.25%,88555007442.8734,586.434974181093,0.8468542213244212,0.8182947069135638,-0.013050440548201259,-264.7818707315606,0.6889372287284437,376,1152,16
844,OR20 entry-2.50% persist-1m slow-30m/-1.50%,80216877068.95685,578.3090028826126,0.8452365856781452,0.8163809579986222,0.14871312407940263,-272.907842030041,0.6793909288084576,376,1162,9
845,OR20 entry-2.50% persist-1m slow-45m/-0.75%,102413390442.76895,598.5593389314369,0.8426302189823114,0.8256347625733786,0.40934979366278323,-252.6575059812168,0.7031807964195741,376,1123,31
846,OR20 entry-2.50% persist-1m slow-45m/-1.00%,66281715321.8302,562.8998837380971,0.9047003857333086,0.890565379603172,-5.797666881436935,-288.3169611745566,0.6612884685051765,376,1127,29
847,OR20 entry-2.50% persist-1m slow-45m/-1.25%,96219198135.47212,593.3307458389284,0.8688847967285356,0.8412127940281178,-2.2161079809596362,-257.8860990737253,0.6970383039116338,376,1136,24
848,OR20 entry-2.50% persist-1m slow-45m/-1.50%,116699333441.59401,609.6311128501029,0.8550063239052422,0.8244052547971042,-0.8282606986303009,-241.58573206255073,0.7161877922101734,376,1149,16
849,OR20 entry-2.50% persist-1m slow-60m/-0.75%,74303071949.82648,572.0823004053714,0.8023608048183111,0.7810088151932196,4.436291210062815,-279.13454450728227,0.6720758685926554,376,1117,33
850,OR20 entry-2.50% persist-1m slow-60m/-1.00%,46978449583.48087,535.9828484981011,0.8257639998400501,0.806949803703227,2.0959717078889106,-315.2339964145525,0.6296666374748495,376,1119,32
851,OR20 entry-2.50% persist-1m slow-60m/-1.25%,129477954158.50203,618.5665560506251,0.8104418702653294,0.8097176657754688,3.6281846653609784,-232.65028886202856,0.7266850506395915,376,1129,27
852,OR20 entry-2.50% persist-1m slow-60m/-1.50%,150046725395.31342,631.4383442997233,0.8372977906734328,0.8366761888952898,0.9425926245506422,-219.77850061293032,0.7418066830720642,376,1148,18
853,OR20 entry-2.50% persist-3m slow-30m/-0.75%,71149323194.38385,568.5812366062697,0.8650567127118102,0.8470854487778495,-1.8332995792870954,-282.6356083063839,0.6679628581182669,376,1127,29
854,OR20 entry-2.50% persist-3m slow-30m/-1.00%,129253174299.21689,618.4162185553695,0.8209267199974951,0.820242572746341,2.5796996921444104,-232.80062635728416,0.7265084358367313,376,1142,21
855,OR20 entry-2.50% persist-3m slow-30m/-1.25%,85579781703.94504,583.6158148223556,0.8468548427537288,0.8182943437285097,-0.013112583478958051,-267.6010300902981,0.6856253119406283,376,1152,16
856,OR20 entry-2.50% persist-3m slow-30m/-1.50%,77559285751.59268,575.5625529832223,0.8452345523615807,0.8163732370021362,0.148916455735848,-275.65429192943134,0.6761644302777899,376,1162,9
857,OR20 entry-2.50% persist-3m slow-45m/-0.75%,93437992379.34894,590.8861584577662,0.8426305592136121,0.8256302959620698,0.4093157705327144,-260.3306864548874,0.6941664300809263,376,1123,31
858,OR20 entry-2.50% persist-3m slow-45m/-1.00%,64158142476.96133,560.3055319749919,0.9046980291971085,0.8905657263537844,-5.797431227816929,-290.9113129376617,0.6582406531586987,376,1127,29
859,OR20 entry-2.50% persist-3m slow-45m/-1.25%,94869167985.61905,592.1519885594273,0.8688857170982472,0.8412139086428332,-2.216200017930803,-259.06485635322633,0.6956535130836022,376,1136,24
860,OR20 entry-2.50% persist-3m slow-45m/-1.50%,112798347868.68076,606.7316423561177,0.8550054185824487,0.824404158404975,-0.82817016635095,-244.4852025565359,0.712781526801642,376,1149,16
861,OR20 entry-2.50% persist-3m slow-60m/-0.75%,69469103752.17621,566.6598676836811,0.8023327652004831,0.7809766208137909,4.439095171845608,-284.5569772289725,0.6657056554629486,376,1117,33
862,OR20 entry-2.50% persist-3m slow-60m/-1.00%,45008472658.34592,532.7104658954718,0.8257737258729211,0.8069561508637985,2.0949991046018135,-318.50637901718187,0.6258222791046094,376,1119,32
863,OR20 entry-2.50% persist-3m slow-60m/-1.25%,100324511877.65575,596.8279482300679,0.8443342256626416,0.8437395064973358,0.23894912562976156,-254.3888966825857,0.7011467780472678,376,1129,27
864,OR20 entry-2.50% persist-3m slow-60m/-1.50%,145028965626.00568,628.4485326844883,0.8372967591686509,0.8366751534496566,0.9426957750288345,-222.7683122281653,0.7382942859277833,376,1148,18
865,OR20 entry-2.50% persist-5m slow-30m/-0.75%,65212567184.813644,561.6030022753233,0.8647569009359256,0.8467474861586023,-1.8033184016986392,-289.6138426373303,0.6597649067118161,376,1127,29
866,OR20 entry-2.50% persist-5m slow-30m/-1.00%,115063241832.77559,608.4255997138852,0.820932457582745,0.8202483322519645,2.5791259336194194,-242.79124519876848,0.7147715689018324,376,1142,21
867,OR20 entry-2.50% persist-5m slow-30m/-1.25%,68571111130.959145,565.6161709504705,0.8468479733152893,0.8182907621571901,-0.012425639635005314,-285.6006739621831,0.664479532249518,376,1152,16
868,OR20 entry-2.50% persist-5m slow-30m/-1.50%,76392593764.01901,574.3306237989196,0.8452335501680424,0.8163764742615992,0.14901667508968597,-276.886221113734,0.674717173692508,376,1162,9
869,OR20 entry-2.50% persist-5m slow-45m/-0.75%,82593488812.75615,580.6981079330972,0.842246386751554,0.825201274213746,0.4477330167385163,-270.5187369795565,0.6821976226195156,376,1123,31
870,OR20 entry-2.50% persist-5m slow-45m/-1.00%,57814630294.15846,552.0789161810649,0.9043357697894118,0.8901485631410553,-5.761205287047256,-299.1379287315888,0.6485761172145456,376,1127,29
871,OR20 entry-2.50% persist-5m slow-45m/-1.25%,88610659319.46289,586.4869083301002,0.8688844059895251,0.8412123208232247,-2.216068907058588,-264.7299365825535,0.6889982403840723,376,1136,24
872,OR20 entry-2.50% persist-5m slow-45m/-1.50%,111123784500.08878,605.4598592079441,0.8550038959653691,0.824402314437946,-0.8280179046429859,-245.75698570470956,0.7112874502267075,376,1149,16
873,OR20 entry-2.50% persist-5m slow-60m/-0.75%,55123481197.87446,548.346666446637,0.8080543314054291,0.7873120639116911,3.866938551351007,-302.8701784660167,0.6441915120969026,376,1118,33
874,OR20 entry-2.50% persist-5m slow-60m/-1.00%,41110894621.75136,525.8466390590061,0.8257636385584874,0.8069388147634015,2.0960078360451773,-325.3702058536476,0.6177587323391903,376,1119,32
875,OR20 entry-2.50% persist-5m slow-60m/-1.25%,83006533655.25494,581.1071421430232,0.8443282146131101,0.843733472482664,0.2395502305829078,-270.1097027696304,0.6826781514205733,376,1129,27
876,OR20 entry-2.50% persist-5m slow-60m/-1.50%,142863187449.10336,627.1298668625775,0.8372954604220952,0.8366738497412558,0.9428256496843979,-224.08697805007614,0.7367451321136972,376,1148,18
877,OR20 entry-2.50% persist-10m slow-30m/-0.75%,53982671878.56054,546.7159550301891,0.8637157422316275,0.845570340090663,-1.6992025312688286,-304.50088988246455,0.6422757706190477,376,1128,28
878,OR20 entry-2.50% persist-10m slow-30m/-1.00%,151500288656.09607,632.2880118670237,0.8203593645931997,0.8196730497677416,2.6364352325739526,-218.92883304562997,0.7428048629981059,376,1144,19
879,OR20 entry-2.50% persist-10m slow-30m/-1.25%,110613704151.23923,605.0691180461437,0.8491740548619354,0.821050311005099,-0.24503379429962058,-246.14772686650997,0.7108284118933665,376,1154,14
880,OR20 entry-2.50% persist-10m slow-30m/-1.50%,76146530678.9063,574.0686903038968,0.8452397324812708,0.8163807806832257,0.14839844376683953,-277.14815460875684,0.6744094571610645,376,1163,8
881,OR20 entry-2.50% persist-10m slow-45m/-0.75%,64338789919.66314,560.5291437814078,0.8408796245552619,0.8236901734992738,0.5844092363677333,-290.68770113124583,0.6585033498002799,376,1124,30
882,OR20 entry-2.50% persist-10m slow-45m/-1.00%,43478766696.49207,530.081356583755,0.9097835786415939,0.8964075240217616,-6.305986172265465,-321.13548832889865,0.6227336309799514,376,1128,28
883,OR20 entry-2.50% persist-10m slow-45m/-1.25%,131785321625.80817,620.0966411542734,0.8681728386199653,0.8403505764056897,-2.1449121701026086,-231.12020375838028,0.7284825774540489,376,1138,22
884,OR20 entry-2.50% persist-10m slow-45m/-1.50%,96380485283.89064,593.4705968067645,0.8739466774104909,0.847342989996213,-2.7222960491551706,-257.7462481058891,0.6972025992597253,376,1150,15
885,OR20 entry-2.50% persist-10m slow-60m/-0.75%,44963959346.12849,532.6350788792331,0.8063093454289421,0.7853736460583777,4.041437148999716,-318.58176603342054,0.625733715283664,376,1119,32
886,OR20 entry-2.50% persist-10m slow-60m/-1.00%,35132768719.154236,514.115074954452,0.8235231500851863,0.8044571745369128,2.3200566833752934,-337.10176995820166,0.6039766224400871,376,1120,31
887,OR20 entry-2.50% persist-10m slow-60m/-1.25%,75757051648.58533,573.6525651124272,0.8446987592821884,0.8441054328130668,0.20249576367508126,-277.5642798002265,0.6739205979544398,376,1130,26
888,OR20 entry-2.50% persist-10m slow-60m/-1.50%,144414589750.34296,628.0762303893644,0.8372985335836611,0.8366769346437974,0.9425183335278087,-223.1406145232893,0.737856909368157,376,1149,17
889,OR20 entry-2.50% persist-15m slow-30m/-0.75%,46946963429.5395,535.9315031251369,0.8650079450383167,0.8470257554134377,-1.8284228119377466,-315.2853417875167,0.6296063175067109,376,1128,28
890,OR20 entry-2.50% persist-15m slow-30m/-1.00%,135419713992.10742,622.4595841568794,0.8216019113243123,0.8209203436332704,2.5121805594626956,-228.75726075577427,0.7312585363847589,376,1146,18
891,OR20 entry-2.50% persist-15m slow-30m/-1.25%,95701499903.33295,592.880455906065,0.8483411910337971,0.820064491112936,-0.16174741148579086,-258.33638900658866,0.6965093083500979,376,1155,13
892,OR20 entry-2.50% persist-15m slow-30m/-1.50%,81943578535.89528,580.0508508425576,0.8443809482245166,0.8153642801438402,0.23427686944226256,-271.1659940700961,0.681437232250824,376,1163,8
893,OR20 entry-2.50% persist-15m slow-45m/-0.75%,59752340144.5682,554.6727501287976,0.8407801077448948,0.8235836153534162,0.5943609174044462,-296.54409478385605,0.6516233242373328,376,1124,30
894,OR20 entry-2.50% persist-15m slow-45m/-1.00%,42453112787.380325,528.2726146538755,0.9051060591412741,0.891037447736377,-5.838234222233485,-322.94423025877813,0.6206087412521581,376,1128,28
895,OR20 entry-2.50% persist-15m slow-45m/-1.25%,138630398224.7692,624.5010910487413,0.8652516348629554,0.836812849497775,-1.8527917944016203,-226.71575386391237,0.7336568757786079,376,1138,22
896,OR20 entry-2.50% persist-15m slow-45m/-1.50%,122898816450.28261,614.0681466974365,0.8516022738488114,0.8202827763662087,-0.48785569298721576,-237.1486982152171,0.7214003697970148,376,1150,15
897,OR20 entry-2.50% persist-15m slow-60m/-0.75%,37690509746.14031,519.3341148904045,0.8072563469804478,0.7864363697900705,3.9467369938491426,-331.8827300222491,0.6101078920068778,376,1119,32
898,OR20 entry-2.50% persist-15m slow-60m/-1.00%,31870252901.02123,506.9496419218531,0.82245421538944,0.8032749358339231,2.426950152949925,-344.26720299080057,0.5955587520990294,376,1120,31
899,OR20 entry-2.50% persist-15m slow-60m/-1.25%,82789265256.61893,580.8922071563456,0.8342431925517128,0.8336099207192303,1.2480524367226464,-270.324637756308,0.6824256482094795,376,1130,26
900,OR20 entry-2.50% persist-15m slow-60m/-1.50%,165730760054.59912,640.2478408385169,0.8284771625705563,0.8278218616918553,1.824655434838296,-210.9690040741367,0.7521559807762205,376,1149,17
901,OR40 entry-0.50% persist-1m slow-30m/-0.75%,262045234.25784,240.4638805590281,0.8967293529404229,0.8967293529404229,-5.000563602148366,-610.7529643536255,0.28249426922901527,376,965,103
902,OR40 entry-0.50% persist-1m slow-30m/-1.00%,8095158680.255152,414.61460137707667,0.818341964779509,0.818341964779509,2.838175213943017,-436.602243535577,0.4870845823306301,376,1069,56
903,OR40 entry-0.50% persist-1m slow-30m/-1.25%,63620074832.228004,559.6361958434638,0.8750620129275761,0.8730019976177035,-2.833829600863691,-291.5806490691898,0.6574543245803484,376,1130,28
904,OR40 entry-0.50% persist-1m slow-30m/-1.50%,356012852338.1594,711.6426998309972,0.8018986944833092,0.8018986944833092,4.482502243563003,-139.5741450816564,0.8360298601750784,376,1156,14
905,OR40 entry-0.50% persist-1m slow-45m/-0.75%,39150164.609050006,170.79787547329298,0.7386589300633782,0.7343020119146224,10.806478685556097,-680.4189694393607,0.2006514280045987,376,878,137
906,OR40 entry-0.50% persist-1m slow-45m/-1.00%,633972816.5786299,278.6835193224698,0.7893082613758451,0.7893082613758451,5.741545554309413,-572.5333255901838,0.32739427208006733,376,998,88
907,OR40 entry-0.50% persist-1m slow-45m/-1.25%,4887330025.408711,384.27395346908844,0.7978764643156366,0.7945437903407149,4.884725260330258,-466.9428914435652,0.451440729545854,376,1075,53
908,OR40 entry-0.50% persist-1m slow-45m/-1.50%,71789624340.89032,569.3029454204569,0.7100877627748007,0.7100877627748007,13.663595414413853,-281.9138994921967,0.6688107135366607,376,1127,31
909,OR40 entry-0.50% persist-1m slow-60m/-0.75%,52223957.30800999,180.35896007616535,0.746542657650954,0.7126845399693966,10.018105926798526,-670.8578848364883,0.2118836829347199,376,861,146
910,OR40 entry-0.50% persist-1m slow-60m/-1.00%,630501948.2818799,278.43325505872923,0.7549928589012039,0.7181242045100678,9.173085801773528,-572.7835898539245,0.32710026443062257,376,975,98
911,OR40 entry-0.50% persist-1m slow-60m/-1.25%,6377585422.54318,400.04613763879223,0.7203697565858307,0.6840525191215547,12.635396033310853,-451.1707072738614,0.4699697145676697,376,1037,68
912,OR40 entry-0.50% persist-1m slow-60m/-1.50%,190176059970.6799,652.6147228835028,0.68406303351792,0.68406303351792,16.266068340101924,-198.6021220291508,0.7666844550644083,376,1115,35
913,OR40 entry-0.50% persist-3m slow-30m/-0.75%,1865730131.1182806,331.24865504544533,0.7699892023978562,0.7699892023978562,7.673451452108305,-519.9681898672084,0.3891472038237635,376,981,94
914,OR40 entry-0.50% persist-3m slow-30m/-1.00%,12022090793.189436,439.71587624513336,0.7219855523892655,0.7174015661104414,12.473816452967368,-411.5009686675203,0.5165732784461686,376,1074,53
915,OR40 entry-0.50% persist-3m slow-30m/-1.25%,77803759831.80415,575.8186297886912,0.8566253899002098,0.8542613859749554,-0.9901672981270537,-275.3982151239625,0.6764652664360489,376,1134,25
916,OR40 entry-0.50% persist-3m slow-30m/-1.50%,347316654203.50214,709.2291958449878,0.8019012010496994,0.8019012010496994,4.482251586923979,-141.98764906766587,0.8331945027682861,376,1159,12
917,OR40 entry-0.50% persist-3m slow-45m/-0.75%,52247482.73657001,180.37416566038567,0.7512304660812481,0.7505144094772107,9.549325083769112,-670.842679252268,0.2119015462844776,376,890,133
918,OR40 entry-0.50% persist-3m slow-45m/-1.00%,919405906.4197896,296.01987112315544,0.810076122453515,0.7814769951271172,3.6647594465424205,-555.1969737894982,0.34776082368709593,376,1004,84
919,OR40 entry-0.50% persist-3m slow-45m/-1.25%,6676993067.768297,402.81641617285857,0.7971828323914996,0.7676675701558594,4.9540884527439655,-448.4004287397951,0.4732242067110326,376,1084,48
920,OR40 entry-0.50% persist-3m slow-45m/-1.50%,87064458286.66272,585.0332047262425,0.7168434666931103,0.7168434666931103,12.988025022582894,-266.18364018641114,0.6872904456986807,376,1130,29
921,OR40 entry-0.50% persist-3m slow-60m/-0.75%,73979440.50747997,192.366266457288,0.7637993072944187,0.7304240865505576,8.292440962452051,-658.8505784553656,0.2259897317669123,376,868,142
922,OR40 entry-0.50% persist-3m slow-60m/-1.00%,893929751.5928297,294.6820330451553,0.7813884817595664,0.748491838519776,6.533523515937278,-556.5348118674983,0.3461891465216407,376,980,95
923,OR40 entry-0.50% persist-3m slow-60m/-1.25%,9890242775.59929,427.1772100618544,0.7203745547512275,0.6581075451245386,12.634916216771174,-424.03963485079925,0.5018429940794799,376,1045,64
924,OR40 entry-0.50% persist-3m slow-60m/-1.50%,232608278413.09055,671.0915909309421,0.6819072545863386,0.6819072545863386,16.48164623326006,-180.12525398171158,0.788390872363205,376,1119,32
925,OR40 entry-0.50% persist-5m slow-30m/-0.75%,3738486645.7639017,368.89636444838726,0.7615142138141632,0.7615142138141632,8.520950310477604,-482.3204804642664,0.4333753104783083,376,993,90
926,OR40 entry-0.50% persist-5m slow-30m/-1.00%,9038274517.606485,421.4894602252576,0.7924994543438912,0.7890781226026433,5.422426257504798,-429.72738468739607,0.4951610893796493,376,1074,53
927,OR40 entry-0.50% persist-5m slow-30m/-1.25%,112258214943.03613,606.3232517407914,0.7865752825631371,0.783056271286204,6.014843435580208,-244.89359317186222,0.7123017540882998,376,1138,24
928,OR40 entry-0.50% persist-5m slow-30m/-1.50%,346696950066.3696,709.0551842066791,0.8018961756966816,0.8018961756966816,4.482754122225763,-142.16166070597455,0.8329900758477562,376,1159,12
929,OR40 entry-0.50% persist-5m slow-45m/-0.75%,75615892.07653998,193.13759406714462,0.7672952539781123,0.7621287607240392,7.942846294082695,-658.079250845509,0.22689587878980844,376,901,130
930,OR40 entry-0.50% persist-5m slow-45m/-1.00%,967342963.8477002,298.4511477818476,0.8055395782496422,0.7763083862741965,4.118413866929704,-552.7656971308061,0.3506170602303726,376,1010,82
931,OR40 entry-0.50% persist-5m slow-45m/-1.25%,18555427333.325783,468.6744399208143,0.7791142897212023,0.7754722593382201,6.760942719773688,-382.54240499183936,0.5505934741797862,376,1088,46
932,OR40 entry-0.50% persist-5m slow-45m/-1.50%,121099811289.15706,612.8012420475203,0.7133295705244784,0.7133295705244784,13.33941463944608,-238.41560286513334,0.7199120244271036,376,1130,28
933,OR40 entry-0.50% persist-5m slow-60m/-0.75%,94790449.62177001,201.22509435632105,0.7662411238477849,0.7398064232489372,8.048259307115435,-649.9917505563326,0.23639698339965237,376,876,140
934,OR40 entry-0.50% persist-5m slow-60m/-1.00%,644776612.7012302,279.45487828882955,0.7691888366366274,0.7344563918046263,7.753488028231182,-571.761966623824,0.32830045594023155,376,982,94
935,OR40 entry-0.50% persist-5m slow-60m/-1.25%,15932403904.372538,458.33261528641367,0.7168673526552278,0.6787548080144115,12.985636426371139,-392.88422962623997,0.5384440146193826,376,1056,59
936,OR40 entry-0.50% persist-5m slow-60m/-1.50%,235036194764.95984,672.0563886370966,0.6814257155946954,0.6814257155946954,16.529800132424377,-179.16045627555707,0.7895243058847815,376,1119,32
937,OR40 entry-0.50% persist-10m slow-30m/-0.75%,4899888583.856301,384.4236376430362,0.7146064869416715,0.6716892231786131,13.21172299772677,-466.7932072696174,0.45161657683417117,376,1006,82
938,OR40 entry-0.50% persist-10m slow-30m/-1.00%,23795143781.686512,485.96463999159016,0.770012764484788,0.7442259758685087,7.671095243415127,-365.2522049210635,0.5709058072522716,376,1078,50
939,OR40 entry-0.50% persist-10m slow-30m/-1.25%,197660011091.37927,656.1210788175127,0.7767677740906281,0.7296543760707599,6.995594282831108,-195.0957660951409,0.770803682679517,376,1139,22
940,OR40 entry-0.50% persist-10m slow-30m/-1.50%,471818699030.53534,739.6410733230867,0.8018989923349424,0.8018989923349424,4.482472458399678,-111.5757715895669,0.8689220352529371,376,1161,10
941,OR40 entry-0.50% persist-10m slow-45m/-0.75%,79351322.55333,194.8446781196418,0.7297166188918595,0.7297166188918595,11.700709802707976,-656.3721667930118,0.2289013419837051,376,927,120
942,OR40 entry-0.50% persist-10m slow-45m/-1.00%,2828755275.7553186,353.41268866748254,0.7080137495580814,0.6943004330799796,13.870996736085782,-497.8041562451711,0.41518526187501315,376,1015,78
943,OR40 entry-0.50% persist-10m slow-45m/-1.25%,35373250133.38137,514.6197619145674,0.7245565998834007,0.7200150058130989,12.216711703553852,-336.5970829980862,0.6045695230189839,376,1096,43
944,OR40 entry-0.50% persist-10m slow-45m/-1.50%,160656143922.78827,637.4808571586644,0.7403482608615907,0.7403482608615907,10.637545605734855,-213.7359877539892,0.7489053593906246,376,1131,26
945,OR40 entry-0.50% persist-10m slow-60m/-0.75%,233142915.00547004,235.70601754374002,0.7109892545117715,0.7109892545117715,13.57344624071677,-615.5108273689136,0.27690478513489314,376,887,135
946,OR40 entry-0.50% persist-10m slow-60m/-1.00%,1780204354.8192804,328.81865625540706,0.7024325231536587,0.69752614061631,14.429119376528055,-522.3981886572466,0.38629246850624566,376,991,90
947,OR40 entry-0.50% persist-10m slow-60m/-1.25%,14906859462.226921,453.87705905136374,0.7298302975877798,0.7298302975877798,11.689341933115937,-397.3397858612899,0.533209677139246,376,1056,58
948,OR40 entry-0.50% persist-10m slow-60m/-1.50%,221862386934.10315,666.7120942641179,0.6914534426724415,0.6914534426724415,15.527027424649775,-184.50475064853572,0.7832458888105435,376,1119,32
949,OR40 entry-0.50% persist-15m slow-30m/-0.75%,3214096133.061959,360.43964482612694,0.7076367000532118,0.6636700866572206,13.908701686572744,-490.7772000865267,0.4234404511380563,376,1008,81
950,OR40 entry-0.50% persist-15m slow-30m/-1.00%,23203564249.07313,484.19085763512595,0.7773618462459356,0.7340878955833691,6.936187067300359,-367.0259872775277,0.5688219876391315,376,1085,47
951,OR40 entry-0.50% persist-15m slow-30m/-1.25%,194000346664.55725,654.4213330965547,0.7843832651840558,0.7388771246358176,6.2340451734883455,-196.79551181609895,0.7688068404751872,376,1141,21
952,OR40 entry-0.50% persist-15m slow-30m/-1.50%,348780527992.4527,709.6391665773328,0.8018941222466911,0.8018941222466911,4.482959467224812,-141.5776783353208,0.8336761317853754,376,1161,10
953,OR40 entry-0.50% persist-15m slow-45m/-0.75%,63908249.60764999,187.25918788660056,0.736431850488661,0.736431850488661,11.029186643027822,-663.9576570260531,0.2199899931559929,376,932,116
954,OR40 entry-0.50% persist-15m slow-45m/-1.00%,9009778371.598557,421.2911906755686,0.6649078024805195,0.6593827010019047,18.18159144384197,-429.92565423708504,0.494928164536968,376,1030,69
955,OR40 entry-0.50% persist-15m slow-45m/-1.25%,81473655782.63326,579.5800277619529,0.7363252440685832,0.7319776949622352,11.039847285035599,-271.6368171507007,0.6808841145776734,376,1098,40
956,OR40 entry-0.50% persist-15m slow-45m/-1.50%,191385811354.71164,653.1896437506906,0.7786560630693253,0.7319411904409747,6.8067653849613885,-198.02720116196303,0.7673598656494124,376,1141,21
957,OR40 entry-0.50% persist-15m slow-60m/-0.75%,142926147.2953399,216.4959216109972,0.7118502107306752,0.7118502107306752,13.4873506188264,-634.7209233016565,0.2543369799421822,376,899,129
958,OR40 entry-0.50% persist-15m slow-60m/-1.00%,1703721698.1579194,326.5569998834863,0.7655645152516793,0.7616990720900331,8.115920166725987,-524.6598450291674,0.38363549997297747,376,997,87
959,OR40 entry-0.50% persist-15m slow-60m/-1.25%,16586315083.668161,461.0435935280694,0.7147409764541275,0.7071401406800926,13.198274046481174,-390.17325138458426,0.5416288414444838,376,1059,56
960,OR40 entry-0.50% persist-15m slow-60m/-1.50%,133975978113.17264,621.5276794805604,0.7255636467310557,0.7255636467310557,12.116007018788356,-229.6891654320932,0.7301637452256218,376,1124,29
961,OR40 entry-1.00% persist-1m slow-30m/-0.75%,1165899921.1753805,307.51070174935984,0.8051330859602881,0.7989421138571654,4.159063095865112,-543.7061431632937,0.3612601225965102,376,1024,74
962,OR40 entry-1.00% persist-1m slow-30m/-1.00%,16205646760.92586,459.4771116351659,0.7529459956788832,0.748872494550905,9.3777721240056,-391.73973327748774,0.5397885560903279,376,1083,47
963,OR40 entry-1.00% persist-1m slow-30m/-1.25%,111057932723.23352,605.4095030111574,0.8205752478306594,0.8176168382620412,2.6148469088279835,-245.80734190149622,0.7112282923316451,376,1137,24
964,OR40 entry-1.00% persist-1m slow-30m/-1.50%,248354381798.76343,677.1978298769011,0.8018986944833092,0.8018986944833092,4.482502243563003,-174.01901503575255,0.795564413373881,376,1157,13
965,OR40 entry-1.00% persist-1m slow-45m/-0.75%,491056260.20322025,267.21196914176204,0.7963408950184179,0.7898705927421116,5.038282190052135,-584.0048757708917,0.31391762362172426,376,976,99
966,OR40 entry-1.00% persist-1m slow-45m/-1.00%,721756118.2504706,284.6436517437974,0.7976328027949173,0.7912035447617732,4.909091412402189,-566.5731931688563,0.3343961687847069,376,1022,74
967,OR40 entry-1.00% persist-1m slow-45m/-1.25%,6365854671.801332,399.93528702379695,0.8269447334465669,0.824091345882803,1.977898347237228,-451.2815578888567,0.46983948850875445,376,1085,47
968,OR40 entry-1.00% persist-1m slow-45m/-1.50%,155504617918.62656,634.5921595064868,0.7100722338412335,0.7100722338412335,13.665148307770568,-216.6246854061668,0.7455117497957933,376,1136,25
969,OR40 entry-1.00% persist-1m slow-60m/-0.75%,168378992.67639005,222.80430827655002,0.7563138089567365,0.7328217770192139,9.040990796220271,-628.4125366361036,0.2617480018260362,376,957,108
970,OR40 entry-1.00% persist-1m slow-60m/-1.00%,1283476220.04451,312.2530012386717,0.7593857711145094,0.7456827489079516,8.733794580442977,-538.963843673982,0.3668313228349153,376,1014,79
971,OR40 entry-1.00% persist-1m slow-60m/-1.25%,9962882091.46233,427.64197111553256,0.7441267950563374,0.7280083187495934,10.259692186260184,-423.5748737971211,0.5023889901514043,376,1051,59
972,OR40 entry-1.00% persist-1m slow-60m/-1.50%,108857898205.9035,603.7118746925266,0.6840632032059126,0.6840632032059126,16.26605137130266,-247.504970220127,0.7092339376278152,376,1122,30
973,OR40 entry-1.00% persist-3m slow-30m/-0.75%,1041245053.3622583,301.9992854767775,0.8051330792231014,0.7989421069059365,4.159063769583781,-549.2175594358762,0.3547853725894801,376,1027,72
974,OR40 entry-1.00% persist-3m slow-30m/-1.00%,16086613659.326275,458.98063621422614,0.7562375179601051,0.7522182884467974,9.048619895883414,-392.2362086984275,0.5392053023355332,376,1084,46
975,OR40 entry-1.00% persist-3m slow-30m/-1.25%,102485332248.29462,598.6184135177954,0.8006592365350315,0.7973724457499238,4.606448038390775,-252.59843139485827,0.7032501965808979,376,1140,22
976,OR40 entry-1.00% persist-3m slow-30m/-1.50%,242308907063.91577,674.8948344345364,0.8019012010496994,0.8019012010496994,4.482251586923979,-176.32201047811725,0.7928588801644189,376,1160,11
977,OR40 entry-1.00% persist-3m slow-45m/-0.75%,370574594.4499602,254.97235051887225,0.8079699434606792,0.8018690990517933,3.8753773458260032,-596.2444943937815,0.29953865697410614,376,976,99
978,OR40 entry-1.00% persist-3m slow-45m/-1.00%,886834573.1579008,294.30347272239,0.7976327984628198,0.7912035402920439,4.909091845611946,-556.9133721902637,0.34574441810134704,376,1029,70
979,OR40 entry-1.00% persist-3m slow-45m/-1.25%,9656201769.042305,425.65906801209775,0.7992725179785057,0.7959628625585191,4.7451198940433486,-425.5577769005559,0.5000594978307509,376,1094,42
980,OR40 entry-1.00% persist-3m slow-45m/-1.50%,190995494408.42584,653.0045001153786,0.7168363900476662,0.7168363900476662,12.988732687127303,-198.21234479727502,0.7671423609836877,376,1139,23
981,OR40 entry-1.00% persist-3m slow-60m/-0.75%,165403364.1491099,222.11194037964174,0.772289240777095,0.7380493883652725,7.443447614184418,-629.1049045330119,0.26093461578809973,376,958,107
982,OR40 entry-1.00% persist-3m slow-60m/-1.00%,1440061373.9172506,318.0075435369618,0.7854626344082497,0.7532231725671784,6.126108251068951,-533.2093013756919,0.3735916945694298,376,1016,77
983,OR40 entry-1.00% persist-3m slow-60m/-1.25%,11840637646.05534,438.72833040197474,0.7441229201250777,0.6874374514461734,10.260079679386147,-412.4885145106789,0.5154131206684405,376,1056,56
984,OR40 entry-1.00% persist-3m slow-60m/-1.50%,133845282649.86604,621.442882596161,0.6819634376616526,0.6819634376616526,16.476027925728665,-229.77396231649266,0.7300641267971258,376,1126,27
985,OR40 entry-1.00% persist-5m slow-30m/-0.75%,962999295.7726011,298.2352653142531,0.8073563537575604,0.8012360154455997,3.9367363161378788,-552.9815795984005,0.35036344392932695,376,1027,72
986,OR40 entry-1.00% persist-5m slow-30m/-1.00%,13095657727.682526,445.30384292679963,0.8180554085672056,0.8150554511268571,2.866830835173362,-405.913001985854,0.5231379590150073,376,1084,46
987,OR40 entry-1.00% persist-5m slow-30m/-1.25%,101939307403.34068,598.169133127289,0.7972997180064657,0.7939575344640005,4.9423998912473515,-253.04771178536464,0.7027223870183975,376,1140,22
988,OR40 entry-1.00% persist-5m slow-30m/-1.50%,241878405490.89206,674.72891599964,0.8018961756966816,0.8018961756966816,4.482754122225763,-176.48792891301366,0.7926639610484638,376,1160,11
989,OR40 entry-1.00% persist-5m slow-45m/-0.75%,305349706.04337007,246.79245774866155,0.8107416370764484,0.8047288500883831,3.59820798424908,-604.4243871639922,0.28992901071405114,376,981,97
990,OR40 entry-1.00% persist-5m slow-45m/-1.00%,1003911481.7368999,300.23556812542864,0.7976328001003379,0.7912035419815863,4.909091681860134,-550.9812767872249,0.3527133772314349,376,1035,68
991,OR40 entry-1.00% persist-5m slow-45m/-1.25%,26704150293.891434,494.1600046278636,0.8107796259637482,0.8076597032197668,3.594409095519102,-357.05684028479004,0.5805336296870054,376,1098,40
992,OR40 entry-1.00% persist-5m slow-45m/-1.50%,247407028952.97382,676.8402211220418,0.7133943834948893,0.7133943834948893,13.332933342404996,-174.3766237906118,0.7951442986205175,376,1139,22
993,OR40 entry-1.00% persist-5m slow-60m/-0.75%,170781027.67022997,223.35540602858433,0.7731149925015709,0.741702261951489,7.3608724417368325,-627.8614388840693,0.26239542528261833,376,963,106
994,OR40 entry-1.00% persist-5m slow-60m/-1.00%,1085189827.8235,304.0054225321157,0.7739790778776564,0.7456827531499458,7.274463904128281,-547.2114223805379,0.3571421598961787,376,1018,76
995,OR40 entry-1.00% persist-5m slow-60m/-1.25%,17981536049.080395,466.5270433337967,0.7419588117844214,0.7377041506460625,10.476490513451786,-384.68980157885693,0.5480707367599953,376,1065,52
996,OR40 entry-1.00% persist-5m slow-60m/-1.50%,135495914150.48515,622.5085267546947,0.6815714091475176,0.6815714091475176,16.515230777142165,-228.70831815795896,0.7313160335996082,376,1126,27
997,OR40 entry-1.00% persist-10m slow-30m/-0.75%,1113706653.3329098,305.2693534061585,0.7978322283510864,0.7914093061192812,4.889148856785286,-545.9474915064952,0.35862701170755523,376,1033,67
998,OR40 entry-1.00% persist-10m slow-30m/-1.00%,36513322823.45002,516.9720709550721,0.7898769958291496,0.7565420103933245,5.684672108978961,-334.2447739575815,0.6073329892903147,376,1088,43
999,OR40 entry-1.00% persist-10m slow-30m/-1.25%,189511178874.4055,652.2973743590654,0.7907210621918708,0.7465525204234769,5.600265472706845,-198.9194705535882,0.7663116375780838,376,1141,20
1000,OR40 entry-1.00% persist-10m slow-30m/-1.50%,327806574644.43604,703.6149103226749,0.8018989923349424,0.8018989923349424,4.482472458399678,-147.60193458997878,0.8265989031207145,376,1162,9
1001,OR40 entry-1.00% persist-10m slow-45m/-0.75%,368103234.2655602,254.6864341038664,0.8157883268795535,0.809935874527761,3.0935390039385724,-596.5304108087872,0.2992027655773197,376,989,92
1002,OR40 entry-1.00% persist-10m slow-45m/-1.00%,2462307685.1886783,345.90039575778763,0.7917625209323383,0.7851467625308388,5.496119598660087,-505.316449154866,0.4063599044416017,376,1039,65
1003,OR40 entry-1.00% persist-10m slow-45m/-1.25%,53502280916.72815,546.0201832257219,0.7463317683821491,0.7421492098744779,10.039194853679012,-305.19666168693175,0.641458385708698,376,1106,37
1004,OR40 entry-1.00% persist-10m slow-45m/-1.50%,238800185105.51038,673.5349205280836,0.7404021158020613,0.7404021158020613,10.632160111687794,-177.68192438457004,0.7912612685633558,376,1140,21
1005,OR40 entry-1.00% persist-10m slow-60m/-0.75%,296920050.43250024,245.62532067107244,0.7577856199171368,0.7500053055196483,8.893809700180244,-605.5915242415812,0.28855787116886406,376,966,104
1006,OR40 entry-1.00% persist-10m slow-60m/-1.00%,2752856945.782103,351.93010600138416,0.7411324095276491,0.7329081194324597,10.559130739129008,-499.2867389112695,0.4134435403912818,376,1027,72
1007,OR40 entry-1.00% persist-10m slow-60m/-1.25%,13540513642.34468,447.5018913745569,0.7372274644549786,0.7328947914311768,10.949625246396067,-403.7149535380967,0.5257202016725558,376,1065,52
1008,OR40 entry-1.00% persist-10m slow-60m/-1.50%,126279179099.58783,616.4051889234257,0.6914068448995181,0.6914068448995181,15.531687201942113,-234.81165598922792,0.724145900785924,376,1126,27
1009,OR40 entry-1.00% persist-15m slow-30m/-0.75%,1224992703.9984512,309.94420694115803,0.7944308483273669,0.7878998633752035,5.229286859157234,-541.2726379714957,0.3641189771954789,376,1036,65
1010,OR40 entry-1.00% persist-15m slow-30m/-1.00%,41803525437.19957,527.1070833535522,0.7898837785496997,0.7591467848544403,5.683993836923951,-324.10976155910146,0.6192394881560884,376,1095,40
1011,OR40 entry-1.00% persist-15m slow-30m/-1.25%,209140954506.01474,661.2794958179371,0.7955190011381805,0.7523630694727038,5.120471578075869,-189.93734909471652,0.7768637331017496,376,1143,19
1012,OR40 entry-1.00% persist-15m slow-30m/-1.50%,328323219584.5846,703.7673256356602,0.8032771771036559,0.8018941222466911,4.344653981528335,-147.44951927699344,0.8267779589205336,376,1162,9
1013,OR40 entry-1.00% persist-15m slow-45m/-0.75%,291903862.086,244.91689235682358,0.8142504352392596,0.8083491236735282,3.2473281679679666,-606.29995255583,0.2877256175328102,376,992,90
1014,OR40 entry-1.00% persist-15m slow-45m/-1.00%,5152604580.191644,387.366218633647,0.8231259544358679,0.8175066204034582,2.3597762483071327,-463.85062627900663,0.45507348797050184,376,1053,58
1015,OR40 entry-1.00% persist-15m slow-45m/-1.25%,82820492813.86371,580.9231298447716,0.7599067865230988,0.7559480570193793,8.681693039584037,-270.2937150678821,0.6824619758369351,376,1108,35
1016,OR40 entry-1.00% persist-15m slow-45m/-1.50%,239118071827.89172,673.6588488206559,0.7849686302206054,0.7395860315841207,6.175508669833385,-177.55799609199778,0.7914068581311762,376,1142,19
1017,OR40 entry-1.00% persist-15m slow-60m/-0.75%,484055277.43914056,266.577529242119,0.7661197472409725,0.7647545986331773,8.060396967796668,-584.6393156705346,0.31317229074510794,376,978,96
1018,OR40 entry-1.00% persist-15m slow-60m/-1.00%,4259200840.766298,376.31762930298373,0.7512692991200405,0.743367060620876,9.545441779889874,-474.8992156096699,0.4420937291737912,376,1037,68
1019,OR40 entry-1.00% persist-15m slow-60m/-1.25%,17854602239.68065,466.04395086964325,0.7546559987330519,0.7506106926525054,9.206771818588733,-385.1728940430104,0.547503205152696,376,1068,50
1020,OR40 entry-1.00% persist-15m slow-60m/-1.50%,107319696969.89745,602.5069233075034,0.6840698651755452,0.6840698651755452,16.265385174339396,-248.70992160515027,0.7078183742584755,376,1130,25
1021,OR40 entry-1.50% persist-1m slow-30m/-0.75%,3815819137.7685137,370.0538935271276,0.8348588150767958,0.8296122370521248,1.1864901842143394,-481.162951385526,0.4347351626542355,376,1075,51
1022,OR40 entry-1.50% persist-1m slow-30m/-1.00%,71147405692.63217,568.5790667485583,0.6862796517256031,0.6631175686735165,16.04440651933361,-282.6377781640954,0.6679603089937701,376,1112,33
1023,OR40 entry-1.50% persist-1m slow-30m/-1.25%,142658310153.37744,627.0042157103593,0.7965355611226692,0.7535941755199986,5.018815579627001,-224.21262920229435,0.7365975185496927,376,1143,19
1024,OR40 entry-1.50% persist-1m slow-30m/-1.50%,334408785100.70575,705.5469273435191,0.8018986944833092,0.8018986944833092,4.482502243563003,-145.66991756913455,0.8288686150424076,376,1157,11
1025,OR40 entry-1.50% persist-1m slow-45m/-0.75%,2154000123.789568,338.77485547896697,0.8193193717251576,0.8135791015785472,2.7404345193781654,-512.4419894336867,0.3979888996601446,376,1052,66
1026,OR40 entry-1.50% persist-1m slow-45m/-1.00%,9808187065.36808,426.6485756584348,0.7750463440486196,0.76789950839746,7.167737287031962,-424.5682692542188,0.5012219603128445,376,1091,46
1027,OR40 entry-1.50% persist-1m slow-45m/-1.25%,54153118494.150665,546.9615119740757,0.7030158202976703,0.6950782021579116,14.370789662126892,-304.2553329385779,0.6425642481619374,376,1121,31
1028,OR40 entry-1.50% persist-1m slow-45m/-1.50%,209376299856.94418,661.3826062882688,0.7100722338412335,0.7100722338412335,13.665148307770568,-189.83423862438485,0.7769848661255471,376,1141,20
1029,OR40 entry-1.50% persist-1m slow-60m/-0.75%,1280074550.8265595,312.12127212600336,0.8009180356010711,0.7945931502612362,4.58056813178681,-539.0955727866503,0.3666765689511598,376,1042,72
1030,OR40 entry-1.50% persist-1m slow-60m/-1.00%,7819037647.798128,412.4684013233299,0.8350833319390537,0.8298438868729856,1.164038497988551,-438.74844358932376,0.48456325058470234,376,1076,54
1031,OR40 entry-1.50% persist-1m slow-60m/-1.25%,37979512607.601265,519.9040718712346,0.6918173170495197,0.6312156275739682,15.490639986941957,-331.31277304141906,0.6107774710738764,376,1092,43
1032,OR40 entry-1.50% persist-1m slow-60m/-1.50%,148282812879.99356,630.3974867324246,0.684063259689691,0.684063259689691,16.266045722924826,-220.81935818022907,0.7405838952788956,376,1135,24
1033,OR40 entry-1.50% persist-3m slow-30m/-0.75%,4038711871.3188,373.27839221889167,0.8348588116357641,0.8296122335017707,1.1864905283175076,-477.938452693762,0.4385232675431782,376,1078,49
1034,OR40 entry-1.50% persist-3m slow-30m/-1.00%,76469543335.00705,574.4123840932823,0.6862760938087211,0.6648040915497349,16.04476231102181,-276.80446081937134,0.6748132247690949,376,1113,32
1035,OR40 entry-1.50% persist-3m slow-30m/-1.25%,176595032211.10782,645.9295940040989,0.7965316272595684,0.7535894114109185,5.019208965937083,-205.2872509085547,0.7588308406542167,376,1146,17
1036,OR40 entry-1.50% persist-3m slow-30m/-1.50%,414167649110.8838,726.5666834163671,0.8019012010496994,0.8019012010496994,4.482251586923979,-124.6501614962865,0.8535623886659841,376,1160,9
1037,OR40 entry-1.50% persist-3m slow-45m/-0.75%,1975802144.513827,334.23579652556555,0.8296363448154118,0.8242238475639858,1.7087372103527398,-516.9810483870881,0.39265646412326655,376,1056,64
1038,OR40 entry-1.50% persist-3m slow-45m/-1.00%,12918275073.556442,444.4090330300578,0.7750463446579665,0.767899509026166,7.1677372260972705,-406.80781188259584,0.5220867463867684,376,1097,42
1039,OR40 entry-1.50% persist-3m slow-45m/-1.25%,80292945899.57501,578.3864302418829,0.7030141638569238,0.7021084161066744,14.370955306201537,-272.8304146707708,0.679481889601507,376,1127,27
1040,OR40 entry-1.50% persist-3m slow-45m/-1.50%,256122539610.2282,680.085750155529,0.7168363900476662,0.7168363900476662,12.988732687127303,-171.13109475712463,0.798957109718987,376,1144,18
1041,OR40 entry-1.50% persist-3m slow-60m/-0.75%,1347405612.219569,314.6732343236961,0.8040700259908712,0.7978452801984228,4.265369092806804,-536.5436105889576,0.36967458551173976,376,1046,70
1042,OR40 entry-1.50% persist-3m slow-60m/-1.00%,9084099851.435896,421.807152150979,0.8350833319318669,0.8298438868655704,1.1640384987072316,-429.40969276167465,0.4955343102899498,376,1084,50
1043,OR40 entry-1.50% persist-3m slow-60m/-1.25%,43836130406.32803,530.7027578694817,0.6918167859793671,0.6366225087968596,15.490693093957209,-320.5140870431719,0.623463646239213,376,1100,39
1044,OR40 entry-1.50% persist-3m slow-60m/-1.50%,176867673923.12457,646.0681814498865,0.704975795049577,0.704975795049577,14.174792186936225,-205.1486634627671,0.7589936516307803,376,1139,21
1045,OR40 entry-1.50% persist-5m slow-30m/-0.75%,3851831593.0980225,370.585908477853,0.8325394157332895,0.8272191497934462,1.4184301185649728,-480.6309364348006,0.43536016784992093,376,1079,49
1046,OR40 entry-1.50% persist-5m slow-30m/-1.00%,63518945316.310555,559.5098389433057,0.7535182405578342,0.7014980038293315,9.320547636110499,-291.70700596934796,0.6573058819115815,376,1113,32
1047,OR40 entry-1.50% persist-5m slow-30m/-1.25%,177422887094.48788,646.3498237851862,0.7965306820121901,0.7535882666680785,5.019303490674909,-204.8670211274674,0.7593245218866768,376,1146,17
1048,OR40 entry-1.50% persist-5m slow-30m/-1.50%,441886095161.381,733.0400410777289,0.8018961756966816,0.8018961756966816,4.482754122225763,-118.17680383492473,0.861167216624982,376,1162,8
1049,OR40 entry-1.50% persist-5m slow-45m/-0.75%,1601609962.7345803,323.39401111704626,0.8312225830284885,0.8258604809740842,1.5501133890450713,-527.8228337956074,0.3799196562542543,376,1058,63
1050,OR40 entry-1.50% persist-5m slow-45m/-1.00%,13351660553.089725,446.57663808653103,0.7750463443608299,0.7678995087195892,7.167737255810936,-404.6402068261226,0.5246332244897666,376,1097,42
1051,OR40 entry-1.50% persist-5m slow-45m/-1.25%,128415714885.28377,617.8540760859424,0.6992995161302813,0.6985383848446041,14.742420078865791,-233.3627688267112,0.7258480371700616,376,1128,26
1052,OR40 entry-1.50% persist-5m slow-45m/-1.50%,253551048669.6294,679.1383968350976,0.7133943834948893,0.7133943834948893,13.332933342404996,-172.078448077556,0.7978441696660578,376,1144,18
1053,OR40 entry-1.50% persist-5m slow-60m/-0.75%,882928319.8832004,294.0939176801847,0.8186479778043051,0.8128863772997185,2.8075739114634124,-557.122927232469,0.3454982351886642,376,1051,68
1054,OR40 entry-1.50% persist-5m slow-60m/-1.00%,7057468051.181209,406.1832521054362,0.8350833305522621,0.8298438854421354,1.164038636667708,-445.0335928072174,0.4771795277936683,376,1086,49
1055,OR40 entry-1.50% persist-5m slow-60m/-1.25%,38106509740.61895,520.1533235824406,0.6931404277615086,0.6931404277615086,15.358328915743058,-331.063521330213,0.6110702891879629,376,1103,37
1056,OR40 entry-1.50% persist-5m slow-60m/-1.50%,180836860841.22626,648.0647804404489,0.7013804017282306,0.7013804017282306,14.534331519070864,-203.15206447220476,0.7613392337259833,376,1139,21
1057,OR40 entry-1.50% persist-10m slow-30m/-0.75%,4516905794.673121,379.6991838335277,0.8348897381048093,0.8296441425127113,1.1833978814129953,-471.51766107912596,0.44606634150019664,376,1080,48
1058,OR40 entry-1.50% persist-10m slow-30m/-1.00%,74070605525.57527,571.8287401534332,0.7535252414224668,0.7443012100746936,9.319847549647243,-279.3881047592205,0.6717779888532522,376,1114,31
1059,OR40 entry-1.50% persist-10m slow-30m/-1.25%,235466284280.43515,672.2263815488681,0.7955187367820327,0.7523627493239107,5.120498013690655,-178.99046336378558,0.7897240116504597,376,1147,16
1060,OR40 entry-1.50% persist-10m slow-30m/-1.50%,388686817915.53424,720.2704891487131,0.803275216011303,0.8018989923349424,4.344850090763619,-130.94635576394057,0.8461656902744007,376,1162,8
1061,OR40 entry-1.50% persist-10m slow-45m/-0.75%,1701912110.8490787,326.50241557128254,0.847313083947633,0.8424621812561714,-0.05893670286938324,-524.7144293413711,0.3835713749353563,376,1061,60
1062,OR40 entry-1.50% persist-10m slow-45m/-1.00%,21294133264.76362,478.1807637561825,0.7728767844183676,0.7656610212983601,7.384693250057161,-373.03608115647114,0.561761396774579,376,1099,40
1063,OR40 entry-1.50% persist-10m slow-45m/-1.25%,112031550438.728,606.1513573197316,0.7270711511011925,0.7270711511011925,11.965256581774675,-245.06548759292207,0.7120998144508417,376,1128,26
1064,OR40 entry-1.50% persist-10m slow-45m/-1.50%,241236870892.55222,674.4811813171971,0.7404021158020613,0.7404021158020613,10.632160111687794,-176.73566359545657,0.7923729251227494,376,1144,18
1065,OR40 entry-1.50% persist-10m slow-60m/-0.75%,881887063.6143292,294.03792075268944,0.8260776656758736,0.820552108270622,2.064605124306562,-557.1789241599643,0.34543245062644606,376,1052,67
1066,OR40 entry-1.50% persist-10m slow-60m/-1.00%,8712702186.120508,419.1906801219124,0.8329204892172046,0.8276123300802006,1.3803227701734588,-432.02616479074123,0.4924605083031775,376,1087,48
1067,OR40 entry-1.50% persist-10m slow-60m/-1.25%,29643210197.627834,501.67801187331105,0.7533727061394537,0.7533727061394537,9.335101077948549,-349.5388330393426,0.5893657002579524,376,1103,37
1068,OR40 entry-1.50% persist-10m slow-60m/-1.50%,166921997565.21646,640.8865607560036,0.7178752599851502,0.7178752599851502,12.8848456933789,-210.33028415665,0.752906341769784,376,1139,21
1069,OR40 entry-1.50% persist-15m slow-30m/-0.75%,4365038172.921437,377.7276175336191,0.8342712323021085,0.8290059866211846,1.2452484616830684,-473.48922737903456,0.4437501675291436,376,1081,47
1070,OR40 entry-1.50% persist-15m slow-30m/-1.00%,86631991757.89536,584.6225462459086,0.7535160323060549,0.727229211821159,9.32076846128843,-266.5942986667451,0.6868080087229697,376,1117,29
1071,OR40 entry-1.50% persist-15m slow-30m/-1.25%,261445474954.9409,682.0204622204814,0.7955167492015649,0.7523603422624773,5.120696771737432,-169.19638269217228,0.8012299877482639,376,1149,15
1072,OR40 entry-1.50% persist-15m slow-30m/-1.50%,416231034331.79865,727.0614944059794,0.8032755525608526,0.8018941222466911,4.344816435808663,-124.15535050667427,0.8541436870655276,376,1162,8
1073,OR40 entry-1.50% persist-15m slow-45m/-0.75%,1730421302.9455292,327.3564951306811,0.846741121645394,0.8418720475641166,-0.0017404726454728348,-523.8603497819726,0.3845747380202189,376,1062,59
1074,OR40 entry-1.50% persist-15m slow-45m/-1.00%,24268744034.033638,487.35693371175427,0.7688779865156137,0.7615351805551939,7.784573040332554,-363.8599112008994,0.5725414582952287,376,1100,39
1075,OR40 entry-1.50% persist-15m slow-45m/-1.25%,146685301912.2773,629.4453792009245,0.706879317001229,0.706879317001229,13.984439991771024,-221.7714657117291,0.7394653700321381,376,1129,25
1076,OR40 entry-1.50% persist-15m slow-45m/-1.50%,218802365757.1057,665.4308580267491,0.7849670066875015,0.7395840654026336,6.175671023143769,-185.78598688590455,0.7817407068524722,376,1146,17
1077,OR40 entry-1.50% persist-15m slow-60m/-0.75%,1360102630.106879,315.14185704154045,0.8396987730575552,0.8346059617458578,0.702494386138397,-536.0749878711132,0.37022511822340437,376,1055,64
1078,OR40 entry-1.50% persist-15m slow-60m/-1.00%,12032335602.326729,439.7712409876415,0.8394630856903166,0.8343627865301927,0.7260631228622638,-411.44560392501216,0.516638320324556,376,1089,46
1079,OR40 entry-1.50% persist-15m slow-60m/-1.25%,31027939133.783703,504.99507267479305,0.7151590843050473,0.7151590843050473,13.156463261389195,-346.2217722378606,0.5932625460749809,376,1103,37
1080,OR40 entry-1.50% persist-15m slow-60m/-1.50%,164452063484.7279,639.557717451461,0.6970524939367884,0.6970524939367884,14.967122298215084,-211.6591274611926,0.7513452315632785,376,1139,21
1081,OR40 entry-2.00% persist-1m slow-30m/-0.75%,2246334670.40457,340.9982623578406,0.7975407424803899,0.7911085596673166,4.918297443854936,-510.21858255481305,0.40060093311808415,376,1094,43
1082,OR40 entry-2.00% persist-1m slow-30m/-1.00%,32969987569.323727,509.4342731584563,0.8502886248268886,0.8326293795600137,-0.35649079079493884,-341.78257175419736,0.5984776690018759,376,1133,26
1083,OR40 entry-2.00% persist-1m slow-30m/-1.25%,35674750702.744675,515.2482604664195,0.8947305090309156,0.8823074478719171,-4.800679211197634,-335.9685844462341,0.6053078760668686,376,1145,19
1084,OR40 entry-2.00% persist-1m slow-30m/-1.50%,254209622524.48215,679.3818217544576,0.8110656923219938,0.8018986944833092,3.565802459694545,-171.835023158196,0.7981301425304517,376,1158,11
1085,OR40 entry-2.00% persist-1m slow-45m/-0.75%,1322338243.44832,313.7365271025767,0.7798078361495933,0.7478699356397347,6.691588076934596,-537.4803178100769,0.3685741523768486,376,1085,49
1086,OR40 entry-2.00% persist-1m slow-45m/-1.00%,4148329600.8680077,374.80713293965186,0.8767139244191963,0.8762429114924604,-2.999020750025705,-476.4097119730018,0.4403192149917007,376,1109,37
1087,OR40 entry-2.00% persist-1m slow-45m/-1.25%,30514432268.426086,503.78046910722725,0.825877408596307,0.8252121753897057,2.0846308322632234,-347.4363758054264,0.5918356434298735,376,1131,27
1088,OR40 entry-2.00% persist-1m slow-45m/-1.50%,164524925792.556,639.5971684489655,0.784968572955411,0.7395859622330465,6.175514396352821,-211.61967646368817,0.7513915781525644,376,1146,17
1089,OR40 entry-2.00% persist-1m slow-60m/-0.75%,1606230246.3763888,323.5409082009225,0.7893226039243105,0.7893226039243105,5.740111299462869,-527.6759367117311,0.38009222930042247,376,1079,51
1090,OR40 entry-2.00% persist-1m slow-60m/-1.00%,12965510887.320505,444.64836558374117,0.7769539309681056,0.7698676998452263,6.976978595083361,-406.5684793289125,0.5223679115858757,376,1102,41
1091,OR40 entry-2.00% persist-1m slow-60m/-1.25%,79453486486.66096,577.5283817977303,0.7000154315396923,0.6367033702272422,14.670828537924695,-273.68846311492337,0.6784738639153605,376,1116,32
1092,OR40 entry-2.00% persist-1m slow-60m/-1.50%,175360818310.44525,645.2998625286325,0.6970538076720798,0.6840633070919551,14.966990924685941,-205.91698238402114,0.7580910391815013,376,1143,20
1093,OR40 entry-2.00% persist-3m slow-30m/-0.75%,2679837456.05517,350.4694260030779,0.7975407366956486,0.7911085536987925,4.9182980223290595,-500.74741890957574,0.41172754991595684,376,1099,40
1094,OR40 entry-2.00% persist-3m slow-30m/-1.00%,136620642201.87108,623.2281266933425,0.7535217001397856,0.7015021935597225,9.320201677915364,-227.98871821931118,0.7321614115346767,376,1138,22
1095,OR40 entry-2.00% persist-3m slow-30m/-1.25%,146420062138.2702,629.2864157154154,0.8110621559719929,0.771186623617981,3.566156094694628,-221.93042919723825,0.7392786215126989,376,1150,15
1096,OR40 entry-2.00% persist-3m slow-30m/-1.50%,374074524570.0981,716.4941131765742,0.8110658886941996,0.8019012010496994,3.565782822473962,-134.72273173607948,0.8417292461477265,376,1162,8
1097,OR40 entry-2.00% persist-3m slow-45m/-0.75%,1414584089.3107388,317.1099765974172,0.7797929355009439,0.7622667228266795,6.6930781417995355,-534.1068683152364,0.3725372429982362,376,1088,47
1098,OR40 entry-2.00% persist-3m slow-45m/-1.00%,16063200763.455763,458.88260320325713,0.7898604588600606,0.7831842714561011,5.68632580588786,-392.3342417093965,0.5390901342540333,376,1116,32
1099,OR40 entry-2.00% persist-3m slow-45m/-1.25%,148948980226.3659,630.791855233741,0.7109207365825356,0.6536289652296172,13.580298033640359,-220.42498967891265,0.7410471949700065,376,1139,21
1100,OR40 entry-2.00% persist-3m slow-45m/-1.50%,239191115552.03467,673.6873044762456,0.784969105884439,0.7395866076373111,6.1754611034500195,-177.52954043640807,0.7914402875161323,376,1150,14
1101,OR40 entry-2.00% persist-3m slow-60m/-0.75%,1417273291.6604116,317.2053856100858,0.7921432383497973,0.7921432383497973,5.458047856914194,-534.0114593025678,0.3726493284359702,376,1079,51
1102,OR40 entry-2.00% persist-3m slow-60m/-1.00%,14484941084.214224,451.9653059476069,0.776953930341885,0.7698676991991105,6.976978657705423,-399.25153896504673,0.5309637710400158,376,1107,38
1103,OR40 entry-2.00% persist-3m slow-60m/-1.25%,107969412854.83444,603.017720045271,0.7000131911655793,0.6367006570197966,14.671052575335997,-248.1991248673827,0.7084184525356153,376,1122,28
1104,OR40 entry-2.00% persist-3m slow-60m/-1.50%,209126400405.84778,661.2731159656072,0.6970536953090396,0.65762053904023,14.967002160989962,-189.94372894704645,0.7768562381228049,376,1147,17
1105,OR40 entry-2.00% persist-5m slow-30m/-0.75%,2652152585.612192,349.90645271137276,0.7946972147010438,0.7881746922772515,5.20265022178954,-501.3103922012809,0.4110661752085955,376,1099,40
1106,OR40 entry-2.00% persist-5m slow-30m/-1.00%,142871068981.35504,627.1346974360989,0.7535205358500332,0.701500783545383,9.320318106890602,-224.08214747655472,0.7367508070172782,376,1138,22
1107,OR40 entry-2.00% persist-5m slow-30m/-1.25%,148150988453.0752,630.3192625317286,0.8110652242036104,0.7711903394031352,3.565849271532884,-220.8975823809251,0.7404919983654786,376,1150,15
1108,OR40 entry-2.00% persist-5m slow-30m/-1.50%,378468248602.09906,717.6430651839044,0.8110649027010657,0.8018961756966816,3.5658814217873536,-133.5737797287493,0.8430790220763832,376,1162,8
1109,OR40 entry-2.00% persist-5m slow-45m/-0.75%,1208493618.2948604,309.27533225939345,0.7779799879382522,0.7644802324485809,6.874372898068703,-541.9415126532601,0.36333319072313386,376,1090,46
1110,OR40 entry-2.00% persist-5m slow-45m/-1.00%,16679487971.453697,461.42218663393504,0.7898604589594997,0.7831842715586994,5.686325795943947,-389.7946582787186,0.5420736083779959,376,1116,32
1111,OR40 entry-2.00% persist-5m slow-45m/-1.25%,235438065281.3388,672.2152363626723,0.7109204961342992,0.6536289783477236,13.580322078464002,-179.00160854998137,0.7897109184107496,376,1140,20
1112,OR40 entry-2.00% persist-5m slow-45m/-1.50%,241976864672.94763,674.7668857800682,0.7849684514126585,0.739585815038567,6.175526550628074,-176.4499591325855,0.7927085675205456,376,1150,14
1113,OR40 entry-2.00% persist-5m slow-60m/-0.75%,842895443.3522904,291.89796930494765,0.8250876235006739,0.822203615346565,2.1636093418265334,-559.318875607706,0.34291845967275275,376,1082,50
1114,OR40 entry-2.00% persist-5m slow-60m/-1.00%,11314930001.225643,435.79011780306337,0.7769539309457376,0.7698676998221476,6.97697859732016,-415.4267271095903,0.5119613414696713,376,1109,37
1115,OR40 entry-2.00% persist-5m slow-60m/-1.25%,92615224429.85506,590.1507050381207,0.7000153068374397,0.636703219206447,14.67084100814995,-261.06613987453295,0.6933024276542343,376,1125,26
1116,OR40 entry-2.00% persist-5m slow-60m/-1.50%,211455318283.33896,662.2890728366639,0.6970513535902159,0.657620467642002,14.967236332872336,-188.92777207598976,0.7780497728573778,376,1147,17
1117,OR40 entry-2.00% persist-10m slow-30m/-0.75%,3268751661.878969,361.3755443019879,0.7975786533722945,0.7911476749980318,4.914506354664471,-489.84130061066577,0.42453993534287954,376,1100,39
1118,OR40 entry-2.00% persist-10m slow-30m/-1.00%,171922374302.72092,643.5246815933509,0.753523197517624,0.7015040069607417,9.320051940131524,-207.69216331930272,0.7560055765336566,376,1139,21
1119,OR40 entry-2.00% persist-10m slow-30m/-1.25%,207205581760.1722,660.4276700731658,0.8110621989186155,0.7711866756285338,3.566151800032369,-190.78917483948783,0.7758630177730266,376,1151,14
1120,OR40 entry-2.00% persist-10m slow-30m/-1.50%,344207125676.2938,708.353277399994,0.8110669769932358,0.8018989923349424,3.5656739925703396,-142.86356751265964,0.8321654836056265,376,1162,8
1121,OR40 entry-2.00% persist-10m slow-45m/-0.75%,1284886904.8668385,312.30753972583295,0.7934943913317924,0.7869336548994255,5.322932558714677,-538.9093051868207,0.3668953940377906,376,1092,44
1122,OR40 entry-2.00% persist-10m slow-45m/-1.00%,22587105871.08077,482.29964329021095,0.7878337728245756,0.7810931970827122,5.888994409436366,-368.9172016224427,0.5666002102433739,376,1117,31
1123,OR40 entry-2.00% persist-10m slow-45m/-1.25%,205264049750.0359,659.5660725027037,0.7109211963270776,0.662674479018192,13.58025205918616,-191.65077240994992,0.7748508226131076,376,1140,20
1124,OR40 entry-2.00% persist-10m slow-45m/-1.50%,226678999885.3162,668.6976720545839,0.7849672908165124,0.7395844094973736,6.175642610242682,-182.51917285806974,0.785578523323515,376,1150,14
1125,OR40 entry-2.00% persist-10m slow-60m/-0.75%,879416475.588459,293.9048238362054,0.8283306127778923,0.8255000760116085,1.839310414104689,-557.3120210764482,0.34527608986211267,376,1083,49
1126,OR40 entry-2.00% persist-10m slow-60m/-1.00%,14072812215.32993,450.0500215197985,0.7740287372997381,0.766849572019789,7.269497961920113,-401.1668233928551,0.5287137163809061,376,1110,36
1127,OR40 entry-2.00% persist-10m slow-60m/-1.25%,73794386580.80168,571.5265457536051,0.7060011718617643,0.7060011718617643,14.072254505717495,-279.69029915904855,0.6714229742625117,376,1125,26
1128,OR40 entry-2.00% persist-10m slow-60m/-1.50%,202566735285.07904,658.3571052501129,0.6970529135989123,0.663823079743211,14.967080332002691,-192.85973966254073,0.7734305414476017,376,1147,17
1129,OR40 entry-2.00% persist-15m slow-30m/-0.75%,3007490922.72458,356.7704292227665,0.7968203781050707,0.7903653091300563,4.990333881386855,-494.44641568988715,0.41912989781044097,376,1103,38
1130,OR40 entry-2.00% persist-15m slow-30m/-1.00%,239077085961.4502,673.6428786011326,0.753524959258321,0.7015061405186811,9.319875766061825,-177.57396631152108,0.7913880964964426,376,1140,20
1131,OR40 entry-2.00% persist-15m slow-30m/-1.25%,212373508219.90698,662.6869166787758,0.8110649936214449,0.7711900601563592,3.565872329749431,-188.52992823387785,0.7785171553398669,376,1151,14
1132,OR40 entry-2.00% persist-15m slow-30m/-1.50%,368591958804.4768,715.0436661796334,0.8110659617326261,0.8018941222466911,3.565775518631309,-136.17317873302022,0.8400252772876065,376,1162,8
1133,OR40 entry-2.00% persist-15m slow-45m/-0.75%,1121534668.0683904,305.6113272172749,0.7927208154980852,0.7861355023620241,5.400290142085407,-545.6055176953787,0.3590287587044107,376,1092,44
1134,OR40 entry-2.00% persist-15m slow-45m/-1.00%,24974421890.51676,489.38778915545004,0.7840983114842159,0.7772390591724256,6.262540543472328,-361.8290557572036,0.5749272844872658,376,1117,31
1135,OR40 entry-2.00% persist-15m slow-45m/-1.25%,280775661239.26245,688.7667567802418,0.7109200582971837,0.6684337895152007,13.580365862175547,-162.4500881324118,0.8091554589135493,376,1141,19
1136,OR40 entry-2.00% persist-15m slow-45m/-1.50%,290254609693.2318,691.9268141096187,0.784969962934152,0.7395876455682748,6.175375398478722,-159.29003080303494,0.8128678588128971,376,1152,13
1137,OR40 entry-2.00% persist-15m slow-60m/-0.75%,1156015217.9516406,307.0930894968312,0.7958189272079049,0.776308299223098,5.09047897110343,-544.1237554158224,0.360769516407236,376,1085,47
1138,OR40 entry-2.00% persist-15m slow-60m/-1.00%,16886404150.923922,462.25634918984986,0.7828774495170634,0.7759794101057922,6.384626740187582,-388.9604957228038,0.5430535731906053,376,1111,35
1139,OR40 entry-2.00% persist-15m slow-60m/-1.25%,77544144494.62189,575.5466697864814,0.7000043597861312,0.660778688665995,14.671935713280803,-275.67017512617224,0.6761457708764449,376,1125,26
1140,OR40 entry-2.00% persist-15m slow-60m/-1.50%,201532481806.57574,657.8897826694331,0.6970557371233048,0.6619381504953195,14.96679797956344,-193.32706224322055,0.7728815361224923,376,1147,17
1141,OR40 entry-2.50% persist-1m slow-30m/-0.75%,33401080977.132477,510.3883914402529,0.8637687921939586,0.8456270607029542,-1.7045075275019417,-340.8284534724007,0.5995985564555242,376,1129,28
1142,OR40 entry-2.50% persist-1m slow-30m/-1.00%,87343318478.52875,585.2970523673276,0.8392816790065598,0.8386676566492534,0.7442037912379407,-265.919792545326,0.6876004109474443,376,1148,17
1143,OR40 entry-2.50% persist-1m slow-30m/-1.25%,63863147948.16113,559.9391839248646,0.8633710450677815,0.8378935488726642,-1.6647328148842289,-291.2776609877891,0.6578102715792964,376,1156,13
1144,OR40 entry-2.50% persist-1m slow-30m/-1.50%,198464819411.50882,656.4911587342931,0.8420943459336567,0.8153472047676413,0.4629370985282488,-194.72568617836055,0.7712384484139972,376,1163,8
1145,OR40 entry-2.50% persist-1m slow-45m/-0.75%,55464523912.323,548.8284008134672,0.8409396321084287,0.8237594369896126,0.5784084810510515,-302.3884440991865,0.6447574482267023,376,1123,31
1146,OR40 entry-2.50% persist-1m slow-45m/-1.00%,25306034298.56903,490.32474881280257,0.9147882654928722,0.9021492050478337,-6.806454857393296,-360.8920960998511,0.5760280141814117,376,1129,28
1147,OR40 entry-2.50% persist-1m slow-45m/-1.25%,86059677416.99962,584.0763110989913,0.875367030054058,0.849063109571514,-2.864331313511881,-267.1405338136624,0.6861662978003277,376,1139,22
1148,OR40 entry-2.50% persist-1m slow-45m/-1.50%,219023648826.66275,665.5240365846173,0.7849681177963207,0.7395854110121476,6.175559912261852,-185.69280832803634,0.7818501719769292,376,1152,14
1149,OR40 entry-2.50% persist-1m slow-60m/-0.75%,42394484598.322685,528.1680666087893,0.7987562596762946,0.7770060223675879,4.796745724264461,-323.0487783038643,0.6204859193816665,376,1117,33
1150,OR40 entry-2.50% persist-1m slow-60m/-1.00%,29763442759.170307,501.97136756860345,0.8236580626807462,0.8046054085614586,2.3065654238193067,-349.2454773440502,0.5897103312377617,376,1119,32
1151,OR40 entry-2.50% persist-1m slow-60m/-1.25%,290460128781.2109,691.9943181572606,0.7053677549098725,0.6443535353027989,14.135596200906676,-159.222526755393,0.8129471618107705,376,1131,25
1152,OR40 entry-2.50% persist-1m slow-60m/-1.50%,294876300000.6003,693.4347815434021,0.7331145931434323,0.6840632787400412,11.360912377550692,-157.78206336925155,0.814639402036925,376,1151,16
1153,OR40 entry-2.50% persist-3m slow-30m/-0.75%,44723860321.500084,532.2273155553446,0.8627678916751593,0.8444909592342504,-1.6044174756220109,-318.98952935730904,0.6252546795052656,376,1135,24
1154,OR40 entry-2.50% persist-3m slow-30m/-1.00%,288386875453.9085,691.3114102798107,0.7218007768556627,0.6705840343023564,12.492294006327654,-159.9054346328429,0.8121448892975662,376,1152,14
1155,OR40 entry-2.50% persist-3m slow-30m/-1.25%,219181194609.29764,665.5903259994687,0.7907245950451824,0.7465567988892267,5.599912187375677,-185.6265189131849,0.7819280480378268,376,1160,10
1156,OR40 entry-2.50% persist-3m slow-30m/-1.50%,239259291625.18008,673.7138569448354,0.8419227209035609,0.8151449889950737,0.48009960153783116,-177.50298796781829,0.7914714810583519,376,1166,6
1157,OR40 entry-2.50% persist-3m slow-45m/-0.75%,65073941471.08302,561.433481371642,0.8381109760742368,0.8206299635618513,0.8612740844702427,-289.7833635410117,0.6595657554559469,376,1127,28
1158,OR40 entry-2.50% persist-3m slow-45m/-1.00%,92911067662.4372,590.4158117977048,0.8044815010596168,0.743757509321238,4.224221585932241,-260.80103311494884,0.6936138721012851,376,1136,23
1159,OR40 entry-2.50% persist-3m slow-45m/-1.25%,360056951791.5036,712.7474607322383,0.7766301508715402,0.7294877073253316,7.009356604739903,-138.46938418041532,0.837327720888061,376,1146,17
1160,OR40 entry-2.50% persist-3m slow-45m/-1.50%,270627899099.7697,685.2779811566612,0.7849704215612932,0.7395882009891606,6.1753295357646065,-165.93886375599243,0.8050568844499078,376,1155,12
1161,OR40 entry-2.50% persist-3m slow-60m/-0.75%,44729255423.117744,532.2364992511765,0.7952293935022503,0.7731105612232544,5.149432341668891,-318.98034566147714,0.6252654684081013,376,1120,31
1162,OR40 entry-2.50% persist-3m slow-60m/-1.00%,32170235201.06672,507.6347810375906,0.8224477856410648,0.8032682376139206,2.427593127787442,-343.58206387506306,0.5963636458459428,376,1124,29
1163,OR40 entry-2.50% persist-3m slow-60m/-1.25%,332789490754.51416,705.0761965788031,0.705367769726767,0.6437124346091889,14.135594719217226,-146.14064833385055,0.8283156058209273,376,1136,22
1164,OR40 entry-2.50% persist-3m slow-60m/-1.50%,431352373423.6437,730.6232333502711,0.7331140312344757,0.6767874644892558,11.36096856844635,-120.59361156238253,0.8583279780197993,376,1155,13
1165,OR40 entry-2.50% persist-5m slow-30m/-0.75%,42259074061.80191,527.9261104202272,0.8627229217725715,0.8444431984446813,-1.5999204853632265,-323.2907344924264,0.6202016719657371,376,1135,24
1166,OR40 entry-2.50% persist-5m slow-30m/-1.00%,301255982701.593,695.4825507536546,0.7217998915843931,0.6707032833660822,12.492382533454617,-155.7342941589991,0.8170450983321652,376,1152,14
1167,OR40 entry-2.50% persist-5m slow-30m/-1.25%,221805028064.31006,666.6882213447687,0.7907202077013811,0.7465514855918631,5.6003509217558145,-184.5286235678849,0.7832178431727111,376,1160,10
1168,OR40 entry-2.50% persist-5m slow-30m/-1.50%,242045850116.40875,674.7934812181313,0.8420105790750216,0.8152506230680837,0.4713137843917581,-176.42336369452232,0.7927398115428205,376,1166,6
1169,OR40 entry-2.50% persist-5m slow-45m/-0.75%,53339232851.472824,545.7827840780978,0.8380682814562543,0.8205742995551011,0.865543546268488,-305.4340608345558,0.6411794918533391,376,1129,27
1170,OR40 entry-2.50% persist-5m slow-45m/-1.00%,96255593581.24667,593.3623220824238,0.8044267624557729,0.7436845948036068,4.229695446316628,-257.8545228302298,0.6970753993282532,376,1136,23
1171,OR40 entry-2.50% persist-5m slow-45m/-1.25%,489661536695.8418,743.4026943596766,0.7766304764088546,0.7294881015676415,7.009324051008459,-107.81415055297703,0.873341145446857,376,1147,16
1172,OR40 entry-2.50% persist-5m slow-45m/-1.50%,273835109986.16107,686.3928726871318,0.7849696028848514,0.7395872095301876,6.1754114034087815,-164.82397222552186,0.8063666465124583,376,1155,12
1173,OR40 entry-2.50% persist-5m slow-60m/-0.75%,27220111391.764233,495.53084492262104,0.8033255703957184,0.7820791270796622,4.339814652322083,-355.6859999900326,0.5821440774864708,376,1123,30
1174,OR40 entry-2.50% persist-5m slow-60m/-1.00%,24072159525.940712,486.78193975429036,0.8224511018971221,0.8032738450046474,2.42726150218171,-364.4349051583633,0.5718659618445883,376,1126,28
1175,OR40 entry-2.50% persist-5m slow-60m/-1.25%,286564897599.2248,690.7076955651418,0.7053692408165855,0.6431871066298324,14.135447610235374,-160.50914934751188,0.811435652023566,376,1139,20
1176,OR40 entry-2.50% persist-5m slow-60m/-1.50%,436429729897.6467,731.7945625177281,0.7331137092113208,0.6767870745027726,11.361000770761843,-119.42228239492556,0.8597040423851341,376,1155,13
1177,OR40 entry-2.50% persist-10m slow-30m/-0.75%,54585213282.457405,547.580984221652,0.8629670331621496,0.8447196584859011,-1.6243316243210404,-303.63586069100165,0.6432919972088208,376,1136,23
1178,OR40 entry-2.50% persist-10m slow-30m/-1.00%,301637867828.01154,695.6039155291251,0.7217982139723458,0.6876426783293617,12.492550294659344,-155.61292938352858,0.8171876763088534,376,1153,13
1179,OR40 entry-2.50% persist-10m slow-30m/-1.25%,263794667053.13742,682.8633164918938,0.7907234267955061,0.7465553840792172,5.6000290123433105,-168.35352842075986,0.8022201634907317,376,1161,9
1180,OR40 entry-2.50% persist-10m slow-30m/-1.50%,220280138448.83777,666.0515584812063,0.8412747485672002,0.8143861260686712,0.5448968351739025,-185.16528643144738,0.7824698987830206,376,1166,6
1181,OR40 entry-2.50% persist-10m slow-45m/-0.75%,64111059730.25833,560.247160310255,0.8384116831289121,0.8209548282481021,0.8312033790027096,-290.9696846023986,0.6581720787818103,376,1130,26
1182,OR40 entry-2.50% persist-10m slow-45m/-1.00%,132509818522.63438,620.5722167063514,0.8047933511302239,0.7441657670222999,4.193036578871534,-230.6446282063023,0.7290412782773706,376,1137,22
1183,OR40 entry-2.50% persist-10m slow-45m/-1.25%,422329010990.19073,728.5113152843669,0.7766298018625438,0.7294872846576166,7.00939150563954,-122.70552962828674,0.8558469203685954,376,1147,16
1184,OR40 entry-2.50% persist-10m slow-45m/-1.50%,256635444605.0072,680.2737061689143,0.7849710298429478,0.7395889376493033,6.175268707599146,-170.94313874373938,0.7991779183349215,376,1155,12
1185,OR40 entry-2.50% persist-10m slow-60m/-0.75%,33427088323.411884,510.44560514102886,0.8047239213649046,0.7836280673751373,4.199979555403466,-340.7712397716248,0.599665770469342,376,1124,29
1186,OR40 entry-2.50% persist-10m slow-60m/-1.00%,30723766190.519127,504.2777636222019,0.8224564935252039,0.8032727121024755,2.4267223393735327,-346.9390812904517,0.5924198594471514,376,1127,27
1187,OR40 entry-2.50% persist-10m slow-60m/-1.25%,232378302361.9942,670.9997451411565,0.706203072876282,0.706203072876282,14.052064404265717,-180.21709977149715,0.7882829729597399,376,1139,20
1188,OR40 entry-2.50% persist-10m slow-60m/-1.50%,418112146755.6696,727.5107188819036,0.7331151775197542,0.6767888526992579,11.360853939918503,-123.70612603075006,0.8546714309402043,376,1155,13
1189,OR40 entry-2.50% persist-15m slow-30m/-0.75%,52412709281.03078,544.4215134190623,0.8639582533709917,0.8458396671775819,-1.723453645205253,-306.79533149359133,0.6395802863545625,376,1136,23
1190,OR40 entry-2.50% persist-15m slow-30m/-1.00%,315181673351.0629,699.8231656407543,0.7217996535278624,0.6684023277917788,12.492406339107687,-151.39367927189937,0.8221444040062031,376,1153,13
1191,OR40 entry-2.50% persist-15m slow-30m/-1.25%,282298193825.7909,689.2805983514452,0.7907223450741,0.7465540740593613,5.600137184483922,-161.93624656120846,0.809759114226851,376,1161,9
1192,OR40 entry-2.50% persist-15m slow-30m/-1.50%,235757895101.50995,672.3414854510925,0.841811639795657,0.815016890049052,0.49120771232822324,-178.87535946156117,0.7898592344234961,376,1166,6
1193,OR40 entry-2.50% persist-15m slow-45m/-0.75%,64386721522.53649,560.5883825099189,0.8386729909441998,0.8212454624409615,0.8050725974739437,-290.6284624027347,0.6585729427939633,376,1130,26
1194,OR40 entry-2.50% persist-15m slow-45m/-1.00%,145109330140.34824,628.4971296959591,0.805072265818531,0.7445316029448956,4.165145110040824,-222.71971521669457,0.7383513771516721,376,1137,22
1195,OR40 entry-2.50% persist-15m slow-45m/-1.25%,381328848733.8134,718.3848179520741,0.77662945405778,0.7294868634482885,7.009426286115916,-132.83202696057958,0.8439504249070519,376,1148,15
1196,OR40 entry-2.50% persist-15m slow-45m/-1.50%,328451028395.00916,703.8049979352339,0.7849685044494454,0.7395858792688241,6.175521246949378,-147.4118469774197,0.8268222159154449,376,1157,11
1197,OR40 entry-2.50% persist-15m slow-60m/-0.75%,38998667974.60575,521.8840125529588,0.8072430491483983,0.7864145580648552,3.9480667770540934,-329.33283235969486,0.6131034831747381,376,1125,28
1198,OR40 entry-2.50% persist-15m slow-60m/-1.00%,36735870539.23209,517.4237011448213,0.8224630532102131,0.8032977823480408,2.426066370872615,-333.79314376783236,0.6078635593706042,376,1128,26
1199,OR40 entry-2.50% persist-15m slow-60m/-1.25%,253155540455.30972,678.9919399630838,0.7053708965686405,0.6607672581213598,14.135282035029872,-172.2249049495698,0.7976721137758471,376,1139,20
1200,OR40 entry-2.50% persist-15m slow-60m/-1.50%,426345044867.08496,729.4561211068115,0.7331146487984733,0.67678821239079,11.36090681204659,-121.76072380584219,0.856956867649469,376,1155,13
1201,OR45 entry-0.50% persist-1m slow-30m/-0.75%,332281739.9320501,250.34040063064987,0.8608035641707606,0.8608035641707606,-1.4079847251821431,-600.8764442820038,0.29409709420910035,376,977,97
1202,OR45 entry-0.50% persist-1m slow-30m/-1.00%,4999994495.791398,385.60487092519855,0.838907247118622,0.838907247118622,0.781646980031725,-465.6119739874551,0.45300427644235214,376,1070,55
1203,OR45 entry-0.50% persist-1m slow-30m/-1.25%,111839441340.39563,606.0054288390395,0.8625472246088997,0.8602808616849795,-1.5823507689960437,-245.21141607361415,0.711928379308828,376,1136,25
1204,OR45 entry-0.50% persist-1m slow-30m/-1.50%,319224334056.2488,701.0516513268792,0.8018986944833092,0.8018986944833092,4.482502243563003,-150.16519358577443,0.8235876152084568,376,1159,12
1205,OR45 entry-0.50% persist-1m slow-45m/-0.75%,53872422.53170001,181.41014336217438,0.7545186828855797,0.7457031168927266,9.220503403335956,-669.8067015504793,0.21311860126639,376,898,131
1206,OR45 entry-0.50% persist-1m slow-45m/-1.00%,618306003.6434598,277.54415805985377,0.8073183174387294,0.7846297683697545,3.9405399480209824,-573.6726868527999,0.3260557632507068,376,1004,85
1207,OR45 entry-0.50% persist-1m slow-45m/-1.25%,6970167763.056137,405.42510050653215,0.808738588765693,0.8055850127832168,3.7985128153246173,-445.7917444061215,0.4762888598006237,376,1085,49
1208,OR45 entry-0.50% persist-1m slow-45m/-1.50%,63851018809.437035,559.9240891457406,0.7450825421120666,0.7408793859839105,10.164117480687263,-291.29275576691305,0.6577925384021229,376,1128,30
1209,OR45 entry-0.50% persist-1m slow-60m/-0.75%,34065453.30899999,166.29892121994425,0.7553474450540864,0.7338664810506009,9.137627186485286,-684.9179236927093,0.19536610701942672,376,866,144
1210,OR45 entry-0.50% persist-1m slow-60m/-1.00%,517780017.70735997,269.56278512350514,0.7599936906351099,0.7239619984499275,8.673002628382932,-581.6540597891485,0.3166793358643718,376,980,95
1211,OR45 entry-0.50% persist-1m slow-60m/-1.25%,8901981335.971941,420.5361394703505,0.7203758868008368,0.7002491463212142,12.634783011810246,-430.6807054423031,0.49404113885164386,376,1043,64
1212,OR45 entry-0.50% persist-1m slow-60m/-1.50%,235213996326.71246,672.1266978652678,0.6576205928305441,0.6576205928305441,18.910312408839513,-179.0901470473858,0.7896069043772708,376,1117,33
1213,OR45 entry-0.50% persist-3m slow-30m/-0.75%,4613185254.77016,380.9191061684909,0.7549948968248648,0.7509551785985328,9.172882009407445,-470.29773874416276,0.4474994925735737,376,997,86
1214,OR45 entry-0.50% persist-3m slow-30m/-1.00%,20009704006.134933,473.865229641718,0.7258637840550457,0.7213437432326351,12.085993286389352,-377.35161527093567,0.5566915557108635,376,1075,51
1215,OR45 entry-0.50% persist-3m slow-30m/-1.25%,230551016862.81314,670.2671252351159,0.788469781016614,0.7849820068030444,5.825393590232519,-180.9497196775377,0.7874222993130433,376,1139,22
1216,OR45 entry-0.50% persist-3m slow-30m/-1.50%,499931282200.5492,745.5134284354531,0.8019012010496994,0.8019012010496994,4.482251586923979,-105.70341647720056,0.8758208121597415,376,1161,10
1217,OR45 entry-0.50% persist-3m slow-45m/-0.75%,267001206.8545002,241.23291501731381,0.7237751983665262,0.7237751983665262,12.294851855241307,-609.9839298953398,0.28339772228317167,376,919,120
1218,OR45 entry-0.50% persist-3m slow-45m/-1.00%,2598250083.1721597,348.79535080028523,0.7350831075302684,0.7307150777010765,11.164060938867081,-502.4214941123684,0.4097608651483822,376,1018,77
1219,OR45 entry-0.50% persist-3m slow-45m/-1.25%,19729076268.787212,472.89001359435485,0.7739070019989533,0.7701791122814156,7.281671491998587,-378.3268313182988,0.5555458828389137,376,1090,44
1220,OR45 entry-0.50% persist-3m slow-45m/-1.50%,110035249802.67018,604.6240773468211,0.7295545003291104,0.7223864103625033,11.716921658982882,-246.59276756583256,0.7103055830725057,376,1131,27
1221,OR45 entry-0.50% persist-3m slow-60m/-0.75%,117623875.47655006,209.15654136663323,0.7012921858274672,0.7012921858274672,14.5431531091472,-642.0603035460204,0.2457147583681753,376,878,136
1222,OR45 entry-0.50% persist-3m slow-60m/-1.00%,1718451578.6451204,326.99942424626676,0.6581091268288122,0.6524719267302534,18.861459009012705,-524.2174206663869,0.3841552551510201,376,993,90
1223,OR45 entry-0.50% persist-3m slow-60m/-1.25%,16866941811.271494,462.1782728579562,0.7203663472601382,0.6584016877106693,12.635736965880106,-389.03857205469745,0.5429618499917984,376,1052,61
1224,OR45 entry-0.50% persist-3m slow-60m/-1.50%,209793384017.0532,661.5650907493899,0.6819072545863386,0.6819072545863386,16.48164623326006,-189.65175416326372,0.7771992468232645,376,1119,32
1225,OR45 entry-0.50% persist-5m slow-30m/-0.75%,8595313408.535742,418.34326714841774,0.7172950044319313,0.7126336789800484,12.942871248700794,-432.8735777642359,0.4914649770486455,376,1007,83
1226,OR45 entry-0.50% persist-5m slow-30m/-1.00%,18968765930.591515,470.1851774930753,0.7834089291608002,0.7798377100915205,6.3314787758139035,-381.03166741957835,0.5523682717314208,376,1079,49
1227,OR45 entry-0.50% persist-5m slow-30m/-1.25%,304935693149.3469,696.6463929530223,0.7755573219303431,0.7665078232400305,7.116639498859612,-154.57045195963133,0.8184123670913815,376,1143,20
1228,OR45 entry-0.50% persist-5m slow-30m/-1.50%,501935138791.1885,745.9208269461761,0.8018961756966816,0.8018961756966816,4.482754122225763,-105.2960179664775,0.8762994193597258,376,1161,10
1229,OR45 entry-0.50% persist-5m slow-45m/-0.75%,183309498.33339995,226.1238431226825,0.7238890116596984,0.7238890116596984,12.283470525924079,-625.0930017899711,0.2656477541229648,376,923,119
1230,OR45 entry-0.50% persist-5m slow-45m/-1.00%,2003979892.3139396,334.97691414566407,0.7670108945735326,0.7631692997515044,7.971282234540666,-516.2399307669896,0.3935271207891066,376,1021,76
1231,OR45 entry-0.50% persist-5m slow-45m/-1.25%,29179546717.650608,500.5368286133985,0.8012586335597931,0.7979817258140767,4.546508335914612,-350.68001629925516,0.5880250509666081,376,1093,43
1232,OR45 entry-0.50% persist-5m slow-45m/-1.50%,197414396699.96124,656.007872484215,0.7326035154608896,0.7133295705244784,11.412020145804957,-195.20897242843864,0.7706706891491677,376,1133,25
1233,OR45 entry-0.50% persist-5m slow-60m/-0.75%,167238159.81399,222.540141601244,0.6926908476803089,0.6926908476803089,15.403286923863035,-628.6767033114097,0.26143766177944894,376,888,133
1234,OR45 entry-0.50% persist-5m slow-60m/-1.00%,1297877613.9516509,312.80731295365223,0.7384157352026552,0.734102654746253,10.830798171628398,-538.4095319590015,0.36748252201911075,376,997,88
1235,OR45 entry-0.50% persist-5m slow-60m/-1.25%,34592909717.770836,512.9709378108612,0.7168632832368038,0.7111751025853854,12.98604336821354,-338.24590710179245,0.6026325029593358,376,1065,54
1236,OR45 entry-0.50% persist-5m slow-60m/-1.50%,206900899526.78018,660.2929316261401,0.6814257155946954,0.6814257155946954,16.529800132424377,-190.92391328651354,0.7757047285570283,376,1119,32
1237,OR45 entry-0.50% persist-10m slow-30m/-0.75%,6165903009.327511,398.01765027590034,0.667678568806705,0.6621991525611067,17.904514811223425,-453.1991946367533,0.46758667037039464,376,1011,79
1238,OR45 entry-0.50% persist-10m slow-30m/-1.00%,32087768056.663536,507.44699365871384,0.770014794904228,0.7442259758685087,7.6708922014711245,-343.7698512539398,0.5961430353399371,376,1082,47
1239,OR45 entry-0.50% persist-10m slow-30m/-1.25%,302698720016.9851,695.940351233188,0.7749879029815693,0.7274988612765496,7.173581393736994,-155.2764936794656,0.8175829171996719,376,1143,19
1240,OR45 entry-0.50% persist-10m slow-30m/-1.50%,461505993894.1885,737.4095041578395,0.8018989923349424,0.8018989923349424,4.482472458399678,-113.80734075481416,0.8663004128325347,376,1161,9
1241,OR45 entry-0.50% persist-10m slow-45m/-0.75%,170224856.14343998,223.22841325201927,0.7297279229664355,0.7297279229664355,11.699579395250371,-627.9884316606344,0.2622462355933822,376,939,111
1242,OR45 entry-0.50% persist-10m slow-45m/-1.00%,4926978599.00786,384.7453751512197,0.6940876548575966,0.6940876548575966,15.263606206134261,-466.4714697614339,0.45199455044936265,376,1026,72
1243,OR45 entry-0.50% persist-10m slow-45m/-1.25%,48226876877.04461,537.9946968561951,0.7231780651359996,0.7186137413679383,12.354565178293964,-313.22214805645854,0.6320301343559532,376,1099,40
1244,OR45 entry-0.50% persist-10m slow-45m/-1.50%,375706687021.501,716.9223000490973,0.7585927120758014,0.7403482608615907,8.813100484313786,-134.29454486355633,0.8422322752819386,376,1139,22
1245,OR45 entry-0.50% persist-10m slow-60m/-0.75%,241167188.77475998,237.0767920317578,0.6788605557103635,0.6788605557103635,16.78631612085757,-614.1400528808958,0.278515155625339,376,901,128
1246,OR45 entry-0.50% persist-10m slow-60m/-1.00%,3010009790.861891,356.81648096910595,0.7408363210912652,0.7365631519869364,10.588739582767403,-494.4003639435477,0.4191839988854076,376,1007,84
1247,OR45 entry-0.50% persist-10m slow-60m/-1.25%,28006633492.263584,497.57718174155707,0.7298237997992267,0.7298237997992267,11.689991711971249,-353.6396631710966,0.5845480910244618,376,1065,54
1248,OR45 entry-0.50% persist-10m slow-60m/-1.50%,210240918770.38333,661.7605435273125,0.6914534426724415,0.6914534426724415,15.527027424649775,-189.45630138534113,0.7774288625540747,376,1120,31
1249,OR45 entry-0.50% persist-15m slow-30m/-0.75%,7312763265.306941,408.3539473343465,0.6752189967103701,0.6698639093201387,17.15047202085691,-442.8628975783071,0.47972963619657827,376,1016,78
1250,OR45 entry-0.50% persist-15m slow-30m/-1.00%,68387331452.993805,565.4010911869575,0.7629584061011365,0.7270528045828394,8.37653108178027,-285.81575372569614,0.664226858956222,376,1093,43
1251,OR45 entry-0.50% persist-15m slow-30m/-1.25%,319621688493.2464,701.1716597974602,0.7823768833366536,0.7364472937717179,6.434683358228566,-150.04518511519348,0.8237285998133764,376,1143,19
1252,OR45 entry-0.50% persist-15m slow-30m/-1.50%,460623204181.48883,737.2164450186837,0.8018941222466911,0.8018941222466911,4.482959467224812,-114.00039989396998,0.8660736091216945,376,1161,9
1253,OR45 entry-0.50% persist-15m slow-45m/-0.75%,114102712.51722004,208.0270978022644,0.7364404339071454,0.7364404339071454,11.02832830117938,-643.1897471103892,0.24438790073945352,376,945,108
1254,OR45 entry-0.50% persist-15m slow-45m/-1.00%,8604699938.63878,418.4114004231529,0.7243593335484944,0.7198144868912126,12.236438337044486,-432.80544448950076,0.491545019255449,376,1034,67
1255,OR45 entry-0.50% persist-15m slow-45m/-1.25%,155713841355.76886,634.7111092257618,0.7128413268816369,0.708106567847592,13.388239003730229,-216.50573568689185,0.7456514905915563,376,1104,37
1256,OR45 entry-0.50% persist-15m slow-45m/-1.50%,298564112483.6249,694.62320305807,0.7786528867602238,0.7319373437684689,6.80708301587154,-156.59364185458367,0.8160355463000121,376,1145,18
1257,OR45 entry-0.50% persist-15m slow-60m/-0.75%,155642315.69656998,219.76112970642134,0.686506365466525,0.686506365466525,16.021735145241422,-631.4557152062323,0.2581729097818451,376,913,121
1258,OR45 entry-0.50% persist-15m slow-60m/-1.00%,3182184686.5741997,359.8867133574032,0.8109492506284108,0.8078321247071918,3.5774466290528384,-491.33013155525043,0.422790873451679,376,1012,80
1259,OR45 entry-0.50% persist-15m slow-60m/-1.25%,28750949482.01959,499.46767592859345,0.7147569988375231,0.6919959982970365,13.196671808141613,-351.7491689840602,0.5867690223868227,376,1068,52
1260,OR45 entry-0.50% persist-15m slow-60m/-1.50%,129181036632.44836,618.3679226232749,0.7474274523264888,0.7474274523264888,9.929626459245045,-232.84892228937872,0.7264516983175161,376,1126,28
1261,OR45 entry-1.00% persist-1m slow-30m/-0.75%,1001920464.5218909,300.1398969065537,0.8106011422550018,0.8045838917102344,3.6122574663937423,-551.0769480060999,0.3526009837567913,376,1027,72
1262,OR45 entry-1.00% persist-1m slow-30m/-1.00%,14918468298.423796,453.9289837683093,0.7653614311770021,0.7614926395037236,8.136228574193716,-397.28786114434433,0.5332706777141947,376,1084,46
1263,OR45 entry-1.00% persist-1m slow-30m/-1.25%,135278240791.64264,622.3686530679994,0.8314823757056999,0.8287038061596066,1.524134121323928,-228.84819184465425,0.731151711561656,376,1139,22
1264,OR45 entry-1.00% persist-1m slow-30m/-1.50%,222720921190.32242,667.0687713839785,0.8018986944833092,0.8018986944833092,4.482502243563003,-184.14807352867513,0.783664909089562,376,1160,11
1265,OR45 entry-1.00% persist-1m slow-45m/-0.75%,347164984.2515799,252.193868717478,0.7997712095770182,0.7934098892787038,4.695250734192102,-599.0229761951756,0.29627452772431506,376,977,98
1266,OR45 entry-1.00% persist-1m slow-45m/-1.00%,715778437.5316007,284.2586213962319,0.8010413429146556,0.7947203750799665,4.568237400428366,-566.9582235164218,0.3339438394518622,376,1028,71
1267,OR45 entry-1.00% persist-1m slow-45m/-1.25%,9323919526.417402,423.4471030141137,0.8320374633365639,0.8292680462431771,1.4686253582375297,-427.76974189853996,0.49746090616611927,376,1095,43
1268,OR45 entry-1.00% persist-1m slow-45m/-1.50%,138064145478.2259,624.1440819574424,0.7100722338412335,0.7100722338412335,13.665148307770568,-227.07276295521126,0.7332374655032678,376,1137,24
1269,OR45 entry-1.00% persist-1m slow-60m/-0.75%,127066578.84184009,212.04476758626532,0.7647439822487189,0.7322596654175024,8.197973467022035,-639.1720773263883,0.2491078141293409,376,959,107
1270,OR45 entry-1.00% persist-1m slow-60m/-1.00%,1055339617.7750006,302.65070330135774,0.7643869708030182,0.7456827498220124,8.2336746115921,-548.566141611296,0.35555065094184524,376,1017,77
1271,OR45 entry-1.00% persist-1m slow-60m/-1.25%,14023995476.496994,449.8198982862317,0.7453801142033738,0.7411818645338396,10.134360271556542,-401.39694662642194,0.5284433701877567,376,1057,55
1272,OR45 entry-1.00% persist-1m slow-60m/-1.50%,134643233071.45752,621.9594723550637,0.6576204958622329,0.6576204958622329,18.91032210567063,-229.25737255758997,0.730671010650506,376,1124,28
1273,OR45 entry-1.00% persist-3m slow-30m/-0.75%,2497481000.9291105,346.66265578330433,0.7539477646423469,0.7498907809839555,9.27759522765923,-504.5541891293493,0.4072553989681403,376,1036,67
1274,OR45 entry-1.00% persist-3m slow-30m/-1.00%,29445477874.07397,501.1932806354914,0.7596371847550702,0.7556740099758766,8.708653216386896,-350.0235642771622,0.5887962434377348,376,1085,44
1275,OR45 entry-1.00% persist-3m slow-30m/-1.25%,209380590017.07916,661.3844849645319,0.8034406387285494,0.800199708543855,4.328307819038979,-189.83235994812173,0.776987073173345,376,1141,20
1276,OR45 entry-1.00% persist-3m slow-30m/-1.50%,348768082023.90125,709.6356873586925,0.8019012010496994,0.8019012010496994,4.482251586923979,-141.58115755396113,0.8336720444383484,376,1162,9
1277,OR45 entry-1.00% persist-3m slow-45m/-0.75%,1180877451.833369,308.1375811376301,0.7378604442961156,0.7373386767549898,10.886327262282357,-543.0792637750235,0.3619965734691836,376,992,90
1278,OR45 entry-1.00% persist-3m slow-45m/-1.00%,2534283419.4635196,347.4501782439813,0.764679583789578,0.7607995496103971,8.20441331293612,-503.7666666686723,0.4081805715200977,376,1041,64
1279,OR45 entry-1.00% persist-3m slow-45m/-1.25%,28425397075.876358,498.6461634850064,0.8020740991191113,0.7988106370161192,4.46496177998279,-352.57068142764723,0.5858039187842603,376,1100,38
1280,OR45 entry-1.00% persist-3m slow-45m/-1.50%,245394883720.0367,676.0766588587514,0.7168363900476662,0.7168363900476662,12.988732687127303,-175.1401860539022,0.7942472742396517,376,1140,21
1281,OR45 entry-1.00% persist-3m slow-60m/-0.75%,295459596.60523003,245.4201562134246,0.7274019730473571,0.7274019730473571,11.932174387158213,-605.796688699229,0.2883168462656634,376,967,102
1282,OR45 entry-1.00% persist-3m slow-60m/-1.00%,1983426518.7870898,334.4372419566427,0.75351368745261,0.7456827537494596,9.321002946632916,-516.7796029560109,0.39289311995577403,376,1023,74
1283,OR45 entry-1.00% persist-3m slow-60m/-1.25%,20670734909.59865,476.1156900141967,0.7441232836011538,0.700417337133567,10.260043331778546,-375.10115489845697,0.5593353713095899,376,1063,53
1284,OR45 entry-1.00% persist-3m slow-60m/-1.50%,120128119739.3786,612.1100513166396,0.6819634376616526,0.6819634376616526,16.476027925728665,-239.10679359601409,0.7191000213106101,376,1126,27
1285,OR45 entry-1.00% persist-5m slow-30m/-0.75%,2127345904.217018,338.1174333024317,0.7773956282852017,0.77372526009277,6.932808863373752,-513.099411610222,0.3972165674624627,376,1036,67
1286,OR45 entry-1.00% persist-5m slow-30m/-1.00%,28926036879.742264,499.90612093374216,0.8100888427923998,0.8069575302066087,3.663487412653943,-351.3107239789115,0.5872841026601621,376,1089,42
1287,OR45 entry-1.00% persist-5m slow-30m/-1.25%,272661679952.0232,685.9863035069652,0.7912505325999428,0.7849613571057303,5.547318431899639,-165.23054140568843,0.805889013600708,376,1145,18
1288,OR45 entry-1.00% persist-5m slow-30m/-1.50%,344464836388.3917,708.4261354909607,0.8018961756966816,0.8018961756966816,4.482754122225763,-142.7907094216929,0.8322510764735335,376,1162,9
1289,OR45 entry-1.00% persist-5m slow-45m/-0.75%,697953454.9228204,283.0934593109306,0.8016918809660794,0.7984221167346042,4.503183595285987,-568.123385601723,0.33257502010545836,376,994,89
1290,OR45 entry-1.00% persist-5m slow-45m/-1.00%,2174162111.7527018,339.2674110844507,0.7824177134641779,0.7788301509307662,6.430600345476134,-511.9494338282029,0.3985675484597161,376,1044,63
1291,OR45 entry-1.00% persist-5m slow-45m/-1.25%,68897757899.92781,565.997201580155,0.8169754457766899,0.8139576815832898,2.9748271142249316,-285.21964333249866,0.6649271627586669,376,1107,36
1292,OR45 entry-1.00% persist-5m slow-45m/-1.50%,402208717048.7247,723.6554172085123,0.7133943834948893,0.7133943834948893,13.332933342404996,-127.56142770414135,0.8501422657851292,376,1142,19
1293,OR45 entry-1.00% persist-5m slow-60m/-0.75%,380933725.53598,256.15286046274576,0.7497410359733816,0.7417023181948785,9.698268094555761,-595.0639844499078,0.3009255068125802,376,976,99
1294,OR45 entry-1.00% persist-5m slow-60m/-1.00%,1755138015.6943192,328.0870009216258,0.7535136802872494,0.7456827463564537,9.32100366316898,-523.1298439910279,0.3854329280282182,376,1029,71
1295,OR45 entry-1.00% persist-5m slow-60m/-1.25%,32650746664.892185,508.720614952231,0.7580658025965961,0.7540767183932156,8.865791432234316,-342.4962299604226,0.5976392713473999,376,1074,48
1296,OR45 entry-1.00% persist-5m slow-60m/-1.50%,118434509376.28505,610.8934978746087,0.6815714091475176,0.6815714091475176,16.515230777142165,-240.32334703804497,0.7176708279748559,376,1126,27
1297,OR45 entry-1.00% persist-10m slow-30m/-0.75%,1936180711.4259706,333.1778078245233,0.7318013891697077,0.7246884245028937,11.49223277492315,-518.0390370881303,0.3914135508663622,376,1038,64
1298,OR45 entry-1.00% persist-10m slow-30m/-1.00%,58161127786.71443,552.5482993489757,0.7898904904585533,0.7523493128668387,5.683322646038591,-298.668545563678,0.649127543294417,376,1092,40
1299,OR45 entry-1.00% persist-10m slow-30m/-1.25%,332702231327.9293,705.0507729960696,0.79072349884049,0.7465554713293714,5.600021807844923,-146.1660719165841,0.8282857384811473,376,1145,17
1300,OR45 entry-1.00% persist-10m slow-30m/-1.50%,434872832340.00397,731.4366712831837,0.8018989923349424,0.8018989923349424,4.482472458399678,-119.78017362946991,0.8592835957778057,376,1162,8
1301,OR45 entry-1.00% persist-10m slow-45m/-0.75%,725462289.7478403,284.8809648996689,0.7533965109304409,0.7455618544989686,9.33272059884983,-566.3358800129847,0.33467496161791954,376,998,86
1302,OR45 entry-1.00% persist-10m slow-45m/-1.00%,4916619125.770389,384.62252391373556,0.7188898904572756,0.7099589497962553,12.783382646166363,-466.5943209989181,0.4518502261937768,376,1048,60
1303,OR45 entry-1.00% persist-10m slow-45m/-1.25%,112945285719.53703,606.8424433703262,0.7345987158087429,0.7302226991823751,11.21250011101963,-244.3744015423274,0.7129116945901094,376,1113,33
1304,OR45 entry-1.00% persist-10m slow-45m/-1.50%,370200487740.7582,715.4711688091004,0.7404021158020613,0.7404021158020613,10.632160111687794,-135.74567610355325,0.8405275025807524,376,1144,18
1305,OR45 entry-1.00% persist-10m slow-60m/-0.75%,433448597.8913797,261.7351440953149,0.7574888554337829,0.7496990107451826,8.923486148515636,-589.4817008173387,0.30748351099909504,376,978,98
1306,OR45 entry-1.00% persist-10m slow-60m/-1.00%,3294274597.5110803,361.8078824603962,0.7408152199362955,0.7325808526460053,10.590849698264371,-489.40896245225747,0.4250478413611781,376,1035,69
1307,OR45 entry-1.00% persist-10m slow-60m/-1.25%,27515508413.561165,496.30542041467845,0.7554822481153576,0.7514505654844695,9.124146880358165,-354.9114244979752,0.5830540400849399,376,1074,48
1308,OR45 entry-1.00% persist-10m slow-60m/-1.50%,118309696107.66187,610.8032378738941,0.6914068448995181,0.6914068448995181,15.531687201942113,-240.41360703875955,0.7175647915386012,376,1127,26
1309,OR45 entry-1.00% persist-15m slow-30m/-0.75%,3086902987.8340406,358.206239778269,0.7348457680736215,0.7264217497585029,11.187794884531776,-493.01060513438466,0.42081667194335864,376,1045,61
1310,OR45 entry-1.00% persist-15m slow-30m/-1.00%,122261254042.42584,613.6210365498736,0.7898889357748914,0.7622786866993928,5.6834781144047835,-237.59580836278008,0.7208751098115773,376,1103,36
1311,OR45 entry-1.00% persist-15m slow-30m/-1.25%,352212934699.75836,710.5945391854575,0.7955183717380145,0.7523623072369654,5.120534518092468,-140.62230572719614,0.834798492807522,376,1145,17
1312,OR45 entry-1.00% persist-15m slow-30m/-1.50%,434311780188.62415,731.3074233507709,0.8032755943396332,0.8018941222466911,4.344812257930597,-119.90942156188271,0.8591317567567791,376,1162,8
1313,OR45 entry-1.00% persist-15m slow-45m/-0.75%,520409496.99180025,269.78828778190564,0.8030757868763962,0.7998288409040388,4.364793004254297,-581.428557130748,0.31694425385765196,376,1002,84
1314,OR45 entry-1.00% persist-15m slow-45m/-1.00%,6594395227.161619,402.0632707186203,0.7216070365071958,0.7170168091440516,12.511668041174339,-449.15357419403335,0.4723394198805798,376,1058,55
1315,OR45 entry-1.00% persist-15m slow-45m/-1.25%,158140883993.3374,636.0807775730186,0.7434217279361894,0.7391911878017007,10.330198898274979,-215.13606733963502,0.7472605616002455,376,1114,32
1316,OR45 entry-1.00% persist-15m slow-45m/-1.50%,290119580878.0811,691.8824401506043,0.784968701151303,0.7395861174848175,6.1755015767636205,-159.3344047620493,0.8128157287836577,376,1146,17
1317,OR45 entry-1.00% persist-15m slow-60m/-0.75%,433295628.38830006,261.7197684872099,0.7729616888488406,0.7656688590955971,7.376202807009857,-589.4970764254438,0.307465447907185,376,986,92
1318,OR45 entry-1.00% persist-15m slow-60m/-1.00%,4592142526.131478,380.6544067648515,0.769320608244153,0.7655170966795424,7.740310867478617,-470.56243814780214,0.4471885266837169,376,1044,65
1319,OR45 entry-1.00% persist-15m slow-60m/-1.25%,31872801000.945065,506.9554854516449,0.7419500442450468,0.7376952385448476,10.477367267389237,-344.26135946100874,0.5955656170122731,376,1077,46
1320,OR45 entry-1.00% persist-15m slow-60m/-1.50%,103474061440.9336,599.4266289378943,0.6840698651755452,0.6840698651755452,16.265385174339396,-251.79021597475935,0.7041996789894396,376,1132,24
1321,OR45 entry-1.50% persist-1m slow-30m/-0.75%,3410153797.695845,363.7344737103763,0.8348588146886707,0.8296122366516689,1.1864902230268481,-487.48237120227736,0.4273111791481292,376,1077,50
1322,OR45 entry-1.50% persist-1m slow-30m/-1.00%,74158590338.00385,571.9247908584052,0.6862803809736486,0.6631175686735165,16.044333594529057,-279.2920540542484,0.6718908281439055,376,1113,32
1323,OR45 entry-1.50% persist-1m slow-30m/-1.25%,231019902789.3937,670.4556030868795,0.7965354673844038,0.7535940619981729,5.018824953453538,-180.76124182577416,0.7876437209788504,376,1145,17
1324,OR45 entry-1.50% persist-1m slow-30m/-1.50%,387119878436.80707,719.8715674370519,0.8018986944833092,0.8018986944833092,4.482502243563003,-131.34527747560173,0.8456970415228572,376,1160,9
1325,OR45 entry-1.50% persist-1m slow-45m/-0.75%,1619936604.8369482,323.97451129518464,0.819319372686807,0.8135791025707484,2.7404344232132227,-527.2423336174691,0.3806016213511715,376,1053,65
1326,OR45 entry-1.50% persist-1m slow-45m/-1.00%,9526951153.920454,424.8067376594801,0.7750463435579947,0.7678995078912478,7.167737336094449,-426.4101072531735,0.49905818969439103,376,1094,44
1327,OR45 entry-1.50% persist-1m slow-45m/-1.25%,56023012905.70954,549.6116874584841,0.7030091046998391,0.6967093550793155,14.371461221910009,-301.60515745416956,0.6456776445899419,376,1124,29
1328,OR45 entry-1.50% persist-1m slow-45m/-1.50%,215682548413.31335,664.108255531948,0.7100722338412335,0.7100722338412335,13.665148307770568,-187.10858938070567,0.7801869282792383,376,1142,19
1329,OR45 entry-1.50% persist-1m slow-60m/-0.75%,1028233531.3081197,301.3910015928695,0.8053819173249434,0.7991988506584338,4.134179959399587,-549.8258433197841,0.3540707675067171,376,1042,72
1330,OR45 entry-1.50% persist-1m slow-60m/-1.00%,8671412763.1016,418.8937688762056,0.8390178447159875,0.8339034001353092,0.7705872202951713,-432.323076036448,0.49211170030262946,376,1079,52
1331,OR45 entry-1.50% persist-1m slow-60m/-1.25%,49513156994.9685,540.0201892768255,0.6918189563109207,0.6387519412271971,15.49047606080185,-311.19665563582817,0.6344096601286583,376,1096,40
1332,OR45 entry-1.50% persist-1m slow-60m/-1.50%,185210459478.93265,650.2206552983331,0.6609542310872697,0.6576204701949349,18.576948583166953,-200.99618961432054,0.7638719313232747,376,1137,22
1333,OR45 entry-1.50% persist-3m slow-30m/-0.75%,5334207044.034831,389.4033550365406,0.8348588135580929,0.8296122354851724,1.1864903360846335,-461.81348987611307,0.45746669296294135,376,1079,48
1334,OR45 entry-1.50% persist-3m slow-30m/-1.00%,116357378849.79184,609.3803865024202,0.6862799489661487,0.6648335150607751,16.044376795279046,-241.8364584102335,0.7158932417096971,376,1114,31
1335,OR45 entry-1.50% persist-3m slow-30m/-1.25%,267351622918.8339,684.1270164402274,0.7965320901228986,0.7535899719620454,5.019162679604062,-167.08982847242623,0.8037047440131757,376,1147,16
1336,OR45 entry-1.50% persist-3m slow-30m/-1.50%,436751369865.9121,731.8683593922723,0.8019012010496994,0.8019012010496994,4.482251586923979,-119.34848552038136,0.859790738125456,376,1162,8
1337,OR45 entry-1.50% persist-3m slow-45m/-0.75%,2162804569.246771,338.9904439521178,0.8311227123842486,0.8257574374137265,1.56010045346906,-512.2264009605358,0.39824217057981603,376,1058,62
1338,OR45 entry-1.50% persist-3m slow-45m/-1.00%,18946545176.555637,470.104701486956,0.7750463444355297,0.7678995087966622,7.167737248340956,-381.11214342569764,0.5522737294222545,376,1098,41
1339,OR45 entry-1.50% persist-3m slow-45m/-1.25%,116126788030.36473,609.2109476495326,0.7030153940789818,0.7022454633846482,14.370832283995739,-242.00589726312103,0.71569418684618,376,1128,26
1340,OR45 entry-1.50% persist-3m slow-45m/-1.50%,246607145546.0401,676.5373404172287,0.7168363900476662,0.7168363900476662,12.988732687127303,-174.6795044954249,0.79478847776638,376,1144,18
1341,OR45 entry-1.50% persist-3m slow-60m/-0.75%,1570450559.4904087,322.39348225659796,0.8097595919761116,0.8037156051620002,3.6964124942827636,-528.8233626560557,0.37874424617346464,376,1049,68
1342,OR45 entry-1.50% persist-3m slow-60m/-1.00%,12326697682.349094,441.34457814414566,0.8387151904132738,0.8335911304273627,0.8008526505665414,-409.872266768508,0.518486659165484,376,1085,49
1343,OR45 entry-1.50% persist-3m slow-60m/-1.25%,52273082671.22359,544.2145384103003,0.6918140337264607,0.6366225087968596,15.490968319247855,-307.00230650235335,0.6393371344362248,376,1101,38
1344,OR45 entry-1.50% persist-3m slow-60m/-1.50%,164180986078.18356,639.4108085733742,0.704975795049577,0.704975795049577,14.174792186936225,-211.80603633927944,0.751172644661404,376,1139,21
1345,OR45 entry-1.50% persist-5m slow-30m/-0.75%,4992876662.059544,385.5215718209717,0.8346732627960696,0.8294207897275975,1.2050454122869647,-465.69527309168194,0.45290641758920014,376,1080,48
1346,OR45 entry-1.50% persist-5m slow-30m/-1.00%,121519505366.10608,613.098274391012,0.7535223612267947,0.701502994169846,9.32013556921445,-238.1185705216417,0.7202609746919707,376,1118,29
1347,OR45 entry-1.50% persist-5m slow-30m/-1.25%,354114794082.7383,711.1203803997606,0.7965349274279246,0.7535934080833061,5.018878949101458,-140.09646451289302,0.8354162451669189,376,1151,14
1348,OR45 entry-1.50% persist-5m slow-30m/-1.50%,441886095161.381,733.0400410777289,0.8018961756966816,0.8018961756966816,4.482754122225763,-118.17680383492473,0.861167216624982,376,1162,8
1349,OR45 entry-1.50% persist-5m slow-45m/-0.75%,1686870228.7526004,326.04670651903086,0.8333732127348598,0.8280794367407409,1.335050418407946,-525.1701383936228,0.38303601305315765,376,1060,61
1350,OR45 entry-1.50% persist-5m slow-45m/-1.00%,18247480703.42337,467.5295425886527,0.7750463448114706,0.7678995091845469,7.167737210746861,-383.68730232400094,0.5492484616380301,376,1098,41
1351,OR45 entry-1.50% persist-5m slow-45m/-1.25%,112151627913.95782,606.2424579332786,0.6993004332780027,0.6985383848446041,14.742328364093648,-244.97438697937503,0.7122068384296216,376,1128,26
1352,OR45 entry-1.50% persist-5m slow-45m/-1.50%,304816575283.5759,696.6089115546372,0.7133943834948893,0.7133943834948893,13.332933342404996,-154.60793335801645,0.818368334365045,376,1146,17
1353,OR45 entry-1.50% persist-5m slow-60m/-0.75%,1007063209.5162392,300.38667249508404,0.8218143898556186,0.8161533870783233,2.4909327063320608,-550.8301724175697,0.3528908929497369,376,1052,67
1354,OR45 entry-1.50% persist-5m slow-60m/-1.00%,9700846050.81368,425.9511395231373,0.8365058087290856,0.8313115561174054,1.0217908189853575,-425.26570538951637,0.5004026201653066,376,1087,48
1355,OR45 entry-1.50% persist-5m slow-60m/-1.25%,43977065523.057556,530.94659812346,0.6931404277615086,0.6931404277615086,15.358328915743058,-320.2702467891936,0.6237501070340571,376,1104,36
1356,OR45 entry-1.50% persist-5m slow-60m/-1.50%,167319499185.71313,641.098801901106,0.7013804017282306,0.7013804017282306,14.534331519070864,-210.11804301154768,0.7531556802860161,376,1139,21
1357,OR45 entry-1.50% persist-10m slow-30m/-0.75%,4054143739.6111617,373.49579774200976,0.8328177417344449,0.8275063182834212,1.3905975184494324,-477.7210471706439,0.4387786731127666,376,1080,48
1358,OR45 entry-1.50% persist-10m slow-30m/-1.00%,94611427876.17955,591.9252711908982,0.7535219191390125,0.7443012100746936,9.320179777992676,-259.2915737217554,0.6953871680624903,376,1118,29
1359,OR45 entry-1.50% persist-10m slow-30m/-1.25%,311652625768.3341,698.7393738837338,0.7955179428357109,0.7523617878143757,5.120577408322835,-152.4774710289198,0.820871177608608,376,1151,14
1360,OR45 entry-1.50% persist-10m slow-30m/-1.50%,388686817915.53424,720.2704891487131,0.803275216011303,0.8018989923349424,4.344850090763619,-130.94635576394057,0.8461656902744007,376,1162,8
1361,OR45 entry-1.50% persist-10m slow-45m/-0.75%,1573410525.206061,322.4892737256563,0.8453969888957564,0.8404852113704547,0.13267280231827883,-528.7275711869974,0.3788567809166747,376,1061,60
1362,OR45 entry-1.50% persist-10m slow-45m/-1.00%,19934515339.893955,473.6051254500511,0.7700265765031661,0.7627202615428008,7.669714041577313,-377.61171946260254,0.5563859882244805,376,1099,40
1363,OR45 entry-1.50% persist-10m slow-45m/-1.25%,107221417584.49673,602.429420844435,0.7270711511011925,0.7270711511011925,11.965256581774675,-248.78742406821868,0.7077273252343266,376,1130,25
1364,OR45 entry-1.50% persist-10m slow-45m/-1.50%,281339717186.08624,688.9574059261026,0.7404021158020613,0.7404021158020613,10.632160111687794,-162.259438986551,0.8093794313913031,376,1148,16
1365,OR45 entry-1.50% persist-10m slow-60m/-0.75%,1039129241.7412294,301.9008289105527,0.8147317915825326,0.8116770333403382,3.19919253364066,-549.3160160021009,0.3546697069200173,376,1053,66
1366,OR45 entry-1.50% persist-10m slow-60m/-1.00%,10851762857.884909,433.1001987668742,0.7822968393609733,0.7753803538153398,6.4426877557965945,-418.11664614577944,0.5088012547628991,376,1088,47
1367,OR45 entry-1.50% persist-10m slow-60m/-1.25%,36997738037.12457,517.952053820207,0.7533727061394537,0.7533727061394537,9.335101077948549,-333.26479109244667,0.608484262166306,376,1104,36
1368,OR45 entry-1.50% persist-10m slow-60m/-1.50%,148061971879.72147,630.2664057408904,0.7178752599851502,0.7178752599851502,12.8848456933789,-220.95043917176326,0.7404299028005775,376,1139,21
1369,OR45 entry-1.50% persist-15m slow-30m/-0.75%,5039346035.118442,386.0635233950072,0.780430257775343,0.7734544704514585,6.629345914359619,-465.1533215176464,0.453543096218476,376,1082,46
1370,OR45 entry-1.50% persist-15m slow-30m/-1.00%,120509362443.91121,612.381823829264,0.7535169135234085,0.727229211821159,9.320680339553068,-238.83502108338962,0.7194192966095527,376,1121,27
1371,OR45 entry-1.50% persist-15m slow-30m/-1.25%,335905608739.9848,705.9802759143201,0.7955177142187048,0.7523615109475079,5.120600270023445,-145.2365689983335,0.8293777080818499,376,1151,14
1372,OR45 entry-1.50% persist-15m slow-30m/-1.50%,419935606714.8431,727.9444818790365,0.8032769112730059,0.8018941222466911,4.344680564593329,-123.27236303361713,0.855181010843052,376,1162,8
1373,OR45 entry-1.50% persist-15m slow-45m/-0.75%,1905718491.6505892,332.3513642866052,0.8413699677865469,0.8387544278485144,0.5353749132392283,-518.8654806260485,0.39044265426949926,376,1063,58
1374,OR45 entry-1.50% persist-15m slow-45m/-1.00%,26439352802.284554,493.4474025967952,0.7055065570451995,0.7006508601081876,14.121715987373973,-357.76944231585844,0.5796964728152549,376,1101,38
1375,OR45 entry-1.50% persist-15m slow-45m/-1.25%,140145022013.67654,625.4497600617755,0.706879317001229,0.706879317001229,13.984439991771024,-225.76708485087818,0.7347713614924468,376,1131,24
1376,OR45 entry-1.50% persist-15m slow-45m/-1.50%,265473894748.7016,683.4617608209203,0.7849674911046605,0.7395846520565478,6.175622581427875,-167.75508409173335,0.8029232091748052,376,1150,15
1377,OR45 entry-1.50% persist-15m slow-60m/-0.75%,1350932499.60727,314.8037933071954,0.7946994452896243,0.7913143876643277,5.202427162931489,-536.4130516054582,0.3698279647408746,376,1057,62
1378,OR45 entry-1.50% persist-15m slow-60m/-1.00%,12942693348.7125,444.53285050891725,0.7908217857204394,0.7841761399187006,5.590193119849984,-406.6839944037364,0.5222322057718821,376,1090,45
1379,OR45 entry-1.50% persist-15m slow-60m/-1.25%,39987417183.72012,523.7618562353503,0.7151590843050473,0.7151590843050473,13.156463261389195,-327.4549886773034,0.6153095528661622,376,1106,35
1380,OR45 entry-1.50% persist-15m slow-60m/-1.50%,161759337558.53427,638.0888580165075,0.6970524939367884,0.6970524939367884,14.967122298215084,-213.12798689614613,0.7496196319775416,376,1141,20
1381,OR45 entry-2.00% persist-1m slow-30m/-0.75%,2045563578.87477,336.05405498449255,0.7975407381266905,0.791108555175299,4.918297879224875,-515.1627899281611,0.39479253376262335,376,1096,42
1382,OR45 entry-2.00% persist-1m slow-30m/-1.00%,42888735992.05041,529.0454816650497,0.8502886248268886,0.8266613536791146,-0.35649079079493884,-322.17136324760395,0.6215166967464524,376,1135,24
1383,OR45 entry-2.00% persist-1m slow-30m/-1.25%,71325865990.93465,568.7807935736078,0.8947267846376264,0.8725087608913042,-4.800306771868723,-282.4360513390459,0.6681972954047595,376,1148,16
1384,OR45 entry-2.00% persist-1m slow-30m/-1.50%,331588673092.1512,704.7258147484955,0.8110656923219938,0.8018986944833092,3.565802459694545,-146.49103016415813,0.8279039811774518,376,1160,9
1385,OR45 entry-2.00% persist-1m slow-45m/-0.75%,1043640331.1584998,302.1105344947621,0.7797991375486073,0.7478699397796399,6.692457937033192,-549.1063104178916,0.3549160666877577,376,1086,48
1386,OR45 entry-2.00% persist-1m slow-45m/-1.00%,4193497054.683412,375.42672530815946,0.8767742324627694,0.876303449942168,-3.0050515543830203,-475.7901196044942,0.4410471051553066,376,1112,35
1387,OR45 entry-2.00% persist-1m slow-45m/-1.25%,39032891960.471146,521.9497071390207,0.8256924143849798,0.8250264744102824,2.103130253395946,-329.26713777363295,0.6131806604374468,376,1135,24
1388,OR45 entry-2.00% persist-1m slow-45m/-1.50%,215598812044.79828,664.0725253604594,0.784968572955411,0.7395859622330465,6.175514396352821,-187.14431955219425,0.7801449528746135,376,1148,15
1389,OR45 entry-2.00% persist-1m slow-60m/-0.75%,1406982502.1874309,316.83941781602994,0.7893216282250437,0.7893216282250437,5.740208869389551,-534.3774270966237,0.3722193935771348,376,1079,51
1390,OR45 entry-2.00% persist-1m slow-60m/-1.00%,12864088619.766634,444.13353342920334,0.7822752727630128,0.7753581020410014,6.444844415592643,-407.0833114834503,0.5217630925463856,376,1105,39
1391,OR45 entry-2.00% persist-1m slow-60m/-1.25%,129626165977.0316,618.6655576941585,0.700014526947811,0.6367022747202851,14.670918997112825,-232.5512872184952,0.7268013566597615,376,1121,28
1392,OR45 entry-2.00% persist-1m slow-60m/-1.50%,230069120177.70337,670.0730658056497,0.6970538076720798,0.6576205943448243,14.966990924685941,-181.14377910700398,0.7871943204723683,376,1145,18
1393,OR45 entry-2.00% persist-3m slow-30m/-0.75%,3907262308.760498,371.3963027986299,0.7975407396624214,0.7911085567598206,4.918297725651777,-479.82054211402374,0.43631221000653503,376,1100,39
1394,OR45 entry-2.00% persist-3m slow-30m/-1.00%,216464435815.72614,664.4412980235618,0.7535243324606044,0.7015053814346418,9.319938445833486,-186.77554688909186,0.7805781828621383,376,1139,21
1395,OR45 entry-2.00% persist-3m slow-30m/-1.25%,225447913852.50693,668.1937316140109,0.8110654395162878,0.7711906001577815,3.5658277402651373,-183.02311329864278,0.7849864997474016,376,1151,14
1396,OR45 entry-2.00% persist-3m slow-30m/-1.50%,374074524570.0981,716.4941131765742,0.8110658886941996,0.8019012010496994,3.565782822473962,-134.72273173607948,0.8417292461477265,376,1162,8
1397,OR45 entry-2.00% persist-3m slow-45m/-0.75%,1878777684.6826193,331.6107171136898,0.7798345188205652,0.7643408655272663,6.688919809837401,-519.6061277989638,0.38957255027973225,376,1090,45
1398,OR45 entry-2.00% persist-3m slow-45m/-1.00%,24212988176.593468,487.19426971404084,0.7898604591041103,0.7831842717079043,5.686325781482893,-364.0225751986128,0.5723503624555663,376,1117,31
1399,OR45 entry-2.00% persist-3m slow-45m/-1.25%,225632157320.52133,668.2693047645965,0.7109200351473917,0.6641928276841159,13.580368177154757,-182.9475401480571,0.7850752822368899,376,1140,20
1400,OR45 entry-2.00% persist-3m slow-45m/-1.50%,239191115552.03467,673.6873044762456,0.784969105884439,0.7395866076373111,6.1754611034500195,-177.52954043640807,0.7914402875161323,376,1150,14
1401,OR45 entry-2.00% persist-3m slow-60m/-0.75%,1597418351.4606893,323.2604204019169,0.7921719224791716,0.7921719224791716,5.455179443976766,-527.9564245107367,0.3797627153808121,376,1080,50
1402,OR45 entry-2.00% persist-3m slow-60m/-1.00%,20419634419.16684,475.2683845831573,0.7818659389149818,0.7749357635510766,6.485777800395742,-375.94846032949636,0.5583399663947278,376,1108,37
1403,OR45 entry-2.00% persist-3m slow-60m/-1.25%,133203084518.62766,621.0251551003217,0.7000131911655793,0.6373662513504859,14.671052575335997,-230.1916898123319,0.7295733852213032,376,1123,27
1404,OR45 entry-2.00% persist-3m slow-60m/-1.50%,209126400405.84778,661.2731159656072,0.6970536953090396,0.65762053904023,14.967002160989962,-189.94372894704645,0.7768562381228049,376,1147,17
1405,OR45 entry-2.00% persist-5m slow-30m/-0.75%,3873605652.0986814,370.90545988219026,0.797313261057632,0.7908738511011044,4.941045586130722,-480.3113850304634,0.4357355732548387,376,1100,39
1406,OR45 entry-2.00% persist-5m slow-30m/-1.00%,218358468910.47327,665.2436903931401,0.7535244004449434,0.7015054637671476,9.319931647399581,-185.9731545195135,0.7815208244162545,376,1139,21
1407,OR45 entry-2.00% persist-5m slow-30m/-1.25%,228071822267.4031,669.2649243789008,0.8110634724140086,0.7711882178964802,3.566024450493066,-181.95192053375285,0.7862449249903841,376,1151,14
1408,OR45 entry-2.00% persist-5m slow-30m/-1.50%,378468248602.09906,717.6430651839044,0.8110649027010657,0.8018961756966816,3.5658814217873536,-133.5737797287493,0.8430790220763832,376,1162,8
1409,OR45 entry-2.00% persist-5m slow-45m/-0.75%,1628151981.272349,324.23286190243124,0.7779758020366986,0.76748132979195,6.874791488224064,-526.9839830102223,0.3809051287462502,376,1092,44
1410,OR45 entry-2.00% persist-5m slow-45m/-1.00%,24609535476.940952,488.3440845726876,0.7898604592065792,0.7831842718136287,5.6863257712360005,-362.872760339966,0.5737011520522698,376,1117,31
1411,OR45 entry-2.00% persist-5m slow-45m/-1.25%,227640007779.8179,669.0893867065121,0.7109204961342992,0.6652723443655009,13.580322078464002,-182.12745820614157,0.7860387053021368,376,1140,20
1412,OR45 entry-2.00% persist-5m slow-45m/-1.50%,251572294565.19702,678.4036405934253,0.7849684514126585,0.739585815038567,6.175526550628074,-172.81320431922836,0.7969809862762275,376,1150,14
1413,OR45 entry-2.00% persist-5m slow-60m/-0.75%,1016121510.7604307,300.8186536873486,0.8250172392797455,0.8221320706093189,2.1706477639193755,-550.398191225305,0.3533983796082145,376,1083,49
1414,OR45 entry-2.00% persist-5m slow-60m/-1.00%,16592122415.842236,461.067245286152,0.7788778001871448,0.7718526908854008,6.784591673179441,-390.14959962650164,0.5416566272645412,376,1110,36
1415,OR45 entry-2.00% persist-5m slow-60m/-1.25%,116908219289.70105,609.7839533997578,0.7000153068374397,0.638532008105951,14.67084100814995,-241.43289151289582,0.7163673475732613,376,1126,25
1416,OR45 entry-2.00% persist-5m slow-60m/-1.50%,210785655449.8081,661.9979542982726,0.6970513535902159,0.6587147729415057,14.967236332872336,-189.21889061438105,0.7777077700643983,376,1147,17
1417,OR45 entry-2.00% persist-10m slow-30m/-0.75%,3277302460.4694476,361.520717733924,0.7950384371626077,0.7885267554643993,5.168527975633152,-489.6961271787296,0.4247104834620853,376,1103,38
1418,OR45 entry-2.00% persist-10m slow-30m/-1.00%,174275969296.4941,644.7431137494091,0.753523197517624,0.7015040069607417,9.320051940131524,-206.47373116324457,0.7574369769615736,376,1139,21
1419,OR45 entry-2.00% persist-10m slow-30m/-1.25%,207205581760.1722,660.4276700731658,0.8110621989186155,0.7711866756285338,3.566151800032369,-190.78917483948783,0.7758630177730266,376,1151,14
1420,OR45 entry-2.00% persist-10m slow-30m/-1.50%,344207125676.2938,708.353277399994,0.8110669769932358,0.8018989923349424,3.5656739925703396,-142.86356751265964,0.8321654836056265,376,1162,8
1421,OR45 entry-2.00% persist-10m slow-45m/-0.75%,1266784623.0892599,311.60365253191566,0.7909029152693741,0.7842598469743232,5.5820801649565155,-539.6131923807379,0.3660684752589575,376,1092,44
1422,OR45 entry-2.00% persist-10m slow-45m/-1.00%,22188274239.730545,481.0517441845991,0.7851712638245584,0.7783460994852687,6.155245309438085,-370.16510072805454,0.5651341923736971,376,1117,31
1423,OR45 entry-2.00% persist-10m slow-45m/-1.25%,200201819495.90613,657.2854163024524,0.7109207016705821,0.662674479018192,13.580301524835715,-193.93142861020124,0.7721715332946668,376,1140,20
1424,OR45 entry-2.00% persist-10m slow-45m/-1.50%,212063123138.8397,662.5525990450823,0.7849712126046874,0.7395891589831021,6.175250431425184,-188.66424586757137,0.7783593604906505,376,1150,14
1425,OR45 entry-2.00% persist-10m slow-60m/-0.75%,1065893961.149191,303.133508502257,0.828453717710655,0.8256252107357273,1.8269999208284204,-548.0833364103967,0.3561178450754961,376,1084,48
1426,OR45 entry-2.00% persist-10m slow-60m/-1.00%,18018640671.17763,466.6676918023838,0.7089520399533606,0.6986552287210932,13.777167696557857,-384.54915311026986,0.5482359690030221,376,1111,35
1427,OR45 entry-2.00% persist-10m slow-60m/-1.25%,94877532318.647,592.1593370439566,0.7060011718617643,0.7060011718617643,14.072254505717495,-259.05750786869703,0.695662146000788,376,1126,25
1428,OR45 entry-2.00% persist-10m slow-60m/-1.50%,182398506652.80078,648.839773989129,0.6970495273252653,0.663823079743211,14.967418959367397,-202.37707092352468,0.7622496874526827,376,1147,17
1429,OR45 entry-2.00% persist-15m slow-30m/-0.75%,3778487636.8154373,369.4977097355219,0.7919669256253729,0.7587149950631163,5.475679129356637,-481.71913517713176,0.4340817641754227,376,1104,37
1430,OR45 entry-2.00% persist-15m slow-30m/-1.00%,274531149114.8843,686.6333123109686,0.7535251933949886,0.7015064240701407,9.319852352395063,-164.58353260168508,0.8066491122851621,376,1142,19
1431,OR45 entry-2.00% persist-15m slow-30m/-1.25%,222842048300.42682,667.118996126664,0.8110649951597378,0.7711900620193104,3.5658721759201373,-184.09784878598964,0.783723912553821,376,1151,14
1432,OR45 entry-2.00% persist-15m slow-30m/-1.50%,371877324179.5484,715.9150898324139,0.8110658570948441,0.8018941222466911,3.5657859824095084,-135.3017550802398,0.8410490160187989,376,1162,8
1433,OR45 entry-2.00% persist-15m slow-45m/-0.75%,1421729708.332439,317.36314282187834,0.7879708482511131,0.7652938757448066,5.875286866782615,-533.8537020907753,0.3728346598385798,376,1093,43
1434,OR45 entry-2.00% persist-15m slow-45m/-1.00%,31641321919.97875,506.4229524331092,0.7685374176869795,0.7088896234891635,7.818629923195974,-344.79389247954447,0.594940003196336,376,1121,29
1435,OR45 entry-2.00% persist-15m slow-45m/-1.25%,268469174874.1504,684.5210028216626,0.7109199202291095,0.6685880072280499,13.580379668982967,-166.69584209099105,0.804167594794137,376,1141,19
1436,OR45 entry-2.00% persist-15m slow-45m/-1.50%,277769581189.9891,687.7449931100989,0.7849699162495156,0.7395875890307965,6.17538006694236,-163.47185180255474,0.8079551024165539,376,1152,13
1437,OR45 entry-2.00% persist-15m slow-60m/-0.75%,1360193874.9462702,315.1452107651587,0.795825180650262,0.7740008467466073,5.089853626867724,-536.0716341474949,0.3702290581402872,376,1087,45
1438,OR45 entry-2.00% persist-15m slow-60m/-1.00%,20848765025.41633,476.71096128002495,0.7170911904865068,0.7081031046636421,12.963252643243239,-374.5058836326287,0.5600346893146152,376,1112,34
1439,OR45 entry-2.00% persist-15m slow-60m/-1.25%,96776291573.96365,593.8129272302706,0.7000103566210027,0.660778688665995,14.671336029793647,-257.40391768238305,0.6976047652008154,376,1126,25
1440,OR45 entry-2.00% persist-15m slow-60m/-1.50%,189089629890.52554,652.0956608760256,0.6970554736915033,0.6633532896664498,14.966824322743587,-199.12118403662805,0.7660746668411378,376,1147,17
1441,OR45 entry-2.50% persist-1m slow-30m/-0.75%,33694111701.78089,511.0307775409375,0.8635234676058862,0.8453558141783856,-1.6799750686946946,-340.18606737171615,0.6003532244399794,376,1132,26
1442,OR45 entry-2.50% persist-1m slow-30m/-1.00%,95667395797.07239,592.850717256619,0.8392816790065598,0.8386676566492534,0.7442037912379407,-258.3661276560347,0.6964743717183528,376,1149,16
1443,OR45 entry-2.50% persist-1m slow-30m/-1.25%,91534004880.04951,589.1754396788624,0.8633783043025679,0.8379003986356025,-1.6654587383628683,-262.04140523379124,0.6921566968512234,376,1158,11
1444,OR45 entry-2.50% persist-1m slow-30m/-1.50%,217379138230.80496,664.8295723142135,0.8420943459336567,0.8153472047676413,0.4629370985282488,-186.38727259844018,0.7810343231429284,376,1164,7
1445,OR45 entry-2.50% persist-1m slow-45m/-0.75%,52160878919.589806,544.0478608828713,0.8392075918480092,0.8218398365973338,0.7516125070930024,-307.16898402978234,0.6391413235468784,376,1124,30
1446,OR45 entry-2.50% persist-1m slow-45m/-1.00%,25647724819.868126,491.27895425424,0.9146229899378115,0.9019624059333567,-6.789927301887233,-359.93789065841366,0.5771490040292281,376,1132,26
1447,OR45 entry-2.50% persist-1m slow-45m/-1.25%,92669308916.92546,590.1992260316906,0.8752106134866633,0.8488736811216882,-2.8486896567724074,-261.017618880963,0.693359429573146,376,1142,20
1448,OR45 entry-2.50% persist-1m slow-45m/-1.50%,239897260647.3747,673.9620041281303,0.7849681177963207,0.7395854110121476,6.175559912261852,-177.25484078452337,0.7917630015854396,376,1153,13
1449,OR45 entry-2.50% persist-1m slow-60m/-0.75%,42885438477.71998,529.0396573198728,0.7980864973193779,0.7762586174379634,4.863721959956136,-322.1771875927808,0.6215098543710792,376,1118,32
1450,OR45 entry-2.50% persist-1m slow-60m/-1.00%,30485679514.415756,503.7119297253696,0.8224442427791665,0.803268979302288,2.4279474139772717,-347.50491518728404,0.5917551241329784,376,1122,30
1451,OR45 entry-2.50% persist-1m slow-60m/-1.25%,304517885063.1109,696.5148695785284,0.7053697001983799,0.6443535353027989,14.135401672055936,-154.70197533412522,0.8182578549065254,376,1134,23
1452,OR45 entry-2.50% persist-1m slow-60m/-1.50%,386870457512.03784,719.8079372414757,0.7331145931434323,0.6767881449896935,11.360912377550692,-131.40890767117799,0.8456222894829316,376,1153,14
1453,OR45 entry-2.50% persist-3m slow-30m/-0.75%,65536273678.28852,561.9976215824491,0.8627722051720624,0.8444966765131229,-1.6048488253123216,-289.2192233302045,0.6602285010467781,376,1136,23
1454,OR45 entry-2.50% persist-3m slow-30m/-1.00%,389603103145.0463,720.5031080843288,0.7218007212584676,0.6705850072809285,12.49229956604716,-130.71373682832484,0.8464389683903191,376,1153,13
1455,OR45 entry-2.50% persist-3m slow-30m/-1.25%,286864060990.5695,690.8070549834306,0.7907230246712293,0.7465548970861853,5.600069224770987,-160.40978992922305,0.8115523783535049,376,1161,9
1456,OR45 entry-2.50% persist-3m slow-30m/-1.50%,239259291625.18008,673.7138569448354,0.8419227209035609,0.8151449889950737,0.48009960153783116,-177.50298796781829,0.7914714810583519,376,1166,6
1457,OR45 entry-2.50% persist-3m slow-45m/-0.75%,95434766148.9656,592.6476159999215,0.8381218191165652,0.8206346079393555,0.860189780237397,-258.5692289127321,0.6962357706404826,376,1128,27
1458,OR45 entry-2.50% persist-3m slow-45m/-1.00%,141170075712.86,626.0866880661664,0.8044888559534238,0.7437678213990766,4.223486096551543,-225.13015684648724,0.7355196173666081,376,1137,22
1459,OR45 entry-2.50% persist-3m slow-45m/-1.25%,465416964755.1722,738.2609146776934,0.7766294362921536,0.7294868419332079,7.009428062678557,-112.95593023496019,0.867300640359683,376,1147,16
1460,OR45 entry-2.50% persist-3m slow-45m/-1.50%,270627899099.7697,685.2779811566612,0.7849704215612932,0.7395882009891606,6.1753295357646065,-165.93886375599243,0.8050568844499078,376,1155,12
1461,OR45 entry-2.50% persist-3m slow-60m/-0.75%,63816702917.04782,559.8813691650743,0.7952424610390405,0.7731237587049204,5.148125587989871,-291.3354757475794,0.6577423514480916,376,1121,30
1462,OR45 entry-2.50% persist-3m slow-60m/-1.00%,46504428591.642685,535.2066257179662,0.8224505764203575,0.80327870345101,2.427314049858176,-316.01021919468747,0.6287547396608271,376,1125,28
1463,OR45 entry-2.50% persist-3m slow-60m/-1.25%,314476727162.11743,699.6075285329626,0.705367769726767,0.6437124346091889,14.135594719217226,-151.609316379691,0.8218910759511013,376,1136,22
1464,OR45 entry-2.50% persist-3m slow-60m/-1.50%,431352373423.6437,730.6232333502711,0.7331140312344757,0.6767874644892558,11.36096856844635,-120.59361156238253,0.8583279780197993,376,1155,13
1465,OR45 entry-2.50% persist-5m slow-30m/-0.75%,62968912142.06446,558.8194821783696,0.8627303992794948,0.8444518860903999,-1.600668236055558,-292.397362734284,0.6564948585289241,376,1136,23
1466,OR45 entry-2.50% persist-5m slow-30m/-1.00%,392883199838.4095,721.3319063824249,0.7218017286113795,0.6707139671489903,12.492198830755974,-129.88493853022874,0.8474126313330222,376,1153,13
1467,OR45 entry-2.50% persist-5m slow-30m/-1.25%,290250727482.98083,691.9255385685178,0.7907225279660343,0.7465542955508322,5.600118895290496,-159.29130634413582,0.8128663603215215,376,1161,9
1468,OR45 entry-2.50% persist-5m slow-30m/-1.50%,242045850116.40875,674.7934812181313,0.8420105790750216,0.8152506230680837,0.4713137843917581,-176.42336369452232,0.7927398115428205,376,1166,6
1469,OR45 entry-2.50% persist-5m slow-45m/-0.75%,79317337720.70892,577.3884673100856,0.8380705158121093,0.8205770266998751,0.8653201106829878,-273.828377602568,0.6783094939449107,376,1130,26
1470,OR45 entry-2.50% persist-5m slow-45m/-1.00%,143385181789.67154,627.4492908569216,0.8044313057614063,0.7436907755768309,4.2292411157532905,-223.76755405573203,0.7371203878387843,376,1137,22
1471,OR45 entry-2.50% persist-5m slow-45m/-1.25%,473443217306.9432,739.9886841945669,0.7766304764088546,0.7294881015676415,7.009324051008459,-111.22816071808677,0.8693304046050683,376,1147,16
1472,OR45 entry-2.50% persist-5m slow-45m/-1.50%,284693868209.0773,690.084203555139,0.7849696028848514,0.7395872095301876,6.1754114034087815,-161.13264135751467,0.8107031806048798,376,1155,12
1473,OR45 entry-2.50% persist-5m slow-60m/-0.75%,40461331498.94298,524.6474803246106,0.803332322751446,0.7820819089413673,4.339139416749327,-326.5693645880431,0.616349974110823,376,1124,29
1474,OR45 entry-2.50% persist-5m slow-60m/-1.00%,35870949569.35761,515.6547457142082,0.8224656277006287,0.8032810133128396,2.425808921831052,-335.5620991984455,0.605785410375803,376,1127,27
1475,OR45 entry-2.50% persist-5m slow-60m/-1.25%,277063105659.3078,687.503451862845,0.7053692408165855,0.6431871066298324,14.135447610235374,-163.7133930498086,0.8076713424690182,376,1139,20
1476,OR45 entry-2.50% persist-5m slow-60m/-1.50%,435047576486.01984,731.4768966234545,0.7331137092113208,0.6767870745027726,11.361000770761843,-119.7399482891991,0.8593308520562865,376,1155,13
1477,OR45 entry-2.50% persist-10m slow-30m/-0.75%,54304381923.36346,547.1788636249174,0.8629670331621496,0.8447196584859011,-1.6243316243210404,-304.0379812877362,0.6428195904429798,376,1136,23
1478,OR45 entry-2.50% persist-10m slow-30m/-1.00%,301977354759.4115,695.7116925494626,0.7217982139723458,0.6876426783293617,12.492550294659344,-155.5051523631911,0.817314291543246,376,1153,13
1479,OR45 entry-2.50% persist-10m slow-30m/-1.25%,263794667053.13742,682.8633164918938,0.7907234267955061,0.7465553840792172,5.6000290123433105,-168.35352842075986,0.8022201634907317,376,1161,9
1480,OR45 entry-2.50% persist-10m slow-30m/-1.50%,220280138448.83777,666.0515584812063,0.8412747485672002,0.8143861260686712,0.5448968351739025,-185.16528643144738,0.7824698987830206,376,1166,6
1481,OR45 entry-2.50% persist-10m slow-45m/-0.75%,63781218142.311554,559.8371727837758,0.8384116831289121,0.8209548282481021,0.8312033790027096,-291.3796721288778,0.6576904300351607,376,1130,26
1482,OR45 entry-2.50% persist-10m slow-45m/-1.00%,131828159053.9623,620.1248244634501,0.8047933511302239,0.7441657670222999,4.193036578871534,-231.09202044920357,0.7285156868894944,376,1137,22
1483,OR45 entry-2.50% persist-10m slow-45m/-1.25%,420158848823.0908,727.9974726263637,0.7766298018625438,0.7294872846576166,7.00939150563954,-123.21937228628997,0.8552432637785335,376,1147,16
1484,OR45 entry-2.50% persist-10m slow-45m/-1.50%,261274202800.73584,681.9587521800323,0.7849710298429478,0.7395889376493033,6.175268707599146,-169.25809273262132,0.8011574914850405,376,1155,12
1485,OR45 entry-2.50% persist-10m slow-60m/-0.75%,33255663652.471184,510.06776314980067,0.8047239213649046,0.7836280673751373,4.199979555403466,-341.149081762853,0.5992218859368796,376,1124,29
1486,OR45 entry-2.50% persist-10m slow-60m/-1.00%,30566207880.39279,503.9037461141215,0.8224564935252039,0.8032727121024755,2.4267223393735327,-347.31309879853217,0.5919804678745858,376,1127,27
1487,OR45 entry-2.50% persist-10m slow-60m/-1.25%,231182896560.0127,670.5210428076962,0.706203072876282,0.706203072876282,14.052064404265717,-180.69580210495747,0.7877205988287281,376,1139,20
1488,OR45 entry-2.50% persist-10m slow-60m/-1.50%,415963034607.1047,726.9973486939805,0.7331151775197542,0.6767888526992579,11.360853939918503,-124.21949621867316,0.8540683294026921,376,1155,13
1489,OR45 entry-2.50% persist-15m slow-30m/-0.75%,53126048982.27707,545.4714220973144,0.8620134794368864,0.8436393623995311,-1.5289762517947225,-305.7454228153392,0.6408137072913391,376,1136,23
1490,OR45 entry-2.50% persist-15m slow-30m/-1.00%,374649655723.7659,716.6451821489135,0.72180124817384,0.6684023277917788,12.492246874509927,-134.57166276374016,0.8419067202816586,376,1155,12
1491,OR45 entry-2.50% persist-15m slow-30m/-1.25%,265125381961.2679,683.337831946967,0.7907208572725432,0.7465522722557079,5.600285964639607,-167.87901296568668,0.8027776189239848,376,1161,9
1492,OR45 entry-2.50% persist-15m slow-30m/-1.50%,216706823511.25272,664.5443274569035,0.841811639795657,0.815016890049052,0.49120771232822324,-186.67251745575015,0.7806992206845892,376,1166,6
1493,OR45 entry-2.50% persist-15m slow-45m/-0.75%,64442324266.32195,560.6570534333707,0.8384383258968261,0.8209841914001486,0.828539102211312,-290.5597914792829,0.6586536166244474,376,1130,26
1494,OR45 entry-2.50% persist-15m slow-45m/-1.00%,149947627194.235,631.3801540690249,0.798000532419568,0.7401214729353716,4.872318449937119,-219.83669084362873,0.7417383218418487,376,1140,21
1495,OR45 entry-2.50% persist-15m slow-45m/-1.25%,385578051770.8611,719.4776503882679,0.7766303367440401,0.72948793242642,7.009338017489908,-131.73919452438577,0.8452342721931166,376,1148,15
1496,OR45 entry-2.50% persist-15m slow-45m/-1.50%,312266234275.07007,698.9285894452039,0.7849703466214542,0.7395881102331892,6.175337029748507,-152.28825546744974,0.8210934659275022,376,1157,11
1497,OR45 entry-2.50% persist-15m slow-60m/-0.75%,38968234198.04448,521.8255508458898,0.8072979035059411,0.7864833285898213,3.942581341299811,-329.39129406676386,0.613034803017128,376,1125,28
1498,OR45 entry-2.50% persist-15m slow-60m/-1.00%,37235525555.588715,518.4289800702135,0.8199317624603667,0.8004826126068941,2.679195445857252,-332.7878648424402,0.6090445497744013,376,1128,26
1499,OR45 entry-2.50% persist-15m slow-60m/-1.25%,256174257853.4208,680.1047175061628,0.7053684706629382,0.6607672581213598,14.135524625600105,-171.1121274064908,0.7989793923497258,376,1139,20
1500,OR45 entry-2.50% persist-15m slow-60m/-1.50%,429775779870.03577,730.2570507582986,0.7331154617511975,0.6767891969180487,11.360825516774176,-120.959794154355,0.8578977908187811,376,1155,13
1501,OR60 entry-0.50% persist-1m slow-30m/-0.75%,1074827496.7295399,303.53889550630913,0.7792240594444672,0.7792240594444672,6.749965747447206,-547.6779494063445,0.3565940891800095,376,1006,81
1502,OR60 entry-0.50% persist-1m slow-30m/-1.00%,11674684068.447067,437.8134157055319,0.8979083053047614,0.8954274597345792,-5.118458838582218,-413.40342920712175,0.5143382891470591,376,1079,49
1503,OR60 entry-0.50% persist-1m slow-30m/-1.25%,82134637367.66914,580.2415969136268,0.928210847685098,0.9130596709553813,-8.148713076615877,-270.9752479990268,0.6816613185952253,376,1139,22
1504,OR60 entry-0.50% persist-1m slow-30m/-1.50%,447529916604.01733,734.3141567613126,0.8018986944833092,0.8018986944833092,4.482502243563003,-116.90268815134107,0.8626640334363486,376,1159,10
1505,OR60 entry-0.50% persist-1m slow-45m/-0.75%,133224280.02251007,213.82810125719192,0.7074998034763524,0.6670798728575732,13.922391344258678,-637.3887436554617,0.25120285451955965,376,930,115
1506,OR60 entry-0.50% persist-1m slow-45m/-1.00%,6795865980.35202,403.8860676920841,0.7462051242811001,0.7321567086022505,10.051859263783914,-447.33077722056953,0.47448082131589897,376,1032,69
1507,OR60 entry-0.50% persist-1m slow-45m/-1.25%,90048646802.498,587.8189844478536,0.7791118060535215,0.7754697347190754,6.761191086541773,-263.39786046480003,0.6905631484632706,376,1098,40
1508,OR60 entry-0.50% persist-1m slow-45m/-1.50%,299057547798.20276,694.7812351704389,0.7326031866483202,0.7100877627748007,11.412053027061898,-156.43560974221475,0.8162212006527347,376,1137,24
1509,OR60 entry-0.50% persist-1m slow-60m/-0.75%,42503322.30037,173.49099973758376,0.7126123744265551,0.7126123744265551,13.41113424923841,-677.7258451750699,0.20381528017738687,376,884,137
1510,OR60 entry-0.50% persist-1m slow-60m/-1.00%,1719680597.51297,327.036187920434,0.6590505722367093,0.6534288949747125,18.767314468222995,-524.1806569922196,0.3841984447029973,376,1000,88
1511,OR60 entry-0.50% persist-1m slow-60m/-1.25%,21226366300.70658,477.95887399998713,0.7203662287362833,0.7130682485454876,12.63574881826559,-373.2579709126665,0.561500723178278,376,1055,60
1512,OR60 entry-0.50% persist-1m slow-60m/-1.50%,204619025208.27768,659.2782420143898,0.6850503436192142,0.6850503436192142,16.167337329972497,-191.93860289826387,0.7745126825844719,376,1119,32
1513,OR60 entry-0.50% persist-3m slow-30m/-0.75%,3248477654.3388705,361.0299975512665,0.6629460327338625,0.6519303373512999,18.377768418507667,-490.18684736138715,0.4241339908966593,376,1018,75
1514,OR60 entry-0.50% persist-3m slow-30m/-1.00%,58025292349.06695,552.3645836127481,0.7269711347280438,0.6647418662605002,11.975258219089547,-298.85226129990554,0.6489117161085178,376,1084,46
1515,OR60 entry-0.50% persist-3m slow-30m/-1.25%,327454839797.57367,703.5110241658358,0.7858299563104338,0.7406291414586591,6.089376060850538,-147.70582074681784,0.8264768588291102,376,1143,19
1516,OR60 entry-0.50% persist-3m slow-30m/-1.50%,472232582049.86176,739.7297349258729,0.8019012010496994,0.8019012010496994,4.482251586923979,-111.48710998678075,0.8690261939092373,376,1162,8
1517,OR60 entry-0.50% persist-3m slow-45m/-0.75%,318011476.9831398,248.4933777145469,0.6535387251917546,0.6152977609283417,19.31849917271846,-602.7234671981067,0.2919272324081482,376,946,107
1518,OR60 entry-0.50% persist-3m slow-45m/-1.00%,11566192440.23565,437.20908965289914,0.6985607151721056,0.6884872432476861,14.816300174683361,-414.0077552597545,0.5136283336800773,376,1038,65
1519,OR60 entry-0.50% persist-3m slow-45m/-1.25%,98502089796.7296,595.2913163579046,0.7527906378710625,0.7487145751565716,9.393307904787672,-255.925528554749,0.6993415601626042,376,1104,37
1520,OR60 entry-0.50% persist-3m slow-45m/-1.50%,361218992311.8856,713.0628863816438,0.7328039884551023,0.7168434666931103,11.391972846383691,-138.15395853100983,0.8376982794023697,376,1141,22
1521,OR60 entry-0.50% persist-3m slow-60m/-0.75%,130330622.79970999,212.99930441580358,0.7113360790479119,0.7113360790479119,13.538763787102736,-638.21754049685,0.2502291932881805,376,902,128
1522,OR60 entry-0.50% persist-3m slow-60m/-1.00%,4220845550.1010876,375.79903580944824,0.6790235349770346,0.6737311779641684,16.770018194190463,-475.4178091032054,0.4414844913554434,376,1009,81
1523,OR60 entry-0.50% persist-3m slow-60m/-1.25%,35715824200.874176,515.3335190804986,0.7311260451482495,0.6878333708903528,11.55976717706897,-335.88332583215504,0.6054080369302123,376,1061,56
1524,OR60 entry-0.50% persist-3m slow-60m/-1.50%,158982991350.2652,636.5516907327642,0.7391692028478695,0.731796417340141,10.755451407106975,-214.66515417988944,0.7478137850973603,376,1123,29
1525,OR60 entry-0.50% persist-5m slow-30m/-0.75%,5593774371.159221,392.2116239420676,0.6575787157891073,0.6519327701129392,18.91450011298319,-459.00522097058604,0.4607658157685,376,1024,73
1526,OR60 entry-0.50% persist-5m slow-30m/-1.00%,47231814777.55745,536.3949201735968,0.776108115942858,0.7214005582959897,7.061560097608122,-314.82192473905684,0.6301507346563826,376,1084,46
1527,OR60 entry-0.50% persist-5m slow-30m/-1.25%,314339471932.4384,699.5654938700202,0.7912524576358109,0.7471960674394147,5.547125928312835,-151.65135104263345,0.8218416941006438,376,1144,18
1528,OR60 entry-0.50% persist-5m slow-30m/-1.50%,468423783757.22546,738.9112247972598,0.8018961756966816,0.8018961756966816,4.482754122225763,-112.30562011539382,0.8680646173926246,376,1162,8
1529,OR60 entry-0.50% persist-5m slow-45m/-0.75%,253547402.61001,239.11495820904435,0.6428331674804519,0.6215726954552074,20.389054943848727,-612.1018867036094,0.2809095703851828,376,950,106
1530,OR60 entry-0.50% persist-5m slow-45m/-1.00%,9849713394.3962,426.91658835979024,0.7085386530096649,0.7037329501877669,13.818506390927432,-424.3002565528634,0.5015368186276878,376,1041,64
1531,OR60 entry-0.50% persist-5m slow-45m/-1.25%,79981391871.22418,578.0689020106647,0.7284211422941074,0.7239432679676421,11.830257462483186,-273.1479429019889,0.6791088609976725,376,1106,36
1532,OR60 entry-0.50% persist-5m slow-45m/-1.50%,366785391473.49854,714.5615695409917,0.7327068479741252,0.7133295705244784,11.4016868944814,-136.6552753716619,0.8394589155649468,376,1141,22
1533,OR60 entry-0.50% persist-5m slow-60m/-0.75%,94551513.35448998,201.1335571809123,0.6748102082668538,0.6748102082668538,17.191350865208545,-650.0832877317414,0.2362894465528949,376,911,125
1534,OR60 entry-0.50% persist-5m slow-60m/-1.00%,4168547554.7412586,375.0852060987839,0.7744202771030555,0.7707008504206394,7.230343981588372,-476.13163881386976,0.44064589221947636,376,1017,77
1535,OR60 entry-0.50% persist-5m slow-60m/-1.25%,27142409368.794735,495.32587059573433,0.7250702045635053,0.698875367678887,12.165351235543387,-355.8909743169193,0.5819032759467553,376,1072,51
1536,OR60 entry-0.50% persist-5m slow-60m/-1.50%,230449907137.59607,670.2264380207355,0.7331815603298268,0.7316747736867077,11.354215658911237,-180.99040689191816,0.78737450043004,376,1125,27
1537,OR60 entry-0.50% persist-10m slow-30m/-0.75%,5952282026.528231,395.90751022153927,0.6691807023118619,0.6621927812892171,17.754301460707733,-455.3093346911144,0.46510770150720493,376,1035,68
1538,OR60 entry-0.50% persist-10m slow-30m/-1.00%,134120123994.78157,621.6211188330714,0.7898871614832759,0.7442307843040998,5.683655543566335,-229.59572607958228,0.7302735167286992,376,1094,42
1539,OR60 entry-0.50% persist-10m slow-30m/-1.25%,338462066441.3727,706.7164890460372,0.7907222623930675,0.7465539739284092,5.600145452587169,-144.50035586661647,0.8302426030097605,376,1146,17
1540,OR60 entry-0.50% persist-10m slow-30m/-1.50%,434872832340.00397,731.4366712831837,0.8018989923349424,0.8018989923349424,4.482472458399678,-119.78017362946991,0.8592835957778057,376,1162,8
1541,OR60 entry-0.50% persist-10m slow-45m/-0.75%,203941995.3530301,230.3396594446293,0.7214181646640785,0.7168248231248735,12.530555225486072,-620.8771854680243,0.27060044784271775,376,968,99
1542,OR60 entry-0.50% persist-10m slow-45m/-1.00%,6302765726.274529,399.3360235181997,0.7147835773003606,0.7116298159623169,13.194013961857864,-451.88082139445396,0.46913548046523557,376,1045,62
1543,OR60 entry-0.50% persist-10m slow-45m/-1.25%,117947184797.30698,610.5406083704287,0.7310174843388384,0.7270491277313031,11.570623258010082,-240.67623654222496,0.7172562573442475,376,1113,33
1544,OR60 entry-0.50% persist-10m slow-45m/-1.50%,377408671654.2589,717.3670651899297,0.7618155953736118,0.7403482608615907,8.490812154532746,-133.84977972272395,0.8427547803797765,376,1144,19
1545,OR60 entry-0.50% persist-10m slow-60m/-0.75%,173496196.02836996,223.97019640089272,0.6970339572972858,0.6646875559680434,14.968975962165343,-627.2466485117609,0.2631176741149608,376,936,115
1546,OR60 entry-0.50% persist-10m slow-60m/-1.00%,2818348592.86022,353.2114917809572,0.816162344335728,0.813131173479902,3.0561372583211233,-498.00535313169644,0.41494889802985685,376,1028,73
1547,OR60 entry-0.50% persist-10m slow-60m/-1.25%,30456470770.958218,503.64224513531155,0.7449162496654889,0.7449162496654889,10.180746725345035,-347.5745997773421,0.591673259458337,376,1078,48
1548,OR60 entry-0.50% persist-10m slow-60m/-1.50%,404359227909.7371,724.1845000088019,0.762846770925082,0.7082016870544315,8.38769459938572,-127.03234490385171,0.8507638263233772,376,1134,23
1549,OR60 entry-0.50% persist-15m slow-30m/-0.75%,6574539234.667581,401.8809828301487,0.6751942548823432,0.6698387595413697,17.152946203659603,-449.33586208250495,0.47212527011420585,376,1040,65
1550,OR60 entry-0.50% persist-15m slow-30m/-1.00%,194961507651.12128,654.8704610981517,0.7861070047080022,0.7505607893015886,6.0616712210937,-196.3463838145019,0.7693344710129066,376,1100,38
1551,OR60 entry-0.50% persist-15m slow-30m/-1.25%,357685865946.0923,712.1010630540051,0.7955185505626983,0.7523625238027882,5.120516635624095,-139.11578185864857,0.8365683401473055,376,1148,16
1552,OR60 entry-0.50% persist-15m slow-30m/-1.50%,434311780188.62415,731.3074233507709,0.8032755943396332,0.8018941222466911,4.344812257930597,-119.90942156188271,0.8591317567567791,376,1162,8
1553,OR60 entry-0.50% persist-15m slow-45m/-0.75%,206291465.54863998,230.79563421018833,0.7388142025007345,0.7345076920936323,10.790951441820473,-620.4212107024653,0.27113612188192904,376,969,97
1554,OR60 entry-0.50% persist-15m slow-45m/-1.00%,10910960186.92117,433.4495626317011,0.7130074511050015,0.7130074511050015,13.37162658139377,-417.76728228095254,0.509211683511948,376,1047,60
1555,OR60 entry-0.50% persist-15m slow-45m/-1.25%,158498331445.26788,636.2809338110516,0.7831880560535602,0.7796131951617002,6.3535660865378984,-214.93591110160207,0.7474957029032274,376,1113,32
1556,OR60 entry-0.50% persist-15m slow-45m/-1.50%,391711771992.61304,721.0366169657533,0.7849702404020645,0.7395879815960846,6.175347651687469,-130.18022794690035,0.8470657286390302,376,1148,16
1557,OR60 entry-0.50% persist-15m slow-60m/-0.75%,188867955.71892005,227.29911233809332,0.7267060355371413,0.7120384302405534,12.001768138179791,-623.9177325745603,0.2670284472124342,376,942,110
1558,OR60 entry-0.50% persist-15m slow-60m/-1.00%,2903193873.2983403,354.83315276734135,0.8440269671974292,0.8414552366691127,0.26967497215100167,-496.3836921453123,0.41685400716400534,376,1031,71
1559,OR60 entry-0.50% persist-15m slow-60m/-1.25%,49191509645.577644,539.5180733338319,0.7369545501027464,0.7314160011776178,10.976916681619286,-311.6987715788217,0.6338197799518333,376,1080,46
1560,OR60 entry-0.50% persist-15m slow-60m/-1.50%,368144204755.6803,714.9243735524786,0.7568846706328445,0.7141535971971511,8.983904628609473,-136.292471360175,0.8398851336475133,376,1137,22
1561,OR60 entry-1.00% persist-1m slow-30m/-0.75%,2528798469.974959,347.3334481581917,0.7714186395655884,0.7641565508076431,7.530507735335079,-503.88339675446196,0.40804343832485224,376,1045,62
1562,OR60 entry-1.00% persist-1m slow-30m/-1.00%,42734602831.48463,528.7728167720583,0.8423813483863773,0.8023603337194891,0.4342368532561869,-322.4440281405954,0.6211963730890658,376,1093,40
1563,OR60 entry-1.00% persist-1m slow-30m/-1.25%,120848362130.87335,612.622848552149,0.8793897729254857,0.853934856592146,-3.2666056006546484,-238.59399636050466,0.7197024497500544,376,1142,19
1564,OR60 entry-1.00% persist-1m slow-30m/-1.50%,420724603904.0122,728.1316544977924,0.8018986944833092,0.8018986944833092,4.482502243563003,-123.08519041486124,0.8554008991357643,376,1160,9
1565,OR60 entry-1.00% persist-1m slow-45m/-0.75%,1163676658.7348697,307.4170448226697,0.7435256899274272,0.7433210007109075,10.319802699151204,-543.7998000899839,0.3611500954897278,376,999,86
1566,OR60 entry-1.00% persist-1m slow-45m/-1.00%,9478714291.912514,424.4860365247317,0.7102755503961342,0.6909245906416861,13.6448166522805,-426.73080838792197,0.49868143359908446,376,1054,57
1567,OR60 entry-1.00% persist-1m slow-45m/-1.25%,128097715268.18163,617.6397747034956,0.7944903326495589,0.791101827111821,5.223338426938029,-233.57707020915802,0.7255962783101101,376,1109,33
1568,OR60 entry-1.00% persist-1m slow-45m/-1.50%,409747301325.4071,725.4993195768602,0.7100722338412335,0.7100722338412335,13.665148307770568,-125.71752533579343,0.8523084616015867,376,1142,19
1569,OR60 entry-1.00% persist-1m slow-60m/-0.75%,328601947.69426996,249.87089724167205,0.7304001913827721,0.7217402132528357,11.632352553616709,-601.3459476709816,0.293545526894868,376,973,100
1570,OR60 entry-1.00% persist-1m slow-60m/-1.00%,3202030349.407138,360.2311504154443,0.7600826326182984,0.7524603959967852,8.664108430064077,-490.98569449720935,0.4231955142433875,376,1029,73
1571,OR60 entry-1.00% persist-1m slow-60m/-1.25%,40264208590.96392,524.2802223662135,0.7453554226241081,0.7411567658323486,10.136829429483107,-326.93662254644016,0.6159185235813933,376,1069,51
1572,OR60 entry-1.00% persist-1m slow-60m/-1.50%,107951186888.27223,603.0034279707044,0.6850042864440824,0.6850042864440824,16.171943047485684,-248.21341694194928,0.7084016623667506,376,1127,26
1573,OR60 entry-1.00% persist-3m slow-30m/-0.75%,2550703460.4727907,347.7983042038163,0.771418634005375,0.7641565450707802,7.530508291356419,-503.4185407088373,0.4085895459922496,376,1047,60
1574,OR60 entry-1.00% persist-3m slow-30m/-1.00%,116921725845.35191,609.793827797267,0.7379244687642532,0.6863301769540003,10.8799248154686,-241.42301711538664,0.7163789479046788,376,1094,39
1575,OR60 entry-1.00% persist-3m slow-30m/-1.25%,379853370938.9759,718.0028405220539,0.7907226896053459,0.7465544913042919,5.6001027313593355,-133.2140043905997,0.8435016821074902,376,1145,17
1576,OR60 entry-1.00% persist-3m slow-30m/-1.50%,472232582049.86176,739.7297349258729,0.8019012010496994,0.8019012010496994,4.482251586923979,-111.48710998678075,0.8690261939092373,376,1162,8
1577,OR60 entry-1.00% persist-3m slow-45m/-0.75%,1403602418.5187,316.71869933608957,0.748623426255987,0.7413754628668751,9.810029066295222,-534.4981455765641,0.372077574861185,376,1003,83
1578,OR60 entry-1.00% persist-3m slow-45m/-1.00%,14466608295.49802,451.8811330323249,0.7211306124289144,0.6909245925868663,12.559310449002481,-399.33571188032874,0.530864885643439,376,1059,54
1579,OR60 entry-1.00% persist-3m slow-45m/-1.25%,176433121698.68417,645.8472036229856,0.7632391474080076,0.759335362878205,8.348456951093164,-205.36964128966804,0.7587340493587839,376,1115,30
1580,OR60 entry-1.00% persist-3m slow-45m/-1.50%,514436723476.2264,748.4306578091229,0.7168363900476662,0.7168363900476662,12.988732687127303,-102.78618710353078,0.8792479405008978,376,1146,17
1581,OR60 entry-1.00% persist-3m slow-60m/-0.75%,574645876.62999,274.22943487675224,0.73789221090843,0.7294728925469984,10.883150601050918,-576.9874100359013,0.3221616636415271,376,981,96
1582,OR60 entry-1.00% persist-3m slow-60m/-1.00%,5557021496.265629,391.821049835757,0.7636313693195412,0.7561218769780254,8.309234759939798,-459.39579507689666,0.4603069736900744,376,1035,68
1583,OR60 entry-1.00% persist-3m slow-60m/-1.25%,44235165438.15016,531.391375667182,0.7441250840263358,0.7071074570804117,10.259863289260341,-319.8254692454716,0.6242726267026706,376,1072,49
1584,OR60 entry-1.00% persist-3m slow-60m/-1.50%,129580634175.91382,618.6351542340061,0.6921968334260697,0.6921968334260697,15.452688349286948,-232.58169067864753,0.7267656390158567,376,1130,24
1585,OR60 entry-1.00% persist-5m slow-30m/-0.75%,2432400961.2180324,345.2446995501712,0.7767179388616623,0.7696242102087136,7.000577805727692,-505.9721453624824,0.4055895998928428,376,1047,60
1586,OR60 entry-1.00% persist-5m slow-30m/-1.00%,94735122542.81366,592.0341451261925,0.7898884234104088,0.7490866380995433,5.6835293508530444,-259.18269978646117,0.6955150719402683,376,1094,39
1587,OR60 entry-1.00% persist-5m slow-30m/-1.25%,373000348515.8423,716.2114127767392,0.7912491321765774,0.7471920401384834,5.547458474236178,-135.00543213591448,0.8413971328894838,376,1145,17
1588,OR60 entry-1.00% persist-5m slow-30m/-1.50%,468423783757.22546,738.9112247972598,0.8018961756966816,0.8018961756966816,4.482754122225763,-112.30562011539382,0.8680646173926246,376,1162,8
1589,OR60 entry-1.00% persist-5m slow-45m/-0.75%,932422461.3141496,296.69087347644904,0.7619056224889696,0.7543413027256836,8.481809442996957,-554.5259714362046,0.3485491097240839,376,1005,82
1590,OR60 entry-1.00% persist-5m slow-45m/-1.00%,12904131613.770996,444.3372217632329,0.7212358439828573,0.715758560218758,12.548787293608187,-406.87962314942075,0.5220023833161195,376,1062,53
1591,OR60 entry-1.00% persist-5m slow-45m/-1.25%,144998916997.388,628.4303559742582,0.7431011674276948,0.7388653417946103,10.362254949124438,-222.78648893839545,0.738272932132521,376,1117,29
1592,OR60 entry-1.00% persist-5m slow-45m/-1.50%,499680775798.9324,745.4623977175006,0.7133943834948893,0.7133943834948893,13.332933342404996,-105.75444719515303,0.8757608618447807,376,1146,17
1593,OR60 entry-1.00% persist-5m slow-60m/-0.75%,687011970.3499407,282.3652186830081,0.7769218649190051,0.7697562408011492,6.980185199993416,-568.8516262296455,0.33171949118556576,376,988,92
1594,OR60 entry-1.00% persist-5m slow-60m/-1.00%,4508236485.7334,379.58821878086883,0.7678942559291415,0.7605201965943464,7.882946098979771,-471.6286261317848,0.445935981001198,376,1041,65
1595,OR60 entry-1.00% persist-5m slow-60m/-1.25%,35127331484.11074,514.1036290009271,0.7442256865575873,0.7392819521309404,10.249803036135196,-337.11321591172657,0.6039631758622929,376,1081,45
1596,OR60 entry-1.00% persist-5m slow-60m/-1.50%,136635055270.77962,623.2373142964822,0.6885023998659248,0.6885023998659248,15.822131705301445,-227.97953061617147,0.7321722050277738,376,1132,23
1597,OR60 entry-1.00% persist-10m slow-30m/-0.75%,3296608172.489028,361.8472642069397,0.7743159006744535,0.7671458586489607,7.240781624448567,-489.36958070571393,0.4250941065952121,376,1056,56
1598,OR60 entry-1.00% persist-10m slow-30m/-1.00%,145795695127.47968,628.9112179128435,0.7898905865464593,0.7523439317239602,5.683313037247995,-222.3056269998101,0.7388378433434061,376,1100,37
1599,OR60 entry-1.00% persist-10m slow-30m/-1.25%,431639476759.8967,730.6897897709689,0.7907237060738721,0.7465557222995785,5.600001084506712,-120.52705514168474,0.8584061677561697,376,1147,16
1600,OR60 entry-1.00% persist-10m slow-30m/-1.50%,434872832340.00397,731.4366712831837,0.8018989923349424,0.8018989923349424,4.482472458399678,-119.78017362946991,0.8592835957778057,376,1162,8
1601,OR60 entry-1.00% persist-10m slow-45m/-0.75%,781940685.3015807,288.371416110561,0.7919764818937984,0.7853675210872118,5.474723502514078,-562.8454288020927,0.338775504542737,376,1013,79
1602,OR60 entry-1.00% persist-10m slow-45m/-1.00%,9735300641.714962,426.175740904131,0.7116267206100222,0.7116267206100222,13.509699630891703,-425.04110400852267,0.5006664793480001,376,1065,51
1603,OR60 entry-1.00% persist-10m slow-45m/-1.25%,230424965291.0362,670.2163988442674,0.7336464366413582,0.7292547185481262,11.307728027758102,-181.00044606838628,0.7873627065181501,376,1123,27
1604,OR60 entry-1.00% persist-10m slow-45m/-1.50%,395691555788.7544,722.0366854590754,0.7413696488653061,0.7404021158020613,10.535406805363312,-129.1801594535782,0.8482405978856846,376,1148,16
1605,OR60 entry-1.00% persist-10m slow-60m/-0.75%,612290807.2197905,277.09994988091006,0.790395118340638,0.7836622776326637,5.63285985783012,-574.1168950317435,0.32553391246544733,376,993,90
1606,OR60 entry-1.00% persist-10m slow-60m/-1.00%,2902588889.058769,354.82173800515494,0.7902905166402215,0.786832763266172,5.643320027871768,-496.3951069074987,0.4168405972294456,376,1047,63
1607,OR60 entry-1.00% persist-10m slow-60m/-1.25%,42560049362.598,528.4629814368524,0.7446767057966492,0.7446767057966492,10.204701112228998,-322.75386347580127,0.6208323820131636,376,1087,42
1608,OR60 entry-1.00% persist-10m slow-60m/-1.50%,251735124012.72003,678.4642944380817,0.7080780213614619,0.7080780213614619,13.86456955574773,-172.752550474572,0.7970522417324827,376,1140,20
1609,OR60 entry-1.00% persist-15m slow-30m/-0.75%,3318312702.0264707,362.2123830044278,0.7682426550313952,0.7608796644259093,7.8481061887544,-489.00446190822584,0.4255230440624042,376,1061,53
1610,OR60 entry-1.00% persist-15m slow-30m/-1.00%,157177544032.30798,635.539357685545,0.786108606710962,0.7606148808097304,6.061511020797717,-215.6774872271086,0.7466245075903778,376,1108,33
1611,OR60 entry-1.00% persist-15m slow-30m/-1.25%,465639523844.53937,738.309175859774,0.7955173658106397,0.7523610890075513,5.1206351108299515,-112.90766905287967,0.8673573370549715,376,1149,15
1612,OR60 entry-1.00% persist-15m slow-30m/-1.50%,434311780188.62415,731.3074233507709,0.8032755943396332,0.8018941222466911,4.344812257930597,-119.90942156188271,0.8591317567567791,376,1162,8
1613,OR60 entry-1.00% persist-15m slow-45m/-0.75%,644187388.9427907,279.41310365528165,0.7906034810895994,0.7839508996934517,5.612023582933978,-571.8037412573719,0.32825137956938955,376,1016,77
1614,OR60 entry-1.00% persist-15m slow-45m/-1.00%,11400273693.73216,436.27516608237977,0.7257427605575859,0.7212207242631539,12.09809563613533,-414.9416788302739,0.5125311707466826,376,1069,49
1615,OR60 entry-1.00% persist-15m slow-45m/-1.25%,212206231078.07837,662.6145497783956,0.7853147530233564,0.7817749577542097,6.140896389558281,-188.60229513425804,0.7784321395171506,376,1125,26
1616,OR60 entry-1.00% persist-15m slow-45m/-1.50%,370603849495.6606,715.578114983941,0.7849702404020645,0.7395879815960846,6.175347651687469,-135.63872992871268,0.840653141747176,376,1150,15
1617,OR60 entry-1.00% persist-15m slow-60m/-0.75%,535251608.4572503,271.04265707532437,0.798557733843785,0.7920870870937321,4.816598307515418,-580.1741878373293,0.31841787283137823,376,1001,85
1618,OR60 entry-1.00% persist-15m slow-60m/-1.00%,3489830713.647078,365.02603223936313,0.817496492800267,0.8144873197877471,2.922722411867218,-486.1908126732905,0.4288284876185923,376,1056,60
1619,OR60 entry-1.00% persist-15m slow-60m/-1.25%,50500736740.31399,541.5441476039671,0.7457794014767263,0.7415877353764926,10.094431544221294,-309.67269730868657,0.6361999892748091,376,1091,40
1620,OR60 entry-1.00% persist-15m slow-60m/-1.50%,232915378113.23596,671.214113217152,0.7141390103271488,0.7141390103271488,13.258470659179045,-180.00273169550167,0.7885348101705243,376,1143,19
1621,OR60 entry-1.50% persist-1m slow-30m/-0.75%,6795775442.864509,403.88525929366466,0.780430258354329,0.7734544710488391,6.629345856461022,-447.331585618989,0.47447987161850486,376,1084,45
1622,OR60 entry-1.50% persist-1m slow-30m/-1.00%,89042144935.0279,586.8885986097328,0.8141969452070772,0.8134870869345822,3.2526771711862024,-264.3282463029209,0.6894701416182095,376,1120,28
1623,OR60 entry-1.50% persist-1m slow-30m/-1.25%,110508750050.40437,604.9885226205745,0.8885422220112588,0.8650189397638043,-4.181850509231955,-246.22832229207916,0.7107337292915702,376,1148,16
1624,OR60 entry-1.50% persist-1m slow-30m/-1.50%,387119878436.80707,719.8715674370519,0.8018986944833092,0.8018986944833092,4.482502243563003,-131.34527747560173,0.8456970415228572,376,1160,9
1625,OR60 entry-1.50% persist-1m slow-45m/-0.75%,4675511602.228944,381.6969337378961,0.7754627904004783,0.7683291853572929,7.126092651846094,-469.51991117475757,0.44841327567602746,376,1061,58
1626,OR60 entry-1.50% persist-1m slow-45m/-1.00%,30958509830.401096,504.8318891100059,0.697963133155286,0.6883673440190698,14.87605837636532,-346.38495580264777,0.593070839853749,376,1102,37
1627,OR60 entry-1.50% persist-1m slow-45m/-1.25%,135395351893.22946,622.4439315147001,0.7106730639008789,0.7059025538911632,13.605065301806029,-228.77291339795352,0.7312401478363263,376,1130,24
1628,OR60 entry-1.50% persist-1m slow-45m/-1.50%,311743804908.64087,698.7675110820414,0.7100722338412335,0.7100722338412335,13.665148307770568,-152.4493338306122,0.8209042328735217,376,1146,17
1629,OR60 entry-1.50% persist-1m slow-60m/-0.75%,2136778199.8863492,338.35090348745035,0.770619966814307,0.7668378794667039,7.610375010463222,-512.8659414252033,0.39749084561662984,376,1048,67
1630,OR60 entry-1.50% persist-1m slow-60m/-1.00%,18277174027.22244,467.6406749918141,0.7851150042275652,0.7782880525063731,6.160871269137402,-383.57616992083956,0.5493790187385217,376,1084,48
1631,OR60 entry-1.50% persist-1m slow-60m/-1.25%,57665445860.12719,551.8760609497425,0.6918176809484157,0.6710159904695226,15.490603597052354,-299.34078396291113,0.6483378051645259,376,1100,37
1632,OR60 entry-1.50% persist-1m slow-60m/-1.50%,159880291006.12494,637.0510596080152,0.698012997941692,0.698012997941692,14.871071897724718,-214.16578530463846,0.7484004380498194,376,1140,20
1633,OR60 entry-1.50% persist-3m slow-30m/-0.75%,6721227477.361625,403.2163919949874,0.7804302581799696,0.7734544708689403,6.6293458738969635,-448.0004529176662,0.473694093819728,376,1085,44
1634,OR60 entry-1.50% persist-3m slow-30m/-1.00%,233995031123.9323,671.6437329773685,0.6925728019693453,0.6648335150607751,15.415091494959388,-179.57311193528517,0.7890395226451237,376,1121,27
1635,OR60 entry-1.50% persist-3m slow-30m/-1.25%,349912412343.7397,709.9551244930965,0.7965341859508749,0.7535925101167387,5.018953096806433,-141.26172041955715,0.8340473156002305,376,1151,14
1636,OR60 entry-1.50% persist-3m slow-30m/-1.50%,436751369865.9121,731.8683593922723,0.8019012010496994,0.8019012010496994,4.482251586923979,-119.34848552038136,0.859790738125456,376,1162,8
1637,OR60 entry-1.50% persist-3m slow-45m/-0.75%,4426688810.970682,378.53513991501774,0.7787036799689553,0.7716730388229847,6.802003694998393,-472.6817049976359,0.4446988357635951,376,1064,57
1638,OR60 entry-1.50% persist-3m slow-45m/-1.00%,41631755876.5349,526.7962210578546,0.6979631333269649,0.6953320427859009,14.87605835919743,-324.42062385479903,0.6188742906185216,376,1106,35
1639,OR60 entry-1.50% persist-3m slow-45m/-1.25%,194271476942.55743,654.5482237458302,0.7030177990407892,0.7022454633846482,14.370591787815002,-196.6686211668234,0.7689559101864293,376,1134,22
1640,OR60 entry-1.50% persist-3m slow-45m/-1.50%,385040491162.31067,719.3399847324084,0.7168363900476662,0.7168363900476662,12.988732687127303,-131.87686018024522,0.8450725441250195,376,1150,15
1641,OR60 entry-1.50% persist-3m slow-60m/-0.75%,2428039669.8481,345.1484877521879,0.7851364500811953,0.7815937148992226,6.158726683774396,-506.0683571604657,0.40547657135192716,376,1054,64
1642,OR60 entry-1.50% persist-3m slow-60m/-1.00%,24718190391.084656,488.65629147552704,0.785115003904036,0.7782880521725652,6.160871301490323,-362.5605534371266,0.5740679292192223,376,1090,45
1643,OR60 entry-1.50% persist-3m slow-60m/-1.25%,55938160732.468346,549.4931251274469,0.6971446182327747,0.6971446182327747,14.957909868616447,-301.72371978520675,0.6455383588935347,376,1105,35
1644,OR60 entry-1.50% persist-3m slow-60m/-1.50%,173168199990.40027,644.1714476280572,0.704975795049577,0.704975795049577,14.174792186936225,-207.04539728459645,0.7567653900154642,376,1142,19
1645,OR60 entry-1.50% persist-5m slow-30m/-0.75%,6759752365.001799,403.5628593106038,0.7804302585619384,0.7734544712630442,6.629345835700084,-447.65398560204983,0.4741011197352595,376,1085,44
1646,OR60 entry-1.50% persist-5m slow-30m/-1.00%,196799698449.2525,655.7240074663663,0.7535223612267947,0.701502994169846,9.32013556921445,-195.49283744628735,0.7703372077107479,376,1121,27
1647,OR60 entry-1.50% persist-5m slow-30m/-1.25%,354114794082.7383,711.1203803997606,0.7965349274279246,0.7535934080833061,5.018878949101458,-140.09646451289302,0.8354162451669189,376,1151,14
1648,OR60 entry-1.50% persist-5m slow-30m/-1.50%,441886095161.381,733.0400410777289,0.8018961756966816,0.8018961756966816,4.482754122225763,-118.17680383492473,0.861167216624982,376,1162,8
1649,OR60 entry-1.50% persist-5m slow-45m/-0.75%,3265681156.27985,361.32333246806417,0.7914690879394396,0.7880307672053506,5.5254628979499625,-489.8935124445895,0.4244785974661261,376,1066,56
1650,OR60 entry-1.50% persist-5m slow-45m/-1.00%,38235296837.89081,520.40534332467,0.7073896963761865,0.7025650492098917,13.933402054275268,-330.8115015879837,0.6113663591538424,376,1106,35
1651,OR60 entry-1.50% persist-5m slow-45m/-1.25%,212024021766.81946,662.5356658544752,0.7031208536203593,0.6985383848446041,14.360286329857995,-188.6811790581785,0.7783394675682908,376,1136,21
1652,OR60 entry-1.50% persist-5m slow-45m/-1.50%,385345641651.007,719.4181524488243,0.7133943834948893,0.7133943834948893,13.332933342404996,-131.7986924638293,0.845164374681338,376,1150,15
1653,OR60 entry-1.50% persist-5m slow-60m/-0.75%,2173397856.4169188,339.24881379641414,0.787986327374832,0.784490581831429,5.873738954410723,-511.9680311162395,0.398545700574365,376,1059,61
1654,OR60 entry-1.50% persist-5m slow-60m/-1.00%,17056453369.33195,462.93518259065183,0.7851150032386699,0.7782880514860604,6.160871368026932,-388.2816623220018,0.5438510590543533,376,1092,44
1655,OR60 entry-1.50% persist-5m slow-60m/-1.25%,50206403274.98656,541.092716742622,0.6932540015583689,0.6932540015583689,15.34697153605703,-310.12412817003167,0.6356696533632924,376,1109,33
1656,OR60 entry-1.50% persist-5m slow-60m/-1.50%,194761039961.8766,654.7769482373492,0.7013804017282306,0.7013804017282306,14.534331519070864,-196.43989667530445,0.7692246131531127,376,1144,18
1657,OR60 entry-1.50% persist-10m slow-30m/-0.75%,6143392578.987939,397.79835104801305,0.7804302612676405,0.7734544740547071,6.629345565129874,-453.4184938646406,0.46732904009768805,376,1087,43
1658,OR60 entry-1.50% persist-10m slow-30m/-1.00%,145836165817.9181,628.9355805592905,0.7535219191390125,0.7443012100746936,9.320179777992676,-222.2812643533631,0.7388664643071389,376,1121,27
1659,OR60 entry-1.50% persist-10m slow-30m/-1.25%,311652625768.3341,698.7393738837338,0.7955179428357109,0.7523617878143757,5.120577408322835,-152.4774710289198,0.820871177608608,376,1151,14
1660,OR60 entry-1.50% persist-10m slow-30m/-1.50%,388686817915.53424,720.2704891487131,0.803275216011303,0.8018989923349424,4.344850090763619,-130.94635576394057,0.8461656902744007,376,1162,8
1661,OR60 entry-1.50% persist-10m slow-45m/-0.75%,2319429366.1416907,342.70207138810287,0.7969512846934478,0.7905003746544988,4.977243222549143,-508.5147735245508,0.4026025488526002,376,1066,56
1662,OR60 entry-1.50% persist-10m slow-45m/-1.00%,33368130095.885456,510.3158463201058,0.7213389851367651,0.7213389851367651,12.538473178217412,-340.90099859254786,0.5995133312622251,376,1106,35
1663,OR60 entry-1.50% persist-10m slow-45m/-1.25%,187079841157.2161,651.1284935706085,0.7270711511011925,0.7270711511011925,11.965256581774675,-200.08835134204514,0.7649384495409312,376,1136,21
1664,OR60 entry-1.50% persist-10m slow-45m/-1.50%,236240534062.41397,672.5317166482894,0.7849702792744973,0.7404021158020613,6.175343764444197,-178.68512826436427,0.7900827158998484,376,1150,15
1665,OR60 entry-1.50% persist-10m slow-60m/-0.75%,1725055177.9404383,327.196686874744,0.7899303138759686,0.7864666213698231,5.679340304297065,-524.0201580379096,0.384386997073958,376,1059,61
1666,OR60 entry-1.50% persist-10m slow-60m/-1.00%,11098721369.80289,434.5467457480939,0.7860309065161739,0.7792330532468452,6.069281040276531,-416.67009916455976,0.5105006419283024,376,1092,44
1667,OR60 entry-1.50% persist-10m slow-60m/-1.25%,47249390355.830055,536.423432822137,0.7533302317670418,0.7533302317670418,9.339348515189737,-314.79341209051665,0.6301842309960176,376,1111,32
1668,OR60 entry-1.50% persist-10m slow-60m/-1.50%,283924406098.07605,689.8267456537421,0.7178752599851502,0.7178752599851502,12.8848456933789,-161.3900992589115,0.8104007219506184,376,1150,16
1669,OR60 entry-1.50% persist-15m slow-30m/-0.75%,8756437074.721832,419.5038299489652,0.7804302595344912,0.7734544722664953,6.629345738444803,-431.71301496368847,0.49282839320691774,376,1091,42
1670,OR60 entry-1.50% persist-15m slow-30m/-1.00%,183145138686.53482,649.2082427194603,0.7535192122223443,0.727229211821159,9.320450469659491,-202.00860219319338,0.7626825603833978,376,1125,26
1671,OR60 entry-1.50% persist-15m slow-30m/-1.25%,335905608739.9848,705.9802759143201,0.7955177142187048,0.7523615109475079,5.120600270023445,-145.2365689983335,0.8293777080818499,376,1151,14
1672,OR60 entry-1.50% persist-15m slow-30m/-1.50%,419935606714.8431,727.9444818790365,0.8032769112730059,0.8018941222466911,4.344680564593329,-123.27236303361713,0.855181010843052,376,1162,8
1673,OR60 entry-1.50% persist-15m slow-45m/-0.75%,2960223168.8550005,355.89989316505745,0.8010699075077097,0.7977898879897791,4.565380941122954,-495.3169517475962,0.418107201815981,376,1070,55
1674,OR60 entry-1.50% persist-15m slow-45m/-1.00%,48924995446.333984,539.0998319099332,0.7135868568889803,0.713084152703978,13.313686002995894,-312.11701300272046,0.6333284346190918,376,1110,34
1675,OR60 entry-1.50% persist-15m slow-45m/-1.25%,282470507980.1808,689.3385992408678,0.7131258504923887,0.7131258504923887,13.359786642655047,-161.87824567178586,0.8098272530210598,376,1140,20
1676,OR60 entry-1.50% persist-15m slow-45m/-1.50%,265473894748.7016,683.4617608209203,0.7849674911046605,0.7395846520565478,6.175622581427875,-167.75508409173335,0.8029232091748052,376,1150,15
1677,OR60 entry-1.50% persist-15m slow-60m/-0.75%,1965597920.3043778,333.9651156359208,0.7977303728595688,0.7943952900845439,4.899334405937039,-517.2517292767328,0.39233847125075416,376,1064,59
1678,OR60 entry-1.50% persist-15m slow-60m/-1.00%,15707724548.34317,457.3785220370694,0.7912445103511935,0.7846122946199682,5.547920656774574,-393.83832287558425,0.5373231565735787,376,1096,43
1679,OR60 entry-1.50% persist-15m slow-60m/-1.25%,66462903626.384285,563.1178402047773,0.7311581506097089,0.7311581506097089,11.556556630923032,-288.09900470787636,0.6615445213170809,376,1115,31
1680,OR60 entry-1.50% persist-15m slow-60m/-1.50%,285248352112.6658,690.2693517295843,0.7140734505269217,0.7140734505269217,13.26502663920175,-160.94749318306935,0.8109206906031274,376,1150,16
1681,OR60 entry-2.00% persist-1m slow-30m/-0.75%,4676911020.212619,381.714293427727,0.7939437758368351,0.7905462585050997,5.277994108210415,-469.50255148492664,0.4484336696448906,376,1104,37
1682,OR60 entry-2.00% persist-1m slow-30m/-1.00%,109659814129.0509,604.3341289626696,0.8502806162256545,0.8266563624342734,-0.3556899306715322,-246.882715949984,0.7099649549635998,376,1139,21
1683,OR60 entry-2.00% persist-1m slow-30m/-1.25%,71325865990.93465,568.7807935736078,0.8947267846376264,0.8725087608913042,-4.800306771868723,-282.4360513390459,0.6681972954047595,376,1148,16
1684,OR60 entry-2.00% persist-1m slow-30m/-1.50%,331588673092.1512,704.7258147484955,0.8110656923219938,0.8018986944833092,3.565802459694545,-146.49103016415813,0.8279039811774518,376,1160,9
1685,OR60 entry-2.00% persist-1m slow-45m/-0.75%,2167748406.0197,339.11116212494375,0.7798331109710845,0.7440904429343467,6.6890605947854676,-512.1056827877098,0.39838398893497123,376,1090,45
1686,OR60 entry-2.00% persist-1m slow-45m/-1.00%,10749489324.951294,432.4926435530214,0.8793479553557807,0.8788870057116557,-3.262423843684148,-418.7242013596322,0.5080875057135423,376,1118,30
1687,OR60 entry-2.00% persist-1m slow-45m/-1.25%,103280813090.25858,599.2691978957265,0.8256946321763217,0.8250287006746689,2.1029084742617554,-251.94764701692714,0.7040147307672461,376,1141,19
1688,OR60 entry-2.00% persist-1m slow-45m/-1.50%,265623173195.44995,683.5147994931295,0.784968572955411,0.7395859622330465,6.175514396352821,-167.7020454195241,0.8029855184119006,376,1150,14
1689,OR60 entry-2.00% persist-1m slow-60m/-0.75%,2336851570.6882915,343.1011974957038,0.7893142825522519,0.7893142825522519,5.740943436668733,-508.11564741694986,0.4030714377262008,376,1082,49
1690,OR60 entry-2.00% persist-1m slow-60m/-1.00%,25823022072.60034,491.76415760755293,0.7093728963911563,0.7001395983748135,13.735082052778292,-359.4526873051007,0.5777190154854308,376,1110,35
1691,OR60 entry-2.00% persist-1m slow-60m/-1.25%,153246641082.97137,633.2993954296486,0.7000208548635519,0.636709938149354,14.67028620553873,-217.91744948300504,0.7439930250612389,376,1125,25
1692,OR60 entry-2.00% persist-1m slow-60m/-1.50%,201825365381.5757,658.0223344403313,0.6970524610888216,0.6576203939406657,14.967125583011764,-193.19451047232235,0.7730372564559073,376,1148,16
1693,OR60 entry-2.00% persist-3m slow-30m/-0.75%,5173157450.09577,387.5999125376559,0.7913174855656504,0.7580150196644588,5.5406231353288815,-463.61693237499776,0.4553480289472289,376,1106,36
1694,OR60 entry-2.00% persist-3m slow-30m/-1.00%,349346402411.75476,709.7972391750906,0.7535243324606044,0.7015053814346418,9.319938445833486,-141.41960573756307,0.8338618336998787,376,1142,19
1695,OR60 entry-2.00% persist-3m slow-30m/-1.25%,225447913852.50693,668.1937316140109,0.8110654395162878,0.7711906001577815,3.5658277402651373,-183.02311329864278,0.7849864997474016,376,1151,14
1696,OR60 entry-2.00% persist-3m slow-30m/-1.50%,374074524570.0981,716.4941131765742,0.8110658886941996,0.8019012010496994,3.565782822473962,-134.72273173607948,0.8417292461477265,376,1162,8
1697,OR60 entry-2.00% persist-3m slow-45m/-0.75%,2073538488.554091,336.7679022680886,0.7798375684449398,0.7190586787875994,6.688614847399943,-514.448942644565,0.39563115354307343,376,1092,44
1698,OR60 entry-2.00% persist-3m slow-45m/-1.00%,33975725596.46269,511.64352162771183,0.7615869515290776,0.7088896237000715,8.513676538986159,-339.5733232849418,0.6010730693190328,376,1121,28
1699,OR60 entry-2.00% persist-3m slow-45m/-1.25%,322887122883.30334,702.1529420493652,0.7109195937692054,0.6499088674593496,13.580412314973378,-149.0639028632885,0.8248813991943681,376,1144,17
1700,OR60 entry-2.00% persist-3m slow-45m/-1.50%,294689487768.36035,693.3742328692678,0.784969105884439,0.7395866076373111,6.1754611034500195,-157.84261204338588,0.8145682701338193,376,1152,13
1701,OR60 entry-2.00% persist-3m slow-60m/-0.75%,1941714338.7624414,333.32670686709,0.7952975643939586,0.7952975643939586,5.142615252498062,-517.8901380455636,0.3915884757911409,376,1082,49
1702,OR60 entry-2.00% persist-3m slow-60m/-1.00%,33958611077.026134,511.606411067753,0.7093728961858272,0.700139598162961,13.735082073311201,-339.6104338449006,0.6010294722495192,376,1113,33
1703,OR60 entry-2.00% persist-3m slow-60m/-1.25%,146039077995.66418,629.057640555754,0.7000070247552417,0.638875118579532,14.671669216369754,-222.15920435689964,0.7390098590216502,376,1127,24
1704,OR60 entry-2.00% persist-3m slow-60m/-1.50%,224460045898.49295,667.7875981519462,0.6970536105337231,0.657620488654131,14.967010638521616,-183.42924676070743,0.7845093787123893,376,1150,15
1705,OR60 entry-2.00% persist-5m slow-30m/-0.75%,5101958596.129255,386.7868360264624,0.7913214423890592,0.758007134307878,5.540227452988001,-464.4300088861912,0.45439283578340367,376,1106,36
1706,OR60 entry-2.00% persist-5m slow-30m/-1.00%,353524851487.9602,710.957534684401,0.7535244004449434,0.7015054637671476,9.319931647399581,-140.25931022825262,0.8352249358474043,376,1142,19
1707,OR60 entry-2.00% persist-5m slow-30m/-1.25%,228071822267.4031,669.2649243789008,0.8110634724140086,0.7711882178964802,3.566024450493066,-181.95192053375285,0.7862449249903841,376,1151,14
1708,OR60 entry-2.00% persist-5m slow-30m/-1.50%,378468248602.09906,717.6430651839044,0.8110649027010657,0.8018961756966816,3.5658814217873536,-133.5737797287493,0.8430790220763832,376,1162,8
1709,OR60 entry-2.00% persist-5m slow-45m/-0.75%,1709324562.9482298,326.7256816773776,0.7779692687275825,0.7541941454539308,6.875444819135668,-524.491163235276,0.3838336654520789,376,1094,43
1710,OR60 entry-2.00% persist-5m slow-45m/-1.00%,33971918240.402687,511.6352673045894,0.7644035640985932,0.7088896232405939,8.232015282034599,-339.58157760806426,0.6010633722328299,376,1121,28
1711,OR60 entry-2.00% persist-5m slow-45m/-1.25%,326771740615.9031,703.3089876382679,0.7109188382181884,0.6499079524484892,13.580487870075086,-147.90785727438572,0.8262395085830767,376,1144,17
1712,OR60 entry-2.00% persist-5m slow-45m/-1.50%,298121589961.8239,694.4812812266597,0.7849684514126585,0.739585815038567,6.175526550628074,-156.73556368599395,0.8158688181246259,376,1152,13
1713,OR60 entry-2.00% persist-5m slow-60m/-0.75%,1843715519.4411597,330.63268237071907,0.7915451381780201,0.7692995410316457,5.517857874091914,-520.5841625419346,0.38842356603580425,376,1087,46
1714,OR60 entry-2.00% persist-5m slow-60m/-1.00%,26552069778.945892,493.7515014718143,0.7093728962455748,0.7001395982246067,13.735082067336446,-357.4653434408393,0.5800537247620845,376,1115,32
1715,OR60 entry-2.00% persist-5m slow-60m/-1.25%,125811833465.89984,616.0853877749968,0.7000117035294693,0.6366988554165081,14.671201338946993,-235.13145713765687,0.7237702019844491,376,1129,23
1716,OR60 entry-2.00% persist-5m slow-60m/-1.50%,282559951781.5261,689.3686937271877,0.6970523727233784,0.6576206654100568,14.967134419556082,-161.8481511854659,0.8098626076859725,376,1152,14
1717,OR60 entry-2.00% persist-10m slow-30m/-0.75%,4744081647.998108,382.54221557694734,0.7934198561727266,0.7604414903324234,5.330386074621263,-468.6746293357063,0.4494063032977236,376,1108,35
1718,OR60 entry-2.00% persist-10m slow-30m/-1.00%,268551051277.09122,684.5498111187545,0.753523197517624,0.7015040069607417,9.320051940131524,-166.66703379389912,0.8042014384583738,376,1142,19
1719,OR60 entry-2.00% persist-10m slow-30m/-1.25%,207205581760.1722,660.4276700731658,0.8110621989186155,0.7711866756285338,3.566151800032369,-190.78917483948783,0.7758630177730266,376,1151,14
1720,OR60 entry-2.00% persist-10m slow-30m/-1.50%,344207125676.2938,708.353277399994,0.8110669769932358,0.8018989923349424,3.5656739925703396,-142.86356751265964,0.8321654836056265,376,1162,8
1721,OR60 entry-2.00% persist-10m slow-45m/-0.75%,1225408162.2198396,309.9609471460358,0.8044005485631911,0.7833949255730824,4.232316835574812,-541.2558977666179,0.3641386434003688,376,1094,43
1722,OR60 entry-2.00% persist-10m slow-45m/-1.00%,31550561682.73195,506.2132168770606,0.7587694991155578,0.7088896236938075,8.795421780338142,-345.00362803559307,0.5946936082180151,376,1124,27
1723,OR60 entry-2.00% persist-10m slow-45m/-1.25%,287492692033.42395,691.0155419766555,0.7109203757560008,0.662674479018192,13.580334116293846,-160.20130293599811,0.8117973065342275,376,1144,17
1724,OR60 entry-2.00% persist-10m slow-45m/-1.50%,248760419668.36594,677.3507346925444,0.7849712126046874,0.7395891589831021,6.175250431425184,-173.86611022010925,0.7957440442359311,376,1152,13
1725,OR60 entry-2.00% persist-10m slow-60m/-0.75%,1457140903.562829,318.60146840963176,0.7972749379419015,0.7756901134612114,4.94487789770377,-532.6153765030219,0.3742894308468773,376,1087,46
1726,OR60 entry-2.00% persist-10m slow-60m/-1.00%,16549111465.90888,460.8918998074475,0.7748883833491869,0.7740283472023517,7.183533356975236,-390.32494510520615,0.541450633363278,376,1115,32
1727,OR60 entry-2.00% persist-10m slow-60m/-1.25%,121541589078.36632,613.113878813236,0.7060011718617643,0.7060011718617643,14.072254505717495,-238.10296609941759,0.7202793065921408,376,1131,22
1728,OR60 entry-2.00% persist-10m slow-60m/-1.50%,241101704892.91922,674.4289117850342,0.6970543413495933,0.663823079743211,14.966937556934589,-176.78793312761945,0.7923115194627518,376,1152,14
1729,OR60 entry-2.00% persist-15m slow-30m/-0.75%,4134263313.233492,374.61296436725286,0.791950021030208,0.7587224743667066,5.477369588873127,-476.6038805454008,0.44009110793113265,376,1108,35
1730,OR60 entry-2.00% persist-15m slow-30m/-1.00%,276973355371.91156,687.4727278156845,0.7535232908242142,0.7015041199597868,9.320042609472502,-163.74411709696915,0.8076352482030927,376,1142,19
1731,OR60 entry-2.00% persist-15m slow-30m/-1.25%,222842048300.42682,667.118996126664,0.8110649951597378,0.7711900620193104,3.5658721759201373,-184.09784878598964,0.783723912553821,376,1151,14
1732,OR60 entry-2.00% persist-15m slow-30m/-1.50%,371877324179.5484,715.9150898324139,0.8110658570948441,0.8018941222466911,3.5657859824095084,-135.3017550802398,0.8410490160187989,376,1162,8
1733,OR60 entry-2.00% persist-15m slow-45m/-0.75%,1019463229.746289,300.97716192506107,0.8196700896627649,0.8003800788442458,2.705362725617433,-550.2396829875926,0.35358459330764935,376,1094,43
1734,OR60 entry-2.00% persist-15m slow-45m/-1.00%,33636888349.422688,510.9057188439629,0.7685601905272635,0.7088896234104982,7.816352639167567,-340.3111260686907,0.6002063068857486,376,1124,27
1735,OR60 entry-2.00% persist-15m slow-45m/-1.25%,299436877335.13983,694.9025668713629,0.7109173547645048,0.6499061559103324,13.580636215443443,-156.31427804129078,0.8163637397738167,376,1144,17
1736,OR60 entry-2.00% persist-15m slow-45m/-1.50%,277769581189.9891,687.7449931100989,0.7849699162495156,0.7395875890307965,6.17538006694236,-163.47185180255474,0.8079551024165539,376,1152,13
1737,OR60 entry-2.00% persist-15m slow-60m/-0.75%,1103332741.0330796,304.81288752103836,0.8130779423738727,0.7932027933217549,3.3645774545066565,-546.4039573916152,0.35809076070659324,376,1088,45
1738,OR60 entry-2.00% persist-15m slow-60m/-1.00%,15470822898.189793,456.3594370724467,0.7944721331309557,0.7936869164579152,5.225158378798356,-394.8574078402069,0.5361259469897772,376,1115,32
1739,OR60 entry-2.00% persist-15m slow-60m/-1.25%,125624214315.16624,615.9567073708973,0.7000206687934604,0.660778688665995,14.670304812547885,-235.2601375417563,0.7236190296893182,376,1131,22
1740,OR60 entry-2.00% persist-15m slow-60m/-1.50%,262845400222.44183,682.523532056705,0.6970535856188179,0.6576205502019068,14.96701313001213,-168.69331285594865,0.8018209885481544,376,1152,14
1741,OR60 entry-2.50% persist-1m slow-30m/-0.75%,61360090378.771355,556.7693282366735,0.8635382711383899,0.8453628871843794,-1.6814554219450661,-294.4475166759802,0.6540863606779369,376,1136,23
1742,OR60 entry-2.50% persist-1m slow-30m/-1.00%,152647689110.03668,632.9536654988211,0.8392800187112379,0.8386659900107936,0.7443698207701299,-218.26317941383252,0.7435868654170851,376,1152,14
1743,OR60 entry-2.50% persist-1m slow-30m/-1.25%,91534004880.04951,589.1754396788624,0.8633783043025679,0.8379003986356025,-1.6654587383628683,-262.04140523379124,0.6921566968512234,376,1158,11
1744,OR60 entry-2.50% persist-1m slow-30m/-1.50%,217379138230.80496,664.8295723142135,0.8420943459336567,0.8153472047676413,0.4629370985282488,-186.38727259844018,0.7810343231429284,376,1164,7
1745,OR60 entry-2.50% persist-1m slow-45m/-0.75%,87302303418.70445,585.258291886156,0.8392026192230291,0.8218345214518862,0.7521097695910139,-265.9585530264976,0.6875548755689996,376,1127,28
1746,OR60 entry-2.50% persist-1m slow-45m/-1.00%,49917620597.62308,540.6475312738359,0.914624440268099,0.9019633810680894,-6.790072334915975,-310.5693136388178,0.6351466544688898,376,1137,22
1747,OR60 entry-2.50% persist-1m slow-45m/-1.25%,153085471732.48993,633.2064815264372,0.875206225759922,0.8488683673605647,-2.84825088409828,-218.01036338621645,0.7438838708501037,376,1147,16
1748,OR60 entry-2.50% persist-1m slow-45m/-1.50%,295559468681.7014,693.6559199396052,0.7849681177963207,0.7395854110121476,6.175559912261852,-157.5609249730485,0.8148991929439362,376,1155,12
1749,OR60 entry-2.50% persist-1m slow-60m/-0.75%,63595805445.972946,559.6058884284133,0.798082235044876,0.7762711873242512,4.864148187406325,-291.6109564842403,0.6574187197691517,376,1120,31
1750,OR60 entry-2.50% persist-1m slow-60m/-1.00%,45821486294.10115,534.075962020969,0.8224720739928201,0.803289194370808,2.4251642926119144,-317.14088289168467,0.6274264486339816,376,1126,27
1751,OR60 entry-2.50% persist-1m slow-60m/-1.25%,360347639633.71545,712.8264492688155,0.7059190444241176,0.6561039734555807,14.080467249482165,-138.39039564383813,0.8374205157346964,376,1138,20
1752,OR60 entry-2.50% persist-1m slow-60m/-1.50%,415186899327.14996,726.8113754864473,0.733114750444025,0.6767883354887433,11.360896647491426,-124.40546942620631,0.8538498501648285,376,1156,12
1753,OR60 entry-2.50% persist-3m slow-30m/-0.75%,64506655106.74938,560.7364387978834,0.8627652208414588,0.8444945489428268,-1.6041503922519573,-290.4804061147703,0.6587468776600897,376,1138,22
1754,OR60 entry-2.50% persist-3m slow-30m/-1.00%,460263431148.70074,737.1376721427943,0.7218007212584676,0.6705850072809285,12.49229956604716,-114.07917276985938,0.8659810676308157,376,1155,12
1755,OR60 entry-2.50% persist-3m slow-30m/-1.25%,286864060990.5695,690.8070549834306,0.7907230246712293,0.7465548970861853,5.600069224770987,-160.40978992922305,0.8115523783535049,376,1161,9
1756,OR60 entry-2.50% persist-3m slow-30m/-1.50%,239259291625.18008,673.7138569448354,0.8419227209035609,0.8151449889950737,0.48009960153783116,-177.50298796781829,0.7914714810583519,376,1166,6
1757,OR60 entry-2.50% persist-3m slow-45m/-0.75%,78790780763.64212,576.8453503687703,0.8381320733420521,0.8206395554824343,0.8591643576887131,-274.3714945438834,0.6776714462552281,376,1129,27
1758,OR60 entry-2.50% persist-3m slow-45m/-1.00%,150882588760.4861,631.9278207861059,0.8044911356638359,0.7437690843254248,4.223258125510332,-219.2890241265477,0.7423817145570589,376,1140,20
1759,OR60 entry-2.50% persist-3m slow-45m/-1.25%,487220694919.24866,742.8953070957896,0.7766297006677759,0.7294871621055855,7.009401625116329,-108.32153781686407,0.8727450725813828,376,1150,14
1760,OR60 entry-2.50% persist-3m slow-45m/-1.50%,333420392638.0042,705.259839554106,0.7849704215612932,0.7395882009891606,6.1753295357646065,-145.9570053585477,0.8285313475281086,376,1157,11
1761,OR60 entry-2.50% persist-3m slow-60m/-0.75%,59117736573.746796,553.8315175060616,0.7952361888431879,0.7731228982584294,5.14875280757513,-297.38532740659207,0.6506350535895377,376,1122,30
1762,OR60 entry-2.50% persist-3m slow-60m/-1.00%,58554137946.27124,553.0777231445527,0.8204280569705793,0.801023751743546,2.6295659948359917,-298.13912176810095,0.6497495044301032,376,1129,25
1763,OR60 entry-2.50% persist-3m slow-60m/-1.25%,340449774327.09973,707.2855403265446,0.7053646085606491,0.6532510494674423,14.135910835829012,-143.93130458610904,0.8309111180701807,376,1140,19
1764,OR60 entry-2.50% persist-3m slow-60m/-1.50%,462942080529.2859,737.722872069381,0.7331142250621457,0.6767876992244612,11.360949185679347,-113.49397284327267,0.8666685539394857,376,1158,11
1765,OR60 entry-2.50% persist-5m slow-30m/-0.75%,61830312973.54071,557.3733855610553,0.8627315849192747,0.8444527809794491,-1.600786800033549,-293.8434593515983,0.6547960004459843,376,1138,22
1766,OR60 entry-2.50% persist-5m slow-30m/-1.00%,465614382229.1555,738.3037250025991,0.7218017286113795,0.6707139671489903,12.492198830755974,-112.91311991005455,0.8673509334491131,376,1155,12
1767,OR60 entry-2.50% persist-5m slow-30m/-1.25%,290250727482.98083,691.9255385685178,0.7907225279660343,0.7465542955508322,5.600118895290496,-159.29130634413582,0.8128663603215215,376,1161,9
1768,OR60 entry-2.50% persist-5m slow-30m/-1.50%,242045850116.40875,674.7934812181313,0.8420105790750216,0.8152506230680837,0.4713137843917581,-176.42336369452232,0.7927398115428205,376,1166,6
1769,OR60 entry-2.50% persist-5m slow-45m/-0.75%,63432944768.6705,559.4022457278412,0.839756102584085,0.8224442951736515,0.6967614334854266,-291.81459918481244,0.6571794826090918,376,1131,26
1770,OR60 entry-2.50% persist-5m slow-45m/-1.00%,150634460796.5827,631.782767999518,0.806509948060938,0.746416504281777,4.021376885800121,-219.43407691313564,0.7422113081706547,376,1140,20
1771,OR60 entry-2.50% persist-5m slow-45m/-1.25%,497207620561.62463,744.9573793103625,0.7766303022992324,0.7294878907119989,7.009341461970687,-106.25946560229113,0.87516757188564,376,1150,14
1772,OR60 entry-2.50% persist-5m slow-45m/-1.50%,337371759716.75824,706.4031008528221,0.7849696028848514,0.7395872095301876,6.1754114034087815,-144.8137440598315,0.8298744380761269,376,1157,11
1773,OR60 entry-2.50% persist-5m slow-60m/-0.75%,43184081968.06525,529.565555710073,0.8056497428456326,0.7846590956313606,4.10739740733066,-321.65128920258064,0.6221276739000784,376,1126,28
1774,OR60 entry-2.50% persist-5m slow-60m/-1.00%,44080335667.377495,531.1248359924502,0.8213236581451814,0.8020052396913875,2.540005877375784,-320.0920089202034,0.6239594988829795,376,1131,24
1775,OR60 entry-2.50% persist-5m slow-60m/-1.25%,294447673684.4848,693.2958071072429,0.7053668486462927,0.6502566492061778,14.13568682726465,-157.92103780541072,0.8144761364284143,376,1142,18
1776,OR60 entry-2.50% persist-5m slow-60m/-1.50%,468411088133.0836,738.9084867355697,0.7331130992089268,0.6767863357587264,11.361061771001246,-112.30835817708396,0.8680614007484682,376,1158,11
1777,OR60 entry-2.50% persist-10m slow-30m/-0.75%,53450602745.358536,545.9450084028252,0.863226062361081,0.8450122527278706,-1.6502345442141797,-305.2718365098284,0.6413700711701101,376,1138,22
1778,OR60 entry-2.50% persist-10m slow-30m/-1.00%,354258865973.13556,711.1601132509552,0.7217982139723458,0.6876426783293617,12.492550294659344,-140.05673166169845,0.835462922874758,376,1155,12
1779,OR60 entry-2.50% persist-10m slow-30m/-1.25%,263794667053.13742,682.8633164918938,0.7907234267955061,0.7465553840792172,5.6000290123433105,-168.35352842075986,0.8022201634907317,376,1161,9
1780,OR60 entry-2.50% persist-10m slow-30m/-1.50%,220280138448.83777,666.0515584812063,0.8412747485672002,0.8143861260686712,0.5448968351739025,-185.16528643144738,0.7824698987830206,376,1166,6
1781,OR60 entry-2.50% persist-10m slow-45m/-0.75%,49439900344.48136,539.9060829302781,0.8477600520167287,0.8313159900584001,-0.10363350977894425,-311.31076198237554,0.6342756092728402,376,1131,26
1782,OR60 entry-2.50% persist-10m slow-45m/-1.00%,143473959443.24213,627.5035147651406,0.8005593903051825,0.7401214728589222,4.6164326613756685,-223.71333014751303,0.7371840894778474,376,1143,19
1783,OR60 entry-2.50% persist-10m slow-45m/-1.25%,459193810912.4983,736.9031568113028,0.7766284853130769,0.7294856902489885,7.0095231605862285,-114.31368810135086,0.8657055616502972,376,1150,14
1784,OR60 entry-2.50% persist-10m slow-45m/-1.50%,306487425898.8475,697.133485244139,0.7849710298429478,0.7395889376493033,6.175268707599146,-154.08335966851462,0.818984597650525,376,1157,11
1785,OR60 entry-2.50% persist-10m slow-60m/-0.75%,36837174749.62298,517.6284876203271,0.8133293577631033,0.7931644260929722,3.3394359155835884,-333.5883572923266,0.6081041402246249,376,1126,28
1786,OR60 entry-2.50% persist-10m slow-60m/-1.00%,37764811622.365814,519.4810154583079,0.8274675632941304,0.8088201687580118,1.9256153624808814,-331.7358294543458,0.610280469146042,376,1131,24
1787,OR60 entry-2.50% persist-10m slow-60m/-1.25%,239897609630.27475,673.9621397111022,0.706203072876282,0.706203072876282,14.052064404265717,-177.25470520155147,0.7917631608667939,376,1142,18
1788,OR60 entry-2.50% persist-10m slow-60m/-1.50%,443389574760.7884,733.3808500754046,0.7331141400087144,0.6767875962204131,11.360957691022477,-117.83599483724902,0.8615675952120748,376,1158,11
1789,OR60 entry-2.50% persist-15m slow-30m/-0.75%,51949503709.05656,543.7330066797417,0.8615024904091326,0.8430520940700033,-1.4778773490193409,-307.4838382329119,0.6387714363612437,376,1138,22
1790,OR60 entry-2.50% persist-15m slow-30m/-1.00%,377960224400.6767,717.5108193021064,0.721800210916768,0.6677963813226204,12.492350600217117,-133.70602561054727,0.8429236610980515,376,1155,12
1791,OR60 entry-2.50% persist-15m slow-30m/-1.25%,265125381961.2679,683.337831946967,0.7907208572725432,0.7465522722557079,5.600285964639607,-167.87901296568668,0.8027776189239848,376,1161,9
1792,OR60 entry-2.50% persist-15m slow-30m/-1.50%,216706823511.25272,664.5443274569035,0.841811639795657,0.815016890049052,0.49120771232822324,-186.67251745575015,0.7806992206845892,376,1166,6
1793,OR60 entry-2.50% persist-15m slow-45m/-0.75%,50190124414.24454,541.0676813385091,0.8491458368123233,0.8328509294596385,-0.24221198933840338,-310.1491635741445,0.6356402420514011,376,1131,26
1794,OR60 entry-2.50% persist-15m slow-45m/-1.00%,159530709203.44296,636.8568027395709,0.7980013567974085,0.7401214729046703,4.872236012153075,-214.36004217308277,0.748172227260048,376,1143,19
1795,OR60 entry-2.50% persist-15m slow-45m/-1.25%,429863137520.3628,730.2773715061998,0.7766288326066044,0.7294861108391832,7.009488431233479,-120.93947340645389,0.8579216634054465,376,1151,13
1796,OR60 entry-2.50% persist-15m slow-45m/-1.50%,312266234275.07007,698.9285894452039,0.7849703466214542,0.7395881102331892,6.175337029748507,-152.28825546744974,0.8210934659275022,376,1157,11
1797,OR60 entry-2.50% persist-15m slow-60m/-0.75%,34771646045.07964,513.3514668098612,0.8210540889834422,0.8017116827298565,2.5669627935496986,-337.8653781027924,0.6030795441583843,376,1126,28
1798,OR60 entry-2.50% persist-15m slow-60m/-1.00%,37176802567.886475,518.3114500457777,0.8334957397953318,0.8155031502527237,1.322797712360746,-332.9053948668759,0.6089064768202085,376,1131,24
1799,OR60 entry-2.50% persist-15m slow-60m/-1.25%,269237885707.67215,684.7911707706788,0.7117786785690192,0.6607672581213598,13.494503834991999,-166.4256741419748,0.8044849850697535,376,1142,18
1800,OR60 entry-2.50% persist-15m slow-60m/-1.50%,480934556141.6779,741.5782151597543,0.7331143251755983,0.676787820466964,11.360939174334096,-109.6386297528993,0.8711977677507666,376,1158,11
